{
    "features": [
        "age",
        "income",
        "credit_history_months",
        "num_credit_accounts",
        "debt_ratio",
        "num_late_payments"
    ],
    "means": [
        33.71204081632653,
        3142.9372472184195,
        32.67306122448979,
        2.726530612244898,
        0.3421508740102015,
        1.5673469387755101
    ],
    "scales": [
        9.775277955146588,
        1739.7855186869183,
        33.18780893728111,
        1.7005131890713896,
        0.19394932709543317,
        1.5314909042621074
    ],
    "coefs": [
        0.35040862346963164,
        0.6578123678635274,
        0.40440611833726114,
        0.22966313352192982,
        -0.742082716270213,
        -0.9984769472049088
    ],
    "intercept": -0.5984832925687965
}