applicant_id,age,income,credit_history_months,num_credit_accounts,debt_ratio,num_late_payments,status,target,true_good
1,18,20058.78,21,4,0.387,3,rejected,,0
2,56,40337.95,222,2,0.523,1,approved,0.0,0
3,51,23457.24,236,1,0.275,3,approved,1.0,1
4,21,70667.93,48,2,0.148,1,rejected,,1
5,69,27287.08,3,2,0.148,1,rejected,,0
6,30,20731.57,151,1,0.51,1,rejected,,1
7,32,19529.22,213,3,0.124,0,approved,1.0,1
8,28,79431.59,38,4,0.573,1,rejected,,1
9,37,40492.79,210,3,0.224,1,approved,1.0,1
10,28,28714.92,59,1,0.329,2,rejected,,0
11,37,51412.09,17,4,0.504,0,approved,0.0,0
12,64,35327.94,117,5,0.141,4,approved,1.0,1
13,43,35568.36,132,0,0.492,0,approved,1.0,1
14,70,59614.17,117,5,0.526,0,approved,1.0,1
15,43,52747.3,238,4,0.307,0,approved,1.0,1
16,33,16232.03,65,6,0.197,2,rejected,,0
17,62,37381.32,124,3,0.457,1,approved,1.0,1
18,64,56510.83,138,4,0.245,2,approved,0.0,0
19,67,42794.6,85,1,0.346,0,approved,1.0,1
20,68,39352.86,43,0,0.273,2,rejected,,0
21,19,12783.17,64,3,0.121,1,rejected,,1
22,47,62587.93,104,1,0.171,1,approved,1.0,1
23,33,25776.93,105,4,0.084,0,approved,0.0,0
24,31,36763.08,125,3,0.157,1,approved,1.0,1
25,31,55844.14,77,7,0.404,3,rejected,,0
26,64,62462.03,66,1,0.319,1,rejected,,0
27,63,24668.54,98,3,0.096,2,approved,1.0,1
28,30,45328.28,239,4,0.096,3,approved,1.0,1
29,41,29413.27,101,1,0.256,1,approved,1.0,1
30,60,35118.2,183,2,0.231,1,approved,1.0,1
31,26,38107.48,127,2,0.19,2,rejected,,0
32,53,63379.64,204,3,0.147,1,approved,1.0,1
33,43,29180.52,127,1,0.587,3,rejected,,0
34,70,82308.52,84,5,0.466,1,approved,1.0,1
35,60,43823.18,232,2,0.415,3,approved,1.0,1
36,31,11385.69,177,0,0.142,1,approved,0.0,0
37,65,35821.48,169,2,0.266,2,approved,1.0,1
38,63,15535.3,171,2,0.452,2,rejected,,1
39,30,43550.01,28,1,0.614,2,rejected,,1
40,47,36756.93,138,2,0.29,1,approved,1.0,1
41,63,36964.24,92,0,0.259,0,approved,1.0,1
42,31,111885.31,161,3,0.331,1,approved,1.0,1
43,31,30156.73,226,2,0.078,0,approved,1.0,1
44,27,45421.38,161,2,0.146,2,approved,1.0,1
45,18,176563.78,139,2,0.441,0,approved,1.0,1
46,46,64160.66,202,2,0.089,3,approved,1.0,1
47,18,42622.84,36,1,0.242,2,rejected,,1
48,51,47434.59,56,4,0.175,0,rejected,,1
49,41,33641.97,143,2,0.516,2,approved,1.0,1
50,28,56265.53,147,4,0.239,0,approved,1.0,1
51,38,20509.42,210,4,0.456,0,approved,1.0,1
52,18,40176.81,64,8,0.317,1,rejected,,1
53,26,25802.43,194,3,0.113,1,approved,1.0,1
54,44,46923.07,80,6,0.22,2,approved,0.0,0
55,22,72050.37,189,1,0.104,0,approved,1.0,1
56,59,19129.02,173,3,0.156,1,approved,0.0,0
57,32,37764.9,87,0,0.537,4,rejected,,0
58,70,46207.06,95,3,0.406,1,approved,1.0,1
59,27,27320.7,153,3,0.105,1,approved,1.0,1
60,53,40688.01,51,4,0.229,0,rejected,,0
61,47,54363.78,43,4,0.183,3,approved,0.0,0
62,70,42103.62,45,6,0.268,1,approved,1.0,1
63,53,29195.92,214,3,0.354,0,approved,1.0,1
64,67,61327.07,220,1,0.305,0,approved,1.0,1
65,44,83352.47,50,6,0.089,1,approved,1.0,1
66,30,40574.61,3,6,0.177,1,rejected,,1
67,28,64031.6,71,4,0.174,0,approved,0.0,0
68,67,43872.63,211,4,0.09,0,approved,1.0,1
69,29,19744.05,239,1,0.205,2,approved,1.0,1
70,59,56630.7,25,0,0.26,1,rejected,,0
71,48,66546.5,237,3,0.149,0,approved,1.0,1
72,33,70416.08,100,3,0.255,0,approved,1.0,1
73,41,35199.8,229,3,0.16,6,approved,0.0,0
74,63,143801.02,31,4,0.264,5,rejected,,0
75,43,51212.44,49,4,0.355,1,rejected,,0
76,67,37537.63,10,3,0.196,2,rejected,,1
77,71,20135.39,166,1,0.23,2,approved,1.0,1
78,35,24017.77,191,6,0.57,1,approved,0.0,0
79,47,26983.36,36,1,0.376,2,rejected,,1
80,48,19586.33,94,1,0.259,2,approved,0.0,0
81,48,88348.52,220,5,0.375,0,approved,1.0,1
82,22,54301.24,174,2,0.508,3,rejected,,0
83,39,12807.61,223,2,0.297,0,approved,1.0,1
84,51,37702.6,127,3,0.382,2,approved,0.0,0
85,70,42584.79,235,2,0.255,0,approved,1.0,1
86,31,37624.22,193,3,0.264,2,approved,1.0,1
87,54,146519.14,120,10,0.268,0,approved,1.0,1
88,61,26257.77,72,1,0.576,4,rejected,,0
89,70,85016.14,236,0,0.142,1,approved,1.0,1
90,27,34819.06,9,3,0.155,0,rejected,,0
91,56,113780.08,8,4,0.124,3,approved,1.0,1
92,35,8202.53,58,6,0.052,2,rejected,,1
93,43,41074.35,34,6,0.356,1,rejected,,0
94,18,102243.14,6,1,0.185,1,approved,0.0,0
95,59,49552.1,196,3,0.047,1,approved,1.0,1
96,19,20416.74,11,3,0.294,1,rejected,,1
97,39,15067.84,37,3,0.023,0,rejected,,1
98,46,24558.98,158,1,0.477,1,approved,1.0,1
99,56,19904.71,67,3,0.27,0,rejected,,1
100,44,18405.88,12,1,0.092,0,rejected,,0
101,65,86009.41,89,2,0.192,0,approved,1.0,1
102,25,36360.0,32,4,0.132,3,rejected,,0
103,32,22931.16,228,2,0.207,0,approved,0.0,0
104,32,20555.1,88,2,0.299,2,rejected,,0
105,39,18181.75,125,5,0.06,1,approved,0.0,0
106,18,48001.9,144,6,0.25,0,approved,1.0,1
107,42,41934.51,203,1,0.385,0,approved,0.0,0
108,39,24290.91,100,4,0.254,1,approved,0.0,0
109,51,85017.45,138,4,0.12,1,approved,1.0,1
110,50,23086.17,96,4,0.109,3,rejected,,0
111,34,26315.95,1,1,0.754,2,rejected,,0
112,42,40421.06,47,3,0.354,2,rejected,,0
113,46,21180.21,30,3,0.175,0,rejected,,1
114,65,45067.35,211,1,0.577,1,approved,1.0,1
115,22,17782.9,159,4,0.172,1,approved,1.0,1
116,53,23766.66,228,1,0.427,4,approved,0.0,0
117,22,80538.91,231,3,0.256,1,approved,1.0,1
118,33,39446.5,191,3,0.344,2,rejected,,1
119,43,44666.63,233,5,0.557,2,approved,1.0,1
120,64,27858.45,59,3,0.12,1,approved,0.0,0
121,37,55134.39,94,4,0.259,2,rejected,,1
122,46,34153.54,185,3,0.259,0,approved,0.0,0
123,50,21643.69,107,1,0.135,2,approved,1.0,1
124,61,78020.12,194,3,0.573,3,approved,1.0,1
125,40,42479.12,200,2,0.051,0,approved,1.0,1
126,50,63654.84,234,5,0.152,2,approved,1.0,1
127,65,32545.16,136,2,0.223,2,approved,1.0,1
128,42,23509.35,214,2,0.333,0,approved,1.0,1
129,71,45831.81,158,2,0.032,3,approved,1.0,1
130,40,46437.37,74,3,0.422,0,approved,0.0,0
131,42,46878.75,75,1,0.303,1,approved,1.0,1
132,19,51343.83,236,5,0.117,1,approved,1.0,1
133,48,25553.76,59,7,0.185,3,approved,0.0,0
134,44,95657.22,128,3,0.165,0,approved,1.0,1
135,41,51487.07,109,2,0.269,0,approved,1.0,1
136,53,56596.87,132,2,0.24,2,approved,1.0,1
137,49,14216.15,127,5,0.326,1,approved,0.0,0
138,71,16474.97,171,2,0.202,1,rejected,,1
139,41,21688.8,214,2,0.053,0,approved,1.0,1
140,42,15835.68,219,6,0.219,2,approved,1.0,1
141,64,31338.74,139,2,0.266,4,rejected,,1
142,45,44580.71,28,1,0.099,2,approved,1.0,1
143,32,41711.76,147,1,0.242,2,approved,0.0,0
144,47,52217.41,189,2,0.538,0,approved,0.0,0
145,46,129418.28,144,2,0.313,1,approved,1.0,1
146,41,19640.83,93,4,0.192,2,rejected,,1
147,48,23698.93,196,2,0.253,1,approved,1.0,1
148,50,62642.33,158,1,0.423,0,approved,1.0,1
149,73,27035.34,200,1,0.461,1,approved,1.0,1
150,22,18474.92,239,5,0.362,1,approved,1.0,1
151,70,23517.88,237,2,0.062,1,approved,1.0,1
152,45,40877.05,115,9,0.287,3,rejected,,0
153,39,37740.14,112,2,0.073,1,approved,1.0,1
154,52,36584.84,201,2,0.239,1,approved,1.0,1
155,24,43128.61,53,6,0.161,1,approved,1.0,1
156,60,45019.05,211,1,0.48,0,approved,1.0,1
157,23,19748.17,202,5,0.059,0,approved,1.0,1
158,42,26334.38,59,3,0.301,3,rejected,,0
159,29,52246.88,71,1,0.23,2,approved,0.0,0
160,35,44209.09,12,5,0.686,1,rejected,,0
161,44,18961.63,139,4,0.258,1,approved,1.0,1
162,18,33990.26,24,2,0.094,1,rejected,,0
163,68,40242.24,175,2,0.418,2,approved,1.0,1
164,61,18833.99,207,1,0.62,1,approved,0.0,0
165,72,8438.13,94,6,0.419,2,approved,1.0,1
166,22,22329.57,215,4,0.076,2,approved,1.0,1
167,28,61032.63,162,3,0.617,1,approved,1.0,1
168,45,18193.73,177,1,0.052,1,approved,1.0,1
169,66,40261.23,18,2,0.121,0,approved,0.0,0
170,35,19544.63,51,1,0.472,2,rejected,,0
171,35,28037.06,167,3,0.334,1,approved,1.0,1
172,65,102779.56,224,2,0.17,4,approved,1.0,1
173,18,47872.26,190,3,0.165,2,approved,1.0,1
174,72,90664.74,237,7,0.165,0,approved,1.0,1
175,28,10033.65,44,1,0.1,1,approved,0.0,0
176,36,36438.74,92,3,0.358,0,approved,1.0,1
177,36,54982.56,148,5,0.386,1,rejected,,1
178,69,43987.05,134,3,0.326,1,approved,1.0,1
179,64,37788.08,47,2,0.08,0,approved,1.0,1
180,37,23470.69,162,5,0.34,0,approved,1.0,1
181,37,73032.48,177,7,0.611,1,approved,1.0,1
182,64,28076.56,202,2,0.761,2,approved,0.0,0
183,34,84612.09,146,4,0.049,1,approved,0.0,0
184,63,38438.34,226,5,0.687,1,approved,0.0,0
185,64,66595.18,68,5,0.181,3,rejected,,0
186,55,21043.58,40,4,0.574,2,rejected,,0
187,60,38408.46,215,2,0.336,0,approved,1.0,1
188,31,55767.84,233,5,0.338,2,approved,1.0,1
189,50,23733.93,228,7,0.2,0,approved,1.0,1
190,25,20780.86,83,6,0.263,1,rejected,,1
191,21,27076.52,87,3,0.108,2,rejected,,0
192,42,27678.86,230,3,0.063,2,approved,1.0,1
193,34,89886.1,222,1,0.244,1,approved,1.0,1
194,26,12085.99,96,4,0.069,1,approved,1.0,1
195,47,26196.54,55,0,0.295,0,rejected,,0
196,67,80351.13,100,3,0.118,0,approved,0.0,0
197,32,33341.13,141,4,0.421,0,approved,1.0,1
198,28,73799.77,150,2,0.315,0,approved,0.0,0
199,67,36227.57,33,1,0.327,2,rejected,,0
200,19,28931.2,145,5,0.118,0,approved,1.0,1
201,51,89166.04,89,5,0.367,2,approved,1.0,1
202,49,49903.0,1,4,0.133,4,rejected,,0
203,44,35145.06,122,3,0.336,0,approved,0.0,0
204,42,19960.28,7,2,0.148,0,rejected,,1
205,19,32160.94,166,6,0.199,0,approved,1.0,1
206,66,25076.91,153,3,0.336,0,approved,1.0,1
207,21,21293.62,109,4,0.08,0,approved,1.0,1
208,27,62388.8,171,4,0.196,3,approved,0.0,0
209,68,20843.74,26,5,0.206,1,rejected,,0
210,38,18877.58,48,6,0.336,0,rejected,,0
211,44,64898.63,217,2,0.299,1,approved,1.0,1
212,54,35338.64,200,3,0.098,2,approved,0.0,0
213,50,13402.9,101,4,0.439,1,approved,1.0,1
214,71,45404.98,153,1,0.328,1,approved,1.0,1
215,71,22490.38,76,9,0.096,0,approved,1.0,1
216,32,34697.23,116,4,0.165,2,approved,0.0,0
217,61,46507.06,69,1,0.34,1,approved,0.0,0
218,57,92630.43,172,4,0.35,0,approved,1.0,1
219,32,50104.26,168,3,0.247,1,approved,1.0,1
220,26,20241.29,181,1,0.094,0,approved,1.0,1
221,64,70484.01,23,3,0.115,1,rejected,,1
222,60,26897.52,174,1,0.353,3,approved,0.0,0
223,39,21473.94,179,6,0.129,2,approved,1.0,1
224,34,48136.57,155,2,0.206,0,approved,1.0,1
225,57,44313.19,205,2,0.3,0,approved,1.0,1
226,31,18036.85,233,1,0.165,1,approved,1.0,1
227,44,54199.08,152,2,0.284,1,approved,1.0,1
228,31,33818.71,138,2,0.375,2,approved,0.0,0
229,53,92211.99,117,4,0.207,1,approved,1.0,1
230,39,17675.97,14,4,0.057,1,rejected,,1
231,55,26886.24,175,3,0.339,2,approved,0.0,0
232,36,65030.55,84,5,0.192,2,rejected,,1
233,53,39392.68,96,2,0.565,1,rejected,,0
234,52,31474.85,19,2,0.319,1,rejected,,0
235,43,45826.62,129,2,0.455,1,approved,1.0,1
236,49,9701.95,147,3,0.132,1,approved,1.0,1
237,28,41357.6,189,2,0.26,1,approved,1.0,1
238,60,28964.18,79,1,0.489,0,approved,1.0,1
239,59,15000.2,221,5,0.104,1,approved,1.0,1
240,34,48779.47,38,3,0.212,3,rejected,,1
241,42,30106.12,162,5,0.318,1,approved,1.0,1
242,72,67345.97,76,4,0.349,2,rejected,,1
243,25,46579.82,165,1,0.183,2,approved,1.0,1
244,48,37325.46,228,2,0.075,0,approved,1.0,1
245,48,36999.43,204,3,0.374,1,approved,1.0,1
246,56,61176.57,96,2,0.296,1,rejected,,0
247,43,15329.68,18,3,0.131,2,rejected,,1
248,57,78100.92,58,2,0.112,0,approved,1.0,1
249,24,51094.18,26,5,0.08,1,approved,0.0,0
250,26,85458.03,1,4,0.031,1,approved,0.0,0
251,48,30656.06,61,3,0.355,1,approved,0.0,0
252,26,29929.75,9,4,0.272,1,rejected,,0
253,19,22542.29,231,3,0.473,4,approved,1.0,1
254,44,54499.48,38,3,0.37,0,rejected,,1
255,57,24581.32,82,0,0.306,0,rejected,,0
256,47,52580.34,13,2,0.164,3,rejected,,0
257,67,43233.47,184,4,0.434,0,approved,0.0,0
258,33,31536.88,171,6,0.342,0,approved,0.0,0
259,43,35209.19,203,6,0.219,1,approved,1.0,1
260,28,55366.8,83,6,0.177,0,approved,0.0,0
261,32,33523.59,57,2,0.097,2,approved,1.0,1
262,46,49849.08,76,4,0.219,1,approved,1.0,1
263,52,12650.8,128,3,0.336,0,approved,1.0,1
264,55,21406.13,165,1,0.346,2,approved,0.0,0
265,32,27288.73,124,6,0.42,0,approved,1.0,1
266,31,60027.57,30,4,0.244,2,approved,1.0,1
267,41,27455.34,119,4,0.302,1,rejected,,1
268,30,49149.58,213,1,0.24,3,approved,1.0,1
269,30,27892.58,58,6,0.263,1,rejected,,0
270,72,21426.51,6,5,0.346,0,approved,1.0,1
271,37,31574.44,1,1,0.013,3,rejected,,1
272,59,32261.59,163,1,0.191,1,approved,0.0,0
273,36,51418.75,130,5,0.502,0,approved,1.0,1
274,19,53916.16,187,1,0.176,1,approved,1.0,1
275,20,57321.11,66,2,0.507,0,approved,1.0,1
276,73,73248.65,136,2,0.114,2,approved,1.0,1
277,38,38970.58,170,1,0.183,0,approved,1.0,1
278,18,18061.47,185,4,0.081,1,approved,1.0,1
279,39,20669.36,234,2,0.453,0,approved,1.0,1
280,33,31123.17,34,4,0.101,4,rejected,,0
281,56,68348.19,233,6,0.093,1,approved,1.0,1
282,70,22702.5,199,4,0.134,0,approved,1.0,1
283,68,20581.44,25,4,0.161,0,rejected,,0
284,22,44442.7,180,3,0.412,1,approved,1.0,1
285,18,27586.7,78,4,0.196,1,rejected,,0
286,66,61483.3,62,5,0.264,3,rejected,,0
287,28,28811.34,7,4,0.193,1,rejected,,0
288,26,33004.79,203,2,0.471,0,approved,1.0,1
289,71,35246.41,10,2,0.232,2,rejected,,1
290,28,33302.92,145,4,0.453,2,rejected,,0
291,66,25361.7,62,4,0.308,1,approved,0.0,0
292,62,22519.79,66,4,0.057,2,rejected,,1
293,29,47217.77,5,5,0.391,4,rejected,,0
294,69,31438.36,80,5,0.494,3,approved,1.0,1
295,53,34739.73,209,3,0.243,0,approved,1.0,1
296,44,18170.55,197,2,0.427,2,approved,1.0,1
297,45,35443.66,78,1,0.293,0,approved,1.0,1
298,20,44768.43,80,4,0.136,1,approved,1.0,1
299,67,50916.94,98,2,0.103,2,approved,0.0,0
300,35,93948.71,136,1,0.388,0,approved,1.0,1
301,33,29699.17,32,4,0.05,1,rejected,,1
302,18,35524.93,102,7,0.479,4,rejected,,0
303,32,20611.3,212,4,0.092,2,approved,1.0,1
304,37,16878.46,208,0,0.071,0,approved,1.0,1
305,20,57002.48,175,1,0.414,2,approved,1.0,1
306,55,18182.76,58,0,0.113,0,approved,1.0,1
307,26,41182.06,209,1,0.23,1,approved,1.0,1
308,33,53661.99,107,3,0.039,1,approved,1.0,1
309,45,87970.81,76,6,0.511,0,approved,1.0,1
310,55,56368.79,87,3,0.797,1,approved,0.0,0
311,28,62278.2,42,3,0.126,0,approved,0.0,0
312,70,52526.22,105,3,0.213,2,approved,0.0,0
313,47,63675.94,145,4,0.108,0,approved,1.0,1
314,44,26147.71,232,1,0.095,0,approved,1.0,1
315,60,110791.23,210,4,0.019,1,approved,1.0,1
316,29,27569.33,220,4,0.283,1,approved,1.0,1
317,34,26928.24,197,1,0.456,0,approved,1.0,1
318,70,72627.53,44,3,0.645,3,rejected,,0
319,58,119826.38,42,1,0.144,2,approved,0.0,0
320,71,57266.96,217,3,0.371,2,approved,1.0,1
321,53,56888.74,70,4,0.171,0,approved,1.0,1
322,25,27336.82,238,6,0.159,0,approved,1.0,1
323,61,32034.52,73,2,0.306,3,rejected,,0
324,69,22356.6,174,2,0.151,0,approved,0.0,0
325,25,25025.96,68,2,0.586,1,rejected,,1
326,34,88866.03,67,0,0.258,0,approved,1.0,1
327,62,18422.91,124,3,0.091,0,approved,0.0,0
328,25,57791.33,197,2,0.062,0,approved,1.0,1
329,73,66799.97,16,2,0.368,1,rejected,,0
330,24,33686.18,137,1,0.302,3,rejected,,0
331,19,40957.69,227,2,0.289,1,approved,1.0,1
332,61,6105.3,215,1,0.04,2,approved,1.0,1
333,18,40504.32,227,3,0.266,2,approved,1.0,1
334,23,23261.8,165,3,0.09,2,approved,1.0,1
335,56,11837.54,225,2,0.073,0,approved,1.0,1
336,61,45872.42,36,3,0.077,3,rejected,,0
337,68,23450.23,101,5,0.109,2,approved,0.0,0
338,31,33913.85,126,1,0.164,1,approved,1.0,1
339,64,35269.89,122,4,0.136,2,approved,1.0,1
340,41,50799.47,188,1,0.356,0,approved,1.0,1
341,62,32395.17,49,2,0.24,1,rejected,,0
342,26,30784.22,107,3,0.27,1,approved,1.0,1
343,59,28749.52,90,2,0.311,1,approved,0.0,0
344,55,32583.76,131,4,0.199,2,approved,0.0,0
345,41,57663.05,216,6,0.543,2,approved,1.0,1
346,44,55924.1,191,1,0.116,1,approved,1.0,1
347,27,28568.39,47,1,0.535,2,rejected,,0
348,40,35542.56,137,3,0.154,0,approved,1.0,1
349,52,32190.88,76,6,0.448,1,approved,0.0,0
350,63,20364.52,61,2,0.248,0,approved,1.0,1
351,52,105912.02,57,3,0.648,1,approved,1.0,1
352,44,24912.56,202,2,0.207,3,approved,1.0,1
353,58,49396.33,159,4,0.333,1,approved,1.0,1
354,57,37861.93,129,6,0.348,1,approved,1.0,1
355,71,60376.46,55,4,0.309,0,approved,1.0,1
356,62,11106.04,17,2,0.2,0,rejected,,1
357,22,52484.62,82,7,0.182,0,approved,1.0,1
358,53,48138.54,159,1,0.148,0,approved,1.0,1
359,58,9728.18,78,3,0.087,0,approved,1.0,1
360,72,41796.25,157,5,0.292,1,approved,1.0,1
361,61,50139.5,210,4,0.349,0,approved,1.0,1
362,49,19977.72,161,3,0.244,0,approved,0.0,0
363,20,28041.76,165,5,0.573,1,rejected,,1
364,30,32434.65,117,0,0.069,0,approved,1.0,1
365,61,24212.29,27,4,0.219,0,approved,0.0,0
366,48,30480.29,90,3,0.125,2,approved,1.0,1
367,57,89790.41,89,2,0.451,1,approved,1.0,1
368,31,49221.96,220,2,0.242,0,approved,1.0,1
369,63,41391.5,8,4,0.425,0,rejected,,0
370,22,56430.81,95,5,0.021,2,approved,1.0,1
371,73,24248.23,30,4,0.525,0,rejected,,0
372,61,17556.83,164,1,0.097,0,approved,1.0,1
373,57,30283.94,79,5,0.178,0,approved,0.0,0
374,33,39943.0,145,4,0.152,2,approved,0.0,0
375,63,41451.58,73,3,0.253,1,approved,0.0,0
376,35,28849.59,90,5,0.504,0,approved,0.0,0
377,66,14716.3,77,1,0.142,2,rejected,,1
378,74,44428.6,60,3,0.283,2,rejected,,0
379,66,23198.04,137,7,0.349,0,approved,1.0,1
380,40,25009.0,162,4,0.415,2,approved,1.0,1
381,69,54433.79,57,3,0.293,2,rejected,,1
382,43,35923.34,144,3,0.112,1,approved,1.0,1
383,64,81542.5,2,4,0.44,2,rejected,,0
384,70,33868.99,20,3,0.026,0,approved,1.0,1
385,39,34670.31,136,2,0.166,1,approved,1.0,1
386,63,31749.47,5,5,0.111,2,rejected,,0
387,74,36826.81,59,4,0.463,0,approved,1.0,1
388,66,30640.12,102,4,0.509,1,rejected,,0
389,29,34807.25,155,2,0.1,2,approved,1.0,1
390,44,29988.24,41,7,0.323,0,approved,0.0,0
391,43,45603.08,128,2,0.4,0,approved,0.0,0
392,30,53674.85,179,6,0.053,2,approved,1.0,1
393,30,29205.96,58,2,0.055,0,approved,1.0,1
394,21,29985.72,117,6,0.152,1,approved,0.0,0
395,57,47682.58,96,3,0.104,0,approved,1.0,1
396,22,83724.89,2,1,0.178,1,approved,1.0,1
397,25,25385.12,49,4,0.162,3,rejected,,0
398,25,33671.43,222,3,0.212,1,approved,1.0,1
399,47,43009.78,188,1,0.277,1,approved,0.0,0
400,33,128560.19,225,2,0.015,1,approved,1.0,1
401,43,22834.36,63,4,0.353,3,rejected,,0
402,62,102554.19,110,0,0.291,1,approved,0.0,0
403,38,60776.32,185,4,0.546,2,approved,0.0,0
404,31,42596.57,214,3,0.21,2,approved,1.0,1
405,22,14913.86,82,0,0.194,1,rejected,,0
406,42,24914.98,125,5,0.551,0,approved,0.0,0
407,64,32678.29,135,3,0.488,0,approved,1.0,1
408,44,59785.13,228,3,0.116,2,approved,1.0,1
409,33,31416.96,32,2,0.405,2,rejected,,0
410,35,49843.42,117,2,0.24,2,approved,0.0,0
411,18,40609.18,115,4,0.405,0,approved,0.0,0
412,28,28638.37,125,5,0.569,1,rejected,,0
413,23,44924.65,10,0,0.178,1,approved,1.0,1
414,33,48009.13,169,2,0.245,1,approved,0.0,0
415,71,24038.68,34,7,0.157,0,rejected,,0
416,66,38738.92,66,0,0.107,1,approved,1.0,1
417,61,97135.04,14,3,0.699,1,approved,0.0,0
418,74,60895.5,53,3,0.182,2,approved,0.0,0
419,35,95397.82,221,6,0.086,1,approved,1.0,1
420,39,38299.56,94,4,0.3,1,rejected,,0
421,20,28318.01,69,1,0.273,4,rejected,,1
422,44,23991.49,141,7,0.49,1,rejected,,1
423,47,27543.25,52,2,0.401,0,rejected,,0
424,37,134105.67,134,5,0.44,2,approved,0.0,0
425,56,19160.46,237,2,0.229,4,approved,1.0,1
426,38,19023.14,102,2,0.219,2,approved,1.0,1
427,43,15092.73,180,3,0.191,2,approved,0.0,0
428,57,36232.89,172,4,0.139,0,approved,1.0,1
429,57,36030.7,110,2,0.082,1,approved,1.0,1
430,59,32837.66,36,3,0.219,2,rejected,,0
431,57,43337.22,95,4,0.236,0,approved,0.0,0
432,36,37075.06,136,1,0.248,2,approved,1.0,1
433,30,19909.23,114,3,0.37,1,approved,0.0,0
434,26,32428.43,49,2,0.104,2,rejected,,0
435,36,71374.15,193,2,0.173,1,approved,1.0,1
436,58,25049.43,234,4,0.165,2,approved,0.0,0
437,66,53898.01,192,1,0.184,0,approved,1.0,1
438,43,31174.82,133,1,0.357,2,approved,0.0,0
439,22,52427.38,112,3,0.207,2,approved,1.0,1
440,70,39181.92,165,3,0.709,3,approved,1.0,1
441,65,29922.89,230,4,0.265,1,approved,1.0,1
442,41,30958.29,208,3,0.269,2,approved,0.0,0
443,53,40970.98,59,3,0.451,2,rejected,,0
444,19,42992.88,231,4,0.204,1,approved,1.0,1
445,41,62509.34,90,4,0.619,1,approved,1.0,1
446,59,15715.06,180,1,0.254,2,approved,0.0,0
447,60,36078.01,95,4,0.154,0,approved,1.0,1
448,74,35574.89,144,3,0.278,0,approved,1.0,1
449,46,37534.53,192,5,0.24,2,rejected,,0
450,44,21812.24,234,1,0.272,2,approved,0.0,0
451,48,22035.71,149,7,0.106,1,approved,1.0,1
452,72,46003.17,166,3,0.127,2,approved,1.0,1
453,24,40470.47,68,2,0.023,2,approved,0.0,0
454,27,59886.58,171,2,0.665,0,approved,1.0,1
455,63,10577.52,11,0,0.131,0,rejected,,1
456,30,67665.87,171,1,0.129,1,approved,0.0,0
457,53,38837.56,226,2,0.096,1,approved,0.0,0
458,37,50237.62,208,5,0.302,3,approved,0.0,0
459,61,67305.38,85,4,0.419,0,approved,1.0,1
460,41,58350.98,201,1,0.515,1,approved,1.0,1
461,27,31906.02,187,1,0.577,2,approved,1.0,1
462,69,31107.93,165,4,0.419,2,approved,0.0,0
463,18,44582.39,36,1,0.195,0,approved,1.0,1
464,73,40745.59,66,3,0.659,2,rejected,,1
465,20,63712.06,82,1,0.483,1,approved,1.0,1
466,47,10432.16,122,1,0.112,3,rejected,,0
467,70,40481.65,208,1,0.331,1,approved,1.0,1
468,57,82875.76,82,5,0.509,2,approved,1.0,1
469,30,54219.94,116,3,0.218,1,approved,1.0,1
470,53,41186.88,124,5,0.327,0,approved,1.0,1
471,29,61731.33,53,2,0.01,0,approved,1.0,1
472,67,20628.34,205,1,0.631,0,approved,1.0,1
473,21,37408.13,123,1,0.429,2,rejected,,1
474,24,49321.18,101,5,0.274,1,approved,0.0,0
475,58,69273.09,181,1,0.338,2,approved,0.0,0
476,50,33380.61,60,4,0.265,2,rejected,,0
477,60,30819.31,34,3,0.172,2,rejected,,0
478,64,30335.77,56,2,0.395,1,approved,0.0,0
479,22,37806.12,103,2,0.089,3,approved,1.0,1
480,62,22312.49,104,2,0.124,2,approved,0.0,0
481,39,45929.58,66,2,0.223,1,approved,1.0,1
482,61,52859.45,173,4,0.093,1,approved,1.0,1
483,29,68550.92,127,7,0.123,0,approved,0.0,0
484,73,79871.12,237,1,0.765,0,approved,1.0,1
485,45,19604.7,34,3,0.243,2,rejected,,0
486,19,55860.3,18,4,0.242,2,rejected,,0
487,58,22771.56,41,6,0.298,0,approved,1.0,1
488,24,24228.24,2,2,0.313,2,rejected,,1
489,52,50549.32,75,3,0.34,1,approved,0.0,0
490,26,33361.15,147,0,0.289,3,rejected,,0
491,30,76006.28,214,3,0.191,0,approved,1.0,1
492,51,31120.28,14,4,0.325,1,rejected,,0
493,51,60643.35,202,5,0.371,0,approved,1.0,1
494,42,47450.94,68,5,0.261,1,rejected,,0
495,34,75091.2,152,5,0.387,1,approved,0.0,0
496,21,41150.14,78,6,0.305,2,rejected,,1
497,37,39973.61,184,5,0.299,2,approved,1.0,1
498,33,22849.38,172,4,0.234,0,approved,1.0,1
499,74,28949.27,218,1,0.111,1,approved,1.0,1
500,40,32013.43,6,3,0.475,3,rejected,,0
501,48,16068.47,150,2,0.277,1,approved,1.0,1
502,46,30853.72,236,0,0.303,3,approved,1.0,1
503,70,24073.3,170,3,0.195,2,approved,1.0,1
504,61,35612.81,61,3,0.202,3,rejected,,1
505,49,31633.99,143,1,0.303,2,approved,0.0,0
506,45,105292.42,174,3,0.213,0,approved,1.0,1
507,69,21128.29,20,3,0.231,2,rejected,,0
508,65,18343.26,130,4,0.53,1,approved,1.0,1
509,57,16688.52,100,5,0.127,1,approved,1.0,1
510,48,32996.07,15,5,0.259,1,rejected,,1
511,24,51746.96,206,7,0.156,0,approved,1.0,1
512,38,44415.68,87,5,0.324,1,rejected,,1
513,58,43776.93,184,6,0.149,3,approved,0.0,0
514,63,126560.01,37,4,0.273,1,approved,1.0,1
515,56,79880.26,36,3,0.499,0,approved,1.0,1
516,28,83903.44,213,3,0.729,0,approved,0.0,0
517,30,41179.74,94,8,0.238,2,rejected,,0
518,68,44383.47,68,4,0.365,1,approved,0.0,0
519,38,79994.62,227,2,0.096,0,approved,0.0,0
520,56,28909.9,164,2,0.608,0,approved,0.0,0
521,29,45869.98,162,0,0.254,3,approved,0.0,0
522,72,13653.81,88,3,0.399,4,rejected,,0
523,33,16511.72,238,3,0.223,1,approved,1.0,1
524,29,30918.02,39,1,0.372,0,rejected,,0
525,33,58963.91,41,2,0.103,0,approved,0.0,0
526,31,19220.99,129,6,0.49,1,rejected,,0
527,23,51863.66,181,3,0.071,1,approved,1.0,1
528,44,46964.31,98,3,0.271,2,rejected,,0
529,50,22935.69,191,2,0.507,2,approved,0.0,0
530,26,35566.2,145,4,0.159,1,approved,1.0,1
531,44,68551.39,209,4,0.144,0,approved,1.0,1
532,20,90860.7,69,7,0.293,5,rejected,,0
533,49,48535.42,115,1,0.137,2,rejected,,1
534,38,56307.78,219,6,0.038,2,approved,1.0,1
535,56,13701.67,72,4,0.366,0,approved,1.0,1
536,60,35592.76,185,3,0.124,3,approved,0.0,0
537,27,26808.38,64,2,0.159,0,approved,1.0,1
538,68,40850.97,46,2,0.304,2,rejected,,1
539,63,56012.19,200,3,0.417,1,approved,1.0,1
540,31,21010.22,97,2,0.38,1,approved,0.0,0
541,43,57952.94,112,4,0.167,2,approved,1.0,1
542,71,21814.78,62,4,0.161,1,rejected,,1
543,68,13345.43,13,2,0.301,0,rejected,,0
544,22,57340.77,206,2,0.29,1,approved,1.0,1
545,68,79810.33,237,6,0.345,1,approved,0.0,0
546,22,71484.72,137,3,0.614,1,approved,1.0,1
547,36,27585.51,153,1,0.409,2,approved,0.0,0
548,58,47039.55,137,3,0.13,1,approved,1.0,1
549,64,17932.2,207,3,0.222,0,approved,1.0,1
550,21,38966.35,208,2,0.094,3,approved,1.0,1
551,72,74467.74,2,3,0.231,2,rejected,,1
552,73,99511.76,191,3,0.633,2,approved,0.0,0
553,39,18821.82,12,5,0.254,2,rejected,,1
554,33,33529.77,74,1,0.443,1,rejected,,0
555,24,39273.56,157,1,0.389,2,rejected,,1
556,25,43986.19,7,4,0.043,2,rejected,,1
557,21,56747.08,93,1,0.159,1,approved,1.0,1
558,61,24278.91,209,1,0.067,1,approved,1.0,1
559,42,42102.05,11,3,0.323,0,rejected,,1
560,42,22355.35,200,3,0.229,2,approved,1.0,1
561,32,104609.46,35,3,0.373,0,approved,1.0,1
562,69,14810.46,3,4,0.289,0,approved,0.0,0
563,47,12532.69,86,3,0.073,1,approved,1.0,1
564,46,18517.43,42,3,0.24,1,rejected,,0
565,39,28102.01,130,1,0.488,1,approved,0.0,0
566,18,39019.41,89,2,0.2,0,approved,1.0,1
567,27,46679.0,189,2,0.156,1,approved,1.0,1
568,27,37052.95,213,6,0.286,3,approved,0.0,0
569,42,44533.12,0,1,0.239,1,rejected,,1
570,23,43210.53,93,5,0.328,0,approved,1.0,1
571,69,13580.52,8,1,0.074,1,rejected,,1
572,28,20248.86,112,7,0.125,2,approved,0.0,0
573,51,39293.47,111,4,0.307,1,approved,0.0,0
574,33,24210.8,24,3,0.536,0,rejected,,1
575,22,29134.94,175,7,0.178,0,approved,1.0,1
576,22,35464.84,87,3,0.128,0,approved,1.0,1
577,45,53010.92,10,3,0.366,1,rejected,,0
578,68,61030.73,95,3,0.045,2,approved,1.0,1
579,59,58648.86,41,1,0.405,0,approved,1.0,1
580,56,33543.81,223,2,0.127,1,approved,1.0,1
581,53,152003.46,116,2,0.06,0,approved,1.0,1
582,43,42745.12,151,3,0.232,1,approved,1.0,1
583,57,35077.63,9,1,0.144,2,rejected,,0
584,69,29310.06,16,1,0.197,1,rejected,,0
585,48,53803.35,236,7,0.025,0,approved,1.0,1
586,52,56579.86,123,4,0.27,1,approved,1.0,1
587,28,38475.78,187,2,0.09,2,approved,1.0,1
588,56,30893.32,25,2,0.242,1,rejected,,1
589,24,28094.34,116,1,0.325,0,approved,1.0,1
590,58,58175.56,196,2,0.282,1,approved,1.0,1
591,74,104085.67,239,3,0.073,2,approved,1.0,1
592,43,26615.5,193,1,0.166,1,approved,1.0,1
593,47,19421.12,34,1,0.429,0,approved,0.0,0
594,34,23828.59,194,2,0.236,5,rejected,,0
595,60,55565.73,202,3,0.783,1,approved,1.0,1
596,68,24836.39,64,3,0.068,0,rejected,,0
597,27,40445.57,31,3,0.439,1,rejected,,1
598,39,69393.53,35,2,0.207,1,approved,1.0,1
599,38,22731.62,124,6,0.415,1,approved,1.0,1
600,42,34595.86,13,2,0.493,0,rejected,,0
601,19,35401.44,78,2,0.11,1,rejected,,0
602,33,47328.86,162,4,0.174,1,approved,1.0,1
603,46,51797.1,90,0,0.418,0,approved,1.0,1
604,49,15518.02,214,4,0.282,0,approved,1.0,1
605,61,54788.1,145,2,0.332,4,rejected,,1
606,48,27970.51,46,2,0.348,1,rejected,,1
607,20,18811.25,151,4,0.235,1,approved,1.0,1
608,42,37210.88,69,1,0.193,2,approved,0.0,0
609,42,37853.53,105,4,0.391,1,approved,1.0,1
610,38,60116.12,45,1,0.155,1,approved,0.0,0
611,34,24683.6,50,3,0.354,0,approved,1.0,1
612,48,65857.2,123,4,0.167,3,approved,0.0,0
613,44,46606.09,101,2,0.185,1,approved,1.0,1
614,39,28264.01,171,5,0.147,3,approved,1.0,1
615,74,40959.7,202,3,0.602,1,approved,1.0,1
616,62,49756.82,73,2,0.51,1,rejected,,1
617,26,55210.31,142,10,0.6,0,approved,1.0,1
618,26,37322.38,190,1,0.383,3,approved,0.0,0
619,33,38497.62,189,1,0.067,0,approved,1.0,1
620,59,63918.81,15,3,0.164,2,rejected,,1
621,29,45479.07,98,6,0.127,1,approved,1.0,1
622,29,23130.93,190,7,0.178,4,approved,0.0,0
623,74,22025.21,162,1,0.33,0,approved,1.0,1
624,71,45263.21,33,2,0.265,0,rejected,,0
625,58,44793.85,113,3,0.459,1,rejected,,0
626,39,30574.36,105,3,0.316,3,rejected,,0
627,54,46451.46,185,4,0.456,0,approved,1.0,1
628,36,48646.74,179,2,0.523,2,approved,1.0,1
629,18,21754.62,99,0,0.475,1,approved,0.0,0
630,69,89043.28,128,3,0.296,1,approved,0.0,0
631,74,28783.0,24,2,0.226,0,approved,0.0,0
632,20,44205.48,224,2,0.321,2,approved,0.0,0
633,50,17366.54,215,2,0.494,0,approved,1.0,1
634,73,17843.96,29,6,0.203,0,rejected,,0
635,64,23412.98,89,5,0.46,0,approved,0.0,0
636,70,17166.5,195,3,0.331,1,approved,1.0,1
637,63,23435.29,69,2,0.535,0,rejected,,0
638,55,36273.84,70,3,0.556,0,approved,0.0,0
639,47,29424.9,218,3,0.398,1,approved,0.0,0
640,50,46094.58,156,5,0.633,4,rejected,,0
641,19,47903.08,74,2,0.422,2,rejected,,1
642,47,29228.03,44,8,0.224,2,rejected,,0
643,19,22023.25,232,3,0.134,1,approved,1.0,1
644,22,51544.31,49,4,0.19,1,approved,1.0,1
645,65,21626.47,47,4,0.443,1,rejected,,1
646,23,40296.82,35,4,0.137,1,approved,0.0,0
647,50,38955.51,239,4,0.17,0,approved,1.0,1
648,57,53220.11,211,4,0.268,2,approved,1.0,1
649,19,17760.88,39,3,0.403,2,rejected,,0
650,72,59818.56,89,4,0.179,3,rejected,,0
651,41,56749.47,219,4,0.605,2,rejected,,0
652,47,41431.28,29,3,0.692,4,rejected,,0
653,71,36658.81,186,1,0.155,1,approved,1.0,1
654,18,54310.14,184,3,0.082,1,approved,1.0,1
655,25,11435.8,176,3,0.353,1,approved,0.0,0
656,65,64988.22,137,3,0.206,2,approved,1.0,1
657,35,30720.31,145,1,0.032,0,approved,1.0,1
658,65,44266.42,210,4,0.158,1,approved,1.0,1
659,70,16344.54,25,4,0.611,2,rejected,,0
660,37,28658.18,43,2,0.457,1,approved,0.0,0
661,18,41161.23,115,5,0.36,1,approved,1.0,1
662,56,15084.46,29,3,0.398,4,rejected,,0
663,63,70702.71,152,4,0.336,3,approved,1.0,1
664,26,56197.97,56,7,0.395,1,rejected,,0
665,32,71250.97,119,2,0.124,2,approved,1.0,1
666,27,50315.1,217,3,0.144,1,approved,0.0,0
667,52,44397.69,4,4,0.515,2,rejected,,0
668,58,29937.88,33,1,0.615,1,rejected,,0
669,19,40389.81,97,4,0.471,0,approved,0.0,0
670,47,37426.41,32,4,0.12,1,approved,0.0,0
671,59,78891.6,147,3,0.218,1,approved,1.0,1
672,51,21841.51,238,2,0.14,1,approved,1.0,1
673,74,36270.92,206,7,0.047,1,approved,1.0,1
674,47,35838.39,44,4,0.262,1,approved,1.0,1
675,71,38117.79,34,5,0.25,2,rejected,,0
676,71,26209.13,189,3,0.136,1,approved,1.0,1
677,28,47626.92,86,3,0.083,0,approved,1.0,1
678,62,46429.51,218,7,0.276,3,approved,0.0,0
679,53,21166.49,166,1,0.193,2,approved,0.0,0
680,69,15868.47,159,3,0.25,1,approved,1.0,1
681,32,49716.49,208,3,0.331,0,approved,1.0,1
682,34,21697.81,80,2,0.206,0,approved,1.0,1
683,41,42358.15,85,3,0.193,1,approved,0.0,0
684,73,31853.29,63,3,0.407,4,rejected,,0
685,74,40349.05,121,4,0.338,0,approved,1.0,1
686,64,21815.77,178,0,0.181,2,approved,1.0,1
687,20,23399.46,176,3,0.389,0,approved,1.0,1
688,23,52221.89,133,0,0.056,1,approved,1.0,1
689,56,10757.22,210,1,0.212,3,approved,0.0,0
690,22,58839.82,98,3,0.132,2,approved,1.0,1
691,73,49023.55,239,2,0.235,1,approved,1.0,1
692,28,53683.03,66,4,0.406,0,approved,1.0,1
693,71,25223.31,56,1,0.215,1,rejected,,1
694,37,26084.36,195,3,0.103,2,approved,0.0,0
695,32,24453.37,147,2,0.14,1,approved,1.0,1
696,30,33384.8,188,1,0.373,2,approved,1.0,1
697,61,64716.03,43,2,0.411,1,rejected,,1
698,20,57080.61,104,3,0.188,0,approved,1.0,1
699,51,52971.23,124,3,0.111,3,approved,0.0,0
700,43,20064.86,128,1,0.223,1,approved,0.0,0
701,49,85330.51,33,2,0.396,1,approved,1.0,1
702,32,18391.93,23,4,0.669,0,rejected,,0
703,21,52333.99,29,2,0.568,2,rejected,,0
704,44,45210.33,92,3,0.189,1,approved,1.0,1
705,36,19566.88,175,4,0.119,2,approved,0.0,0
706,62,22317.93,17,4,0.366,1,rejected,,1
707,37,22601.53,135,4,0.075,0,approved,1.0,1
708,36,21055.93,206,4,0.241,1,approved,0.0,0
709,39,41096.59,118,3,0.46,1,approved,1.0,1
710,20,58462.82,203,3,0.198,0,approved,1.0,1
711,46,22385.11,219,2,0.31,0,approved,0.0,0
712,65,41771.67,32,3,0.156,1,approved,1.0,1
713,46,27354.81,183,4,0.217,0,approved,1.0,1
714,45,138482.29,64,3,0.215,0,approved,1.0,1
715,46,68215.53,132,2,0.42,1,approved,1.0,1
716,31,55379.12,49,3,0.388,1,approved,0.0,0
717,24,53186.61,8,1,0.053,2,rejected,,1
718,70,54516.84,95,5,0.249,2,approved,0.0,0
719,62,23332.13,75,2,0.412,4,rejected,,1
720,59,53088.47,156,1,0.318,0,approved,1.0,1
721,21,15684.19,116,3,0.22,2,rejected,,1
722,42,19523.96,169,4,0.021,0,approved,1.0,1
723,18,40577.03,181,4,0.186,0,approved,1.0,1
724,37,43774.69,64,5,0.295,0,approved,0.0,0
725,23,32776.64,15,2,0.086,1,approved,1.0,1
726,22,59425.47,66,3,0.252,0,approved,1.0,1
727,44,27609.51,98,2,0.233,0,approved,0.0,0
728,34,70168.53,159,0,0.581,2,approved,1.0,1
729,73,44400.01,63,2,0.238,0,approved,1.0,1
730,58,43460.96,132,3,0.198,1,approved,0.0,0
731,38,25289.18,120,5,0.187,1,approved,0.0,0
732,22,19538.12,233,1,0.225,2,approved,1.0,1
733,54,53442.87,12,4,0.295,1,approved,1.0,1
734,39,29096.88,171,2,0.489,4,approved,1.0,1
735,39,12299.5,20,4,0.164,1,rejected,,0
736,51,44087.12,53,2,0.32,1,rejected,,0
737,41,29251.27,203,3,0.4,1,approved,1.0,1
738,60,35540.9,68,3,0.517,5,rejected,,0
739,68,33683.69,166,3,0.299,1,approved,0.0,0
740,60,13368.33,158,2,0.107,0,approved,1.0,1
741,74,36995.82,105,1,0.196,0,approved,1.0,1
742,34,57763.42,166,4,0.296,0,approved,1.0,1
743,35,28099.83,183,1,0.33,1,approved,1.0,1
744,36,60708.04,143,4,0.074,0,approved,1.0,1
745,28,36590.28,133,5,0.099,1,approved,0.0,0
746,26,41076.06,27,5,0.646,1,rejected,,1
747,28,44046.74,176,3,0.056,2,approved,0.0,0
748,59,29423.67,120,2,0.415,0,approved,0.0,0
749,46,110640.93,178,4,0.48,2,approved,1.0,1
750,33,47261.94,209,3,0.153,0,approved,0.0,0
751,55,28451.33,209,1,0.128,1,approved,1.0,1
752,45,50384.13,220,5,0.28,1,approved,1.0,1
753,18,42985.82,35,4,0.523,2,rejected,,0
754,69,38121.85,152,2,0.339,1,approved,1.0,1
755,39,37735.83,65,3,0.099,2,approved,0.0,0
756,18,50584.61,90,5,0.122,2,approved,1.0,1
757,28,19221.22,22,2,0.551,1,rejected,,0
758,66,25546.04,161,4,0.004,2,approved,1.0,1
759,54,19384.57,71,1,0.092,2,approved,1.0,1
760,60,19128.94,192,3,0.284,0,approved,0.0,0
761,36,10757.49,63,2,0.492,0,approved,0.0,0
762,54,32134.83,206,2,0.154,2,approved,1.0,1
763,35,29015.73,231,3,0.452,2,approved,1.0,1
764,41,21151.46,126,2,0.526,1,approved,1.0,1
765,27,30346.46,149,3,0.142,1,approved,1.0,1
766,53,79674.87,30,3,0.247,3,approved,0.0,0
767,52,54938.79,125,0,0.19,2,approved,0.0,0
768,72,12002.72,208,4,0.093,1,approved,1.0,1
769,56,31634.6,197,1,0.503,3,rejected,,0
770,23,64862.44,195,5,0.23,3,approved,0.0,0
771,33,37168.59,116,2,0.183,2,approved,0.0,0
772,21,41073.3,185,4,0.669,1,approved,0.0,0
773,34,40252.61,149,0,0.041,0,approved,1.0,1
774,37,22139.48,197,3,0.397,2,approved,1.0,1
775,71,49722.63,85,5,0.382,1,approved,1.0,1
776,23,59726.72,24,1,0.114,2,rejected,,0
777,47,28381.05,113,4,0.658,2,approved,0.0,0
778,70,40960.9,231,2,0.19,2,approved,1.0,1
779,35,27193.49,43,6,0.401,3,rejected,,0
780,62,45049.58,148,3,0.044,0,approved,1.0,1
781,36,76097.06,53,5,0.171,2,approved,1.0,1
782,27,65785.18,226,2,0.155,0,approved,1.0,1
783,51,15868.4,104,5,0.388,2,rejected,,0
784,39,25296.41,207,6,0.502,1,approved,1.0,1
785,18,28290.48,161,5,0.22,1,approved,1.0,1
786,41,53682.84,53,2,0.251,1,rejected,,0
787,40,35402.44,7,4,0.292,2,rejected,,0
788,72,36934.29,49,2,0.02,0,approved,1.0,1
789,66,21041.68,60,3,0.05,0,approved,1.0,1
790,36,73652.98,28,3,0.254,0,approved,1.0,1
791,60,45588.59,33,1,0.21,0,approved,0.0,0
792,45,15322.8,197,2,0.195,2,approved,1.0,1
793,69,69386.55,133,3,0.522,1,approved,1.0,1
794,48,22060.13,26,3,0.188,2,rejected,,0
795,22,43988.45,90,5,0.742,1,rejected,,1
796,62,26252.19,221,3,0.431,1,approved,1.0,1
797,56,30715.65,157,2,0.222,1,rejected,,1
798,67,79400.86,91,4,0.495,0,approved,1.0,1
799,58,33798.44,114,1,0.129,0,approved,1.0,1
800,56,34209.76,47,3,0.191,1,rejected,,1
801,38,35808.24,31,2,0.521,1,approved,1.0,1
802,38,42224.95,222,1,0.18,1,approved,1.0,1
803,39,64966.99,48,3,0.339,1,approved,1.0,1
804,31,58918.6,159,5,0.098,2,approved,1.0,1
805,58,45569.22,11,3,0.42,3,rejected,,0
806,40,64976.42,154,3,0.093,3,approved,1.0,1
807,72,39319.6,197,5,0.206,1,approved,1.0,1
808,50,56633.92,173,3,0.112,0,approved,1.0,1
809,35,56420.33,210,1,0.361,2,approved,0.0,0
810,61,44899.08,112,4,0.222,2,approved,1.0,1
811,44,42109.48,128,5,0.2,0,approved,1.0,1
812,72,53770.97,95,2,0.478,2,rejected,,1
813,63,35264.45,53,2,0.07,2,approved,1.0,1
814,67,90092.03,101,2,0.114,0,approved,1.0,1
815,73,44198.08,32,2,0.317,2,rejected,,1
816,62,56205.87,122,2,0.484,0,approved,1.0,1
817,71,18996.82,55,6,0.227,0,approved,0.0,0
818,69,53518.19,149,5,0.419,0,approved,0.0,0
819,26,49593.54,214,5,0.685,1,approved,0.0,0
820,57,48578.1,96,5,0.092,1,approved,0.0,0
821,49,95066.25,98,3,0.284,1,approved,0.0,0
822,71,45841.51,62,1,0.204,2,rejected,,1
823,61,49962.73,120,2,0.436,0,approved,0.0,0
824,47,45705.09,206,1,0.109,1,approved,1.0,1
825,54,58388.81,192,3,0.321,0,approved,1.0,1
826,23,23507.38,96,1,0.334,2,approved,1.0,1
827,38,18007.28,58,4,0.14,2,rejected,,0
828,59,39985.86,192,3,0.617,1,approved,0.0,0
829,42,67574.78,87,3,0.329,2,rejected,,1
830,72,20927.42,214,3,0.163,3,approved,1.0,1
831,55,44943.54,45,3,0.3,1,approved,0.0,0
832,19,36390.41,134,3,0.49,1,approved,1.0,1
833,27,15092.32,201,1,0.272,1,approved,0.0,0
834,53,41483.3,141,1,0.299,1,approved,0.0,0
835,63,25961.35,165,4,0.173,0,approved,1.0,1
836,35,17294.81,110,2,0.085,2,approved,1.0,1
837,40,94276.01,219,3,0.7,1,approved,1.0,1
838,41,32604.12,167,2,0.195,2,approved,1.0,1
839,32,61897.2,44,3,0.234,1,approved,1.0,1
840,70,26616.82,9,4,0.13,2,rejected,,0
841,46,64092.46,121,4,0.321,0,approved,0.0,0
842,37,35186.95,43,1,0.092,0,approved,1.0,1
843,71,44163.49,2,7,0.61,4,rejected,,0
844,53,51965.94,76,6,0.273,1,approved,0.0,0
845,18,30558.43,70,7,0.127,1,approved,0.0,0
846,42,22580.97,231,4,0.241,1,approved,1.0,1
847,56,43642.41,222,4,0.17,0,approved,0.0,0
848,70,25877.85,103,8,0.317,1,approved,0.0,0
849,47,29277.33,116,6,0.192,2,approved,0.0,0
850,39,48839.27,153,2,0.146,0,approved,1.0,1
851,36,38954.99,124,8,0.516,2,approved,0.0,0
852,23,27798.78,227,2,0.22,4,approved,1.0,1
853,23,24846.56,84,5,0.127,1,rejected,,0
854,41,36138.05,214,5,0.247,1,approved,1.0,1
855,62,150921.88,83,8,0.456,0,approved,1.0,1
856,41,19761.53,144,3,0.346,1,approved,0.0,0
857,25,32994.7,158,4,0.338,2,approved,0.0,0
858,68,30595.02,31,2,0.509,1,rejected,,1
859,64,39861.57,140,3,0.259,1,approved,1.0,1
860,36,45200.33,166,1,0.159,1,approved,1.0,1
861,37,32967.21,170,5,0.444,2,approved,1.0,1
862,34,31313.98,174,4,0.103,0,approved,0.0,0
863,26,71638.77,151,5,0.097,1,approved,1.0,1
864,41,33372.38,24,6,0.081,2,rejected,,0
865,44,43511.08,157,1,0.068,0,approved,0.0,0
866,57,13292.03,130,4,0.038,0,approved,1.0,1
867,28,18638.76,209,2,0.408,0,approved,1.0,1
868,42,40804.5,139,4,0.343,0,approved,1.0,1
869,18,24836.79,165,3,0.324,0,rejected,,1
870,47,33522.65,217,4,0.381,2,approved,1.0,1
871,41,56001.99,91,5,0.323,2,rejected,,0
872,58,50628.78,62,2,0.457,3,rejected,,0
873,50,37273.46,148,0,0.446,1,approved,1.0,1
874,19,14519.96,205,4,0.415,1,approved,0.0,0
875,25,61086.65,111,3,0.183,1,approved,0.0,0
876,25,36656.16,126,4,0.152,4,rejected,,0
877,65,36223.87,3,1,0.347,1,rejected,,1
878,59,42940.22,226,0,0.345,0,approved,0.0,0
879,27,33250.03,13,1,0.228,0,rejected,,1
880,69,15176.11,179,1,0.292,0,approved,0.0,0
881,48,66416.66,107,2,0.65,0,approved,1.0,1
882,67,23636.06,146,1,0.256,4,rejected,,0
883,29,17587.37,104,2,0.358,2,rejected,,0
884,58,64382.14,32,5,0.458,1,approved,0.0,0
885,54,37311.53,61,2,0.067,1,rejected,,1
886,73,46691.92,53,4,0.457,0,rejected,,0
887,42,19998.73,177,9,0.109,0,approved,0.0,0
888,66,45820.34,107,9,0.139,2,approved,1.0,1
889,21,51504.42,237,3,0.845,1,approved,1.0,1
890,57,106998.35,176,2,0.217,1,approved,1.0,1
891,49,25568.96,178,1,0.098,0,approved,1.0,1
892,54,15719.74,150,5,0.482,0,approved,1.0,1
893,63,20506.18,29,2,0.217,0,rejected,,0
894,66,27066.05,126,3,0.174,3,rejected,,1
895,22,119359.67,237,2,0.21,1,approved,1.0,1
896,68,26961.09,74,1,0.032,2,approved,0.0,0
897,44,66776.66,14,4,0.36,0,approved,1.0,1
898,33,48144.53,36,3,0.164,3,rejected,,1
899,21,22571.32,55,3,0.308,0,approved,0.0,0
900,66,47530.05,145,3,0.629,2,rejected,,1
901,58,31313.51,233,1,0.199,0,approved,0.0,0
902,51,22990.0,93,2,0.174,0,approved,0.0,0
903,20,86519.51,26,1,0.486,1,approved,0.0,0
904,18,22730.59,175,0,0.521,1,approved,1.0,1
905,34,36949.72,17,2,0.404,1,rejected,,0
906,29,59822.72,231,3,0.402,1,approved,1.0,1
907,61,29688.38,168,4,0.153,1,approved,1.0,1
908,62,54205.79,222,1,0.103,0,approved,1.0,1
909,29,38941.53,186,2,0.364,1,approved,1.0,1
910,37,24368.25,84,8,0.402,2,rejected,,1
911,21,95867.71,83,6,0.295,0,approved,0.0,0
912,66,58685.03,141,4,0.227,0,approved,0.0,0
913,20,82555.69,232,6,0.186,3,approved,1.0,1
914,52,58768.32,129,4,0.462,1,rejected,,0
915,53,39950.83,27,0,0.154,0,approved,0.0,0
916,74,33282.45,98,3,0.2,1,approved,1.0,1
917,43,17332.09,88,1,0.679,0,rejected,,0
918,61,30138.59,224,0,0.304,1,approved,1.0,1
919,33,50734.16,209,3,0.234,1,approved,1.0,1
920,23,27720.08,63,7,0.265,1,approved,0.0,0
921,65,28790.61,125,4,0.716,0,approved,0.0,0
922,65,48885.8,92,3,0.251,0,approved,1.0,1
923,70,48584.85,91,2,0.68,0,approved,0.0,0
924,55,17452.53,43,1,0.128,1,approved,1.0,1
925,24,22761.22,54,2,0.283,0,rejected,,1
926,30,22388.63,195,3,0.069,1,approved,1.0,1
927,50,19680.08,48,0,0.257,3,rejected,,1
928,47,55380.97,97,2,0.455,0,approved,1.0,1
929,23,48720.8,5,1,0.121,2,rejected,,0
930,27,65681.73,70,1,0.22,2,rejected,,0
931,53,24142.62,16,3,0.088,0,approved,1.0,1
932,39,25342.8,192,6,0.252,1,approved,1.0,1
933,69,17948.9,211,1,0.621,0,approved,1.0,1
934,60,107631.01,166,3,0.071,2,approved,0.0,0
935,44,35750.15,149,3,0.056,2,approved,0.0,0
936,43,20019.69,15,4,0.413,0,rejected,,0
937,23,16249.13,222,5,0.385,2,approved,1.0,1
938,55,25336.96,38,3,0.526,1,rejected,,1
939,64,25909.79,150,5,0.437,3,approved,1.0,1
940,69,43625.31,93,5,0.334,2,rejected,,1
941,31,70359.93,231,1,0.023,1,approved,1.0,1
942,57,38035.22,99,2,0.162,0,approved,1.0,1
943,39,42020.63,181,0,0.207,0,approved,1.0,1
944,23,30844.58,199,6,0.148,0,approved,1.0,1
945,26,68503.61,65,6,0.468,0,approved,1.0,1
946,41,40974.31,207,2,0.036,2,approved,0.0,0
947,18,31763.73,119,4,0.221,0,approved,1.0,1
948,36,135980.94,138,4,0.184,2,approved,1.0,1
949,45,24699.59,58,3,0.464,0,rejected,,0
950,45,50018.33,83,5,0.368,2,approved,0.0,0
951,67,24500.9,164,4,0.366,0,approved,1.0,1
952,69,36434.62,121,3,0.4,1,approved,1.0,1
953,40,23730.61,88,3,0.218,2,rejected,,1
954,37,64657.86,119,3,0.345,2,approved,1.0,1
955,73,32386.24,49,4,0.541,2,rejected,,0
956,60,40468.3,62,3,0.479,4,rejected,,0
957,27,69262.56,20,5,0.205,1,approved,1.0,1
958,44,71325.8,4,0,0.085,0,approved,1.0,1
959,51,45446.8,183,1,0.235,1,approved,1.0,1
960,65,22238.19,65,2,0.57,0,approved,0.0,0
961,47,14354.64,65,2,0.166,2,approved,0.0,0
962,31,32482.72,220,0,0.289,2,approved,1.0,1
963,72,24740.17,27,0,0.619,1,rejected,,0
964,47,48415.97,8,3,0.255,2,rejected,,1
965,49,17360.69,11,3,0.24,1,rejected,,0
966,54,50998.51,135,4,0.19,0,approved,0.0,0
967,71,13597.5,6,2,0.502,3,rejected,,0
968,39,35682.06,116,1,0.063,4,rejected,,0
969,67,69509.26,88,5,0.582,2,rejected,,1
970,50,35451.73,111,3,0.194,0,approved,0.0,0
971,68,35447.91,137,1,0.459,2,rejected,,0
972,34,78213.98,46,1,0.032,1,approved,0.0,0
973,67,13573.55,214,4,0.158,1,approved,1.0,1
974,74,38210.51,111,1,0.523,0,approved,0.0,0
975,46,81945.83,167,3,0.351,0,approved,1.0,1
976,57,23493.16,8,3,0.057,4,rejected,,0
977,65,41968.0,123,3,0.255,1,approved,1.0,1
978,53,47630.86,21,3,0.437,2,rejected,,1
979,71,44041.74,210,6,0.561,1,approved,1.0,1
980,71,44506.48,19,4,0.145,0,rejected,,1
981,27,79597.98,213,3,0.162,1,approved,1.0,1
982,43,17094.08,207,3,0.145,1,approved,0.0,0
983,64,55973.24,196,4,0.286,4,approved,1.0,1
984,73,73602.29,239,4,0.688,4,approved,0.0,0
985,69,68932.76,8,7,0.52,2,rejected,,0
986,23,35361.91,66,3,0.371,1,rejected,,1
987,64,37267.95,129,9,0.326,1,approved,0.0,0
988,74,26679.09,32,2,0.077,1,approved,1.0,1
989,24,46989.99,148,3,0.149,3,approved,1.0,1
990,59,36791.92,62,4,0.552,1,rejected,,1
991,44,31006.97,135,2,0.224,1,approved,1.0,1
992,51,24541.39,112,7,0.456,0,rejected,,1
993,73,33187.38,147,1,0.543,1,rejected,,1
994,38,112112.16,69,4,0.27,1,approved,0.0,0
995,33,23732.36,118,2,0.308,1,rejected,,1
996,29,18446.17,98,2,0.054,0,approved,1.0,1
997,29,35705.2,96,2,0.221,0,approved,0.0,0
998,74,20295.45,75,3,0.715,0,rejected,,0
999,32,11543.86,35,4,0.144,2,rejected,,0
1000,31,28026.32,61,3,0.475,2,rejected,,0
1001,46,22732.45,150,4,0.33,2,approved,1.0,1
1002,68,33777.92,136,4,0.462,1,approved,0.0,0
1003,65,32557.39,117,3,0.226,1,approved,0.0,0
1004,21,48749.62,201,3,0.444,0,approved,1.0,1
1005,24,17530.13,143,1,0.123,1,approved,1.0,1
1006,63,29411.18,145,3,0.251,1,approved,1.0,1
1007,59,27622.53,118,3,0.251,1,approved,1.0,1
1008,67,28742.63,108,6,0.146,3,approved,1.0,1
1009,28,73706.67,2,6,0.439,0,approved,0.0,0
1010,31,77979.35,106,2,0.352,2,approved,1.0,1
1011,74,37970.67,214,0,0.16,2,approved,1.0,1
1012,73,43172.86,28,1,0.247,2,rejected,,0
1013,55,49164.53,201,4,0.2,0,approved,1.0,1
1014,39,51989.19,199,2,0.519,2,approved,1.0,1
1015,61,54963.91,193,3,0.192,1,approved,1.0,1
1016,27,20221.73,30,2,0.247,3,rejected,,0
1017,54,46648.0,132,7,0.513,0,approved,1.0,1
1018,41,56617.89,95,2,0.5,0,rejected,,1
1019,66,16677.06,1,2,0.275,2,rejected,,1
1020,73,33977.95,214,5,0.28,0,approved,1.0,1
1021,42,14272.74,81,3,0.265,3,rejected,,1
1022,24,12943.2,49,6,0.39,2,rejected,,0
1023,74,29870.7,223,2,0.323,0,approved,1.0,1
1024,57,55045.91,48,3,0.062,1,rejected,,1
1025,32,65213.54,139,3,0.286,1,approved,1.0,1
1026,25,38932.17,198,2,0.086,0,approved,0.0,0
1027,39,19961.59,60,5,0.053,0,approved,1.0,1
1028,57,55852.42,186,3,0.482,4,approved,0.0,0
1029,35,26319.39,34,2,0.45,3,rejected,,1
1030,26,34784.71,200,5,0.261,2,approved,0.0,0
1031,39,33205.29,153,4,0.265,1,approved,1.0,1
1032,71,66070.43,206,5,0.334,1,approved,1.0,1
1033,35,74642.06,47,2,0.249,1,approved,1.0,1
1034,70,46968.0,88,2,0.104,2,approved,1.0,1
1035,41,57299.92,24,7,0.237,0,approved,0.0,0
1036,74,35324.34,198,2,0.086,1,approved,1.0,1
1037,71,20941.44,192,0,0.668,0,approved,1.0,1
1038,68,33958.51,105,2,0.668,1,approved,1.0,1
1039,21,63596.36,136,1,0.431,1,approved,1.0,1
1040,39,33102.3,180,3,0.192,0,approved,0.0,0
1041,64,28298.87,234,2,0.165,3,approved,1.0,1
1042,44,30720.26,36,2,0.393,0,rejected,,0
1043,52,22089.19,83,4,0.053,0,approved,0.0,0
1044,35,54696.97,90,4,0.131,2,rejected,,0
1045,54,77592.89,82,2,0.095,1,approved,0.0,0
1046,46,24112.88,124,3,0.186,2,approved,1.0,1
1047,65,47621.54,0,5,0.076,2,rejected,,0
1048,31,17673.62,230,0,0.21,4,approved,1.0,1
1049,29,58428.48,204,3,0.266,2,approved,1.0,1
1050,72,33520.05,37,2,0.082,2,rejected,,1
1051,46,23749.48,204,4,0.158,0,approved,1.0,1
1052,41,27051.26,179,4,0.704,2,approved,0.0,0
1053,25,30752.95,176,1,0.666,0,approved,1.0,1
1054,37,42217.71,141,3,0.093,0,approved,1.0,1
1055,63,21570.06,173,1,0.298,0,approved,1.0,1
1056,71,28193.54,206,3,0.467,2,approved,1.0,1
1057,22,20198.48,68,0,0.205,0,approved,1.0,1
1058,37,55185.16,159,3,0.411,1,approved,1.0,1
1059,24,41932.94,139,1,0.13,1,rejected,,0
1060,42,47712.22,102,4,0.428,2,rejected,,0
1061,21,28835.83,65,3,0.138,0,approved,0.0,0
1062,53,87686.82,0,2,0.435,0,rejected,,0
1063,44,25421.15,96,5,0.059,0,approved,1.0,1
1064,59,22847.69,233,6,0.076,1,approved,1.0,1
1065,24,51065.84,90,7,0.274,1,approved,1.0,1
1066,42,19619.71,237,4,0.452,1,approved,1.0,1
1067,61,61837.53,33,4,0.267,1,rejected,,1
1068,30,43178.87,155,4,0.306,0,approved,0.0,0
1069,34,43497.25,106,3,0.113,0,approved,1.0,1
1070,53,61500.16,91,3,0.149,0,approved,1.0,1
1071,62,66415.97,104,1,0.208,0,approved,0.0,0
1072,27,40627.51,64,2,0.274,6,rejected,,1
1073,40,42330.09,198,4,0.23,2,approved,1.0,1
1074,53,26595.15,96,3,0.395,1,rejected,,0
1075,70,12048.49,190,4,0.208,4,approved,0.0,0
1076,54,29452.72,137,2,0.231,2,rejected,,1
1077,47,15490.4,85,4,0.405,2,rejected,,1
1078,54,32354.83,176,1,0.198,1,approved,1.0,1
1079,23,70211.6,186,2,0.223,1,approved,1.0,1
1080,38,33280.61,98,4,0.429,1,approved,1.0,1
1081,50,47243.82,25,3,0.064,2,rejected,,1
1082,40,31190.22,17,4,0.295,1,rejected,,1
1083,23,40710.45,212,3,0.385,1,approved,1.0,1
1084,33,33176.95,169,1,0.108,0,approved,1.0,1
1085,20,62159.69,9,1,0.613,2,rejected,,0
1086,62,38096.33,225,2,0.383,0,approved,0.0,0
1087,51,14099.95,234,3,0.126,3,approved,1.0,1
1088,58,22866.78,66,3,0.22,1,approved,0.0,0
1089,48,31191.07,97,5,0.13,0,approved,0.0,0
1090,57,21897.09,20,3,0.076,3,rejected,,0
1091,51,39241.62,232,2,0.033,1,approved,1.0,1
1092,73,29032.38,58,2,0.123,1,approved,0.0,0
1093,36,14482.16,10,2,0.48,5,rejected,,0
1094,68,51291.91,21,5,0.543,0,rejected,,0
1095,23,31646.92,55,0,0.287,1,approved,0.0,0
1096,42,25838.78,58,5,0.252,0,approved,1.0,1
1097,72,37350.63,232,1,0.127,3,approved,1.0,1
1098,61,33971.32,3,1,0.118,2,rejected,,1
1099,47,20293.24,56,4,0.628,3,rejected,,0
1100,54,31908.1,158,2,0.204,3,approved,0.0,0
1101,60,19611.59,144,2,0.233,0,approved,0.0,0
1102,48,98396.68,157,4,0.275,1,approved,1.0,1
1103,64,34802.74,6,2,0.389,4,rejected,,0
1104,25,42049.35,46,5,0.28,4,rejected,,0
1105,57,62481.15,166,2,0.119,3,approved,0.0,0
1106,46,74892.94,43,6,0.42,2,rejected,,0
1107,58,30477.88,137,1,0.449,1,approved,1.0,1
1108,30,76811.76,130,2,0.642,1,approved,1.0,1
1109,19,12060.41,190,2,0.312,2,approved,0.0,0
1110,64,64360.61,15,2,0.222,2,rejected,,1
1111,20,94116.0,201,5,0.569,5,approved,1.0,1
1112,60,45799.51,83,3,0.333,2,rejected,,1
1113,35,47263.72,102,2,0.113,1,approved,1.0,1
1114,28,47432.55,87,4,0.5,1,rejected,,0
1115,45,22541.87,126,2,0.23,2,approved,0.0,0
1116,23,27776.87,43,5,0.465,0,rejected,,0
1117,60,34033.93,152,5,0.296,1,approved,0.0,0
1118,24,67219.04,6,4,0.339,2,rejected,,0
1119,61,55665.07,146,2,0.534,1,approved,1.0,1
1120,62,54751.5,37,4,0.112,1,approved,1.0,1
1121,42,49058.69,148,3,0.258,2,approved,1.0,1
1122,71,41331.38,143,3,0.159,0,approved,1.0,1
1123,66,38560.54,22,3,0.201,0,rejected,,1
1124,34,27671.84,65,7,0.296,2,rejected,,0
1125,70,27060.58,74,4,0.303,2,rejected,,0
1126,24,45810.35,10,4,0.29,1,approved,1.0,1
1127,68,78256.57,148,3,0.728,0,approved,1.0,1
1128,58,35705.98,169,2,0.484,0,approved,1.0,1
1129,36,70874.17,149,0,0.273,0,approved,1.0,1
1130,47,44442.93,190,3,0.399,0,approved,0.0,0
1131,31,21858.38,95,3,0.472,1,rejected,,0
1132,52,30513.37,179,1,0.732,1,approved,1.0,1
1133,21,58361.06,74,7,0.273,0,approved,1.0,1
1134,46,35976.94,143,1,0.127,2,approved,1.0,1
1135,58,29089.04,189,1,0.357,2,approved,1.0,1
1136,64,40423.8,129,2,0.313,1,approved,0.0,0
1137,20,35431.05,171,3,0.059,0,approved,1.0,1
1138,51,32121.45,87,2,0.249,1,approved,1.0,1
1139,65,16852.36,23,4,0.552,1,rejected,,1
1140,63,32570.56,150,1,0.486,1,approved,1.0,1
1141,70,29545.2,57,2,0.594,0,rejected,,0
1142,55,46605.64,91,5,0.056,1,approved,1.0,1
1143,37,44429.75,203,2,0.253,1,approved,0.0,0
1144,57,34920.55,21,1,0.105,1,approved,1.0,1
1145,31,105562.34,26,4,0.486,2,rejected,,0
1146,59,49894.75,137,0,0.2,1,approved,1.0,1
1147,31,46515.31,153,4,0.097,2,approved,1.0,1
1148,50,13513.12,179,1,0.148,0,approved,1.0,1
1149,42,13787.62,140,2,0.289,1,approved,1.0,1
1150,38,55380.38,25,7,0.507,2,rejected,,1
1151,67,19561.15,26,1,0.111,0,rejected,,0
1152,40,23291.45,72,2,0.301,0,approved,0.0,0
1153,54,23534.74,134,4,0.106,2,rejected,,0
1154,19,51627.44,114,4,0.609,0,rejected,,0
1155,58,48815.84,26,3,0.145,1,approved,1.0,1
1156,20,43760.45,55,4,0.419,1,rejected,,1
1157,50,46190.47,71,1,0.073,0,approved,1.0,1
1158,44,21101.3,0,3,0.191,3,rejected,,1
1159,63,35480.81,22,0,0.102,1,rejected,,1
1160,63,112103.57,221,2,0.296,1,approved,1.0,1
1161,47,23620.32,47,4,0.142,3,rejected,,0
1162,58,15161.78,26,4,0.531,1,rejected,,0
1163,23,20829.42,176,3,0.246,2,approved,0.0,0
1164,39,24449.38,225,2,0.181,3,approved,1.0,1
1165,51,29922.68,95,4,0.327,1,rejected,,0
1166,45,41949.64,53,4,0.183,0,rejected,,0
1167,35,43400.6,179,2,0.666,1,approved,1.0,1
1168,65,32212.14,65,2,0.677,1,rejected,,0
1169,26,37860.81,107,4,0.435,1,rejected,,1
1170,62,32128.27,43,0,0.25,1,rejected,,1
1171,30,21332.29,178,2,0.206,1,approved,1.0,1
1172,52,38341.07,42,4,0.204,1,rejected,,1
1173,49,59310.56,171,0,0.541,0,approved,0.0,0
1174,66,69996.13,3,2,0.602,0,rejected,,0
1175,42,19888.43,76,3,0.145,0,rejected,,1
1176,73,46337.5,172,2,0.242,3,approved,1.0,1
1177,23,31371.61,212,1,0.112,0,approved,1.0,1
1178,53,28752.88,110,6,0.39,2,approved,0.0,0
1179,27,26522.76,198,2,0.13,2,approved,1.0,1
1180,73,48556.89,139,5,0.044,1,approved,1.0,1
1181,60,23041.25,121,3,0.101,0,approved,1.0,1
1182,22,14541.52,60,3,0.212,3,rejected,,0
1183,64,26242.0,77,3,0.146,0,approved,1.0,1
1184,62,66949.79,217,1,0.117,3,approved,0.0,0
1185,31,29640.06,63,0,0.339,0,rejected,,0
1186,23,38817.15,68,3,0.043,0,approved,1.0,1
1187,23,30873.73,105,1,0.208,2,rejected,,1
1188,30,62444.93,138,3,0.382,1,approved,1.0,1
1189,24,45957.25,119,6,0.416,2,approved,0.0,0
1190,37,121869.36,57,7,0.145,2,approved,1.0,1
1191,52,50974.64,117,3,0.624,2,approved,0.0,0
1192,24,18160.37,28,4,0.146,1,approved,0.0,0
1193,49,35770.23,105,2,0.136,1,approved,0.0,0
1194,58,77149.83,30,5,0.379,0,approved,1.0,1
1195,27,14765.68,171,4,0.23,3,approved,1.0,1
1196,37,90118.73,189,3,0.316,2,approved,1.0,1
1197,68,34387.34,235,2,0.257,0,approved,1.0,1
1198,27,25640.99,14,3,0.628,1,rejected,,0
1199,18,23689.58,184,1,0.052,1,approved,1.0,1
1200,30,31639.71,52,1,0.291,0,rejected,,0
1201,47,35787.38,111,2,0.075,0,approved,1.0,1
1202,19,23926.95,10,1,0.051,1,approved,0.0,0
1203,58,29440.02,74,1,0.22,0,approved,1.0,1
1204,72,75115.11,109,3,0.329,1,approved,1.0,1
1205,42,22833.38,111,0,0.266,3,rejected,,0
1206,72,34770.23,133,4,0.437,0,approved,0.0,0
1207,35,52754.26,145,1,0.253,3,approved,1.0,1
1208,32,79337.26,30,2,0.526,0,approved,0.0,0
1209,62,30800.84,35,5,0.224,3,rejected,,0
1210,57,39509.45,229,2,0.523,2,approved,1.0,1
1211,21,20416.68,129,3,0.262,1,approved,1.0,1
1212,20,39619.45,197,3,0.402,0,approved,1.0,1
1213,19,43283.04,206,2,0.407,1,approved,0.0,0
1214,37,40937.27,207,1,0.238,2,approved,0.0,0
1215,48,30065.03,148,4,0.22,0,approved,1.0,1
1216,56,40044.72,151,4,0.22,0,approved,0.0,0
1217,21,15679.32,166,5,0.078,0,approved,1.0,1
1218,30,58537.06,3,2,0.184,0,rejected,,1
1219,68,17767.75,87,1,0.567,2,rejected,,0
1220,37,20788.67,216,2,0.074,0,approved,0.0,0
1221,18,16204.65,186,7,0.44,1,rejected,,0
1222,25,25007.58,57,0,0.091,0,approved,1.0,1
1223,65,38570.64,65,4,0.164,3,rejected,,0
1224,26,63714.87,188,2,0.263,2,approved,0.0,0
1225,58,84549.25,222,3,0.263,0,approved,1.0,1
1226,18,72312.68,103,3,0.399,1,approved,0.0,0
1227,53,37614.64,16,3,0.065,0,approved,0.0,0
1228,37,24756.76,186,1,0.295,0,approved,1.0,1
1229,45,29930.51,151,4,0.219,2,rejected,,0
1230,42,34169.53,7,1,0.053,0,approved,1.0,1
1231,73,45937.94,94,4,0.094,2,approved,1.0,1
1232,42,33534.21,144,2,0.258,0,approved,1.0,1
1233,73,49259.05,170,0,0.215,1,approved,1.0,1
1234,34,17471.09,40,6,0.264,0,rejected,,0
1235,57,30405.86,47,5,0.465,1,rejected,,0
1236,48,27385.52,207,1,0.331,1,approved,1.0,1
1237,49,28517.43,230,5,0.441,0,approved,1.0,1
1238,19,36995.96,236,0,0.303,0,approved,1.0,1
1239,28,38289.86,204,2,0.471,2,approved,1.0,1
1240,41,41076.16,109,3,0.135,0,approved,0.0,0
1241,38,33732.7,216,0,0.605,1,approved,1.0,1
1242,52,49331.28,204,4,0.248,3,approved,1.0,1
1243,18,32349.51,130,4,0.419,1,approved,0.0,0
1244,61,21237.82,144,3,0.198,3,rejected,,0
1245,23,53300.61,110,4,0.067,0,approved,1.0,1
1246,74,22405.48,78,3,0.35,2,rejected,,0
1247,30,74845.49,200,3,0.354,2,approved,1.0,1
1248,43,20262.11,84,4,0.108,1,approved,0.0,0
1249,40,23171.31,23,2,0.416,0,rejected,,0
1250,71,45982.02,61,3,0.275,0,approved,0.0,0
1251,70,48845.13,102,2,0.288,1,rejected,,1
1252,70,34696.93,27,2,0.482,0,approved,0.0,0
1253,62,43040.91,174,3,0.232,1,approved,1.0,1
1254,25,68179.12,48,0,0.639,1,approved,0.0,0
1255,33,70004.47,126,4,0.287,1,approved,0.0,0
1256,46,18658.03,68,6,0.527,1,rejected,,1
1257,50,64189.3,111,1,0.538,0,approved,0.0,0
1258,30,23860.34,132,5,0.207,2,approved,0.0,0
1259,61,46222.83,208,2,0.159,1,approved,1.0,1
1260,63,86075.05,143,4,0.227,0,approved,1.0,1
1261,59,34632.72,9,5,0.109,2,approved,1.0,1
1262,59,24390.17,43,4,0.33,2,rejected,,1
1263,66,29896.16,183,6,0.302,1,approved,1.0,1
1264,73,22270.13,99,3,0.288,2,approved,1.0,1
1265,43,48049.29,164,7,0.295,1,approved,0.0,0
1266,21,28938.65,167,3,0.541,2,approved,1.0,1
1267,71,16190.28,36,3,0.099,1,rejected,,1
1268,42,26066.01,228,2,0.213,1,approved,1.0,1
1269,46,26293.63,68,3,0.169,2,rejected,,0
1270,38,48901.09,81,3,0.135,0,approved,1.0,1
1271,60,49492.97,92,1,0.353,1,rejected,,1
1272,55,40603.51,126,2,0.152,0,approved,1.0,1
1273,26,47098.41,27,3,0.264,0,approved,0.0,0
1274,48,37185.21,195,4,0.249,4,approved,0.0,0
1275,56,57019.48,83,4,0.102,0,approved,1.0,1
1276,50,22320.3,126,2,0.174,2,approved,0.0,0
1277,47,77376.96,194,5,0.296,1,approved,0.0,0
1278,26,16912.97,112,4,0.418,0,approved,1.0,1
1279,36,19856.63,81,5,0.119,1,approved,0.0,0
1280,71,52685.22,55,3,0.408,0,approved,0.0,0
1281,59,38670.27,75,3,0.209,0,approved,1.0,1
1282,36,32107.58,209,1,0.397,2,approved,0.0,0
1283,39,60960.11,185,2,0.227,0,approved,1.0,1
1284,40,80495.56,154,3,0.191,1,approved,1.0,1
1285,31,32108.62,137,3,0.396,2,rejected,,0
1286,31,56238.14,49,6,0.152,3,rejected,,1
1287,28,41130.18,190,2,0.546,1,approved,0.0,0
1288,35,17017.35,140,6,0.366,1,approved,0.0,0
1289,29,38899.61,181,2,0.11,1,approved,1.0,1
1290,39,58357.44,40,4,0.404,1,approved,1.0,1
1291,45,28589.94,154,3,0.232,0,approved,1.0,1
1292,32,73234.58,120,2,0.091,2,approved,1.0,1
1293,69,39447.48,185,3,0.39,1,approved,0.0,0
1294,43,59315.36,2,3,0.375,0,rejected,,1
1295,52,37563.59,20,8,0.219,1,rejected,,1
1296,65,37583.27,239,6,0.259,2,approved,1.0,1
1297,30,48236.41,196,4,0.427,3,approved,0.0,0
1298,66,18032.07,222,1,0.575,0,approved,0.0,0
1299,73,27610.37,131,2,0.063,1,approved,1.0,1
1300,52,61239.32,21,2,0.335,2,rejected,,0
1301,55,37841.78,224,1,0.284,2,approved,1.0,1
1302,49,28862.85,108,4,0.203,0,approved,0.0,0
1303,37,42322.43,96,3,0.332,3,approved,1.0,1
1304,52,91565.44,117,3,0.443,1,approved,0.0,0
1305,41,13801.79,73,4,0.074,0,approved,0.0,0
1306,46,36883.3,6,6,0.339,1,rejected,,1
1307,26,30088.07,190,3,0.373,1,approved,0.0,0
1308,22,22328.53,170,3,0.041,0,approved,0.0,0
1309,42,94740.81,131,2,0.542,1,approved,1.0,1
1310,23,31285.07,137,2,0.335,1,approved,1.0,1
1311,65,61593.8,157,4,0.334,1,approved,1.0,1
1312,45,19411.76,217,0,0.243,0,approved,1.0,1
1313,74,17642.08,84,3,0.201,1,rejected,,1
1314,22,11984.15,3,6,0.361,0,rejected,,0
1315,22,57106.89,175,3,0.134,0,approved,1.0,1
1316,25,114391.34,144,2,0.265,0,approved,1.0,1
1317,37,59799.22,207,3,0.389,1,approved,1.0,1
1318,53,30475.12,42,1,0.312,1,rejected,,0
1319,38,26336.13,30,0,0.255,3,rejected,,1
1320,71,39142.71,155,2,0.452,1,rejected,,1
1321,74,42121.29,223,2,0.33,0,approved,0.0,0
1322,19,16208.32,133,5,0.62,0,approved,1.0,1
1323,54,82700.35,166,3,0.152,3,approved,1.0,1
1324,52,34318.0,39,4,0.384,1,rejected,,0
1325,66,57312.38,37,3,0.04,0,approved,1.0,1
1326,43,99474.27,200,3,0.579,2,approved,1.0,1
1327,23,85946.52,215,4,0.417,1,approved,1.0,1
1328,20,21946.62,76,1,0.079,2,rejected,,1
1329,27,22376.85,206,1,0.427,1,approved,0.0,0
1330,62,16291.36,209,3,0.33,0,approved,1.0,1
1331,23,66472.79,204,2,0.607,0,approved,0.0,0
1332,58,16238.7,203,3,0.341,1,approved,1.0,1
1333,25,46710.31,137,4,0.309,0,approved,1.0,1
1334,71,25235.18,132,2,0.368,1,approved,1.0,1
1335,24,36972.87,22,1,0.275,0,approved,0.0,0
1336,55,25002.02,94,3,0.171,1,approved,1.0,1
1337,18,25769.01,25,2,0.101,1,rejected,,0
1338,58,58030.34,227,7,0.156,0,approved,1.0,1
1339,21,42160.08,68,3,0.219,2,rejected,,0
1340,38,33419.52,166,7,0.531,1,approved,0.0,0
1341,66,51804.73,62,2,0.186,1,approved,1.0,1
1342,51,19605.05,201,1,0.126,3,approved,0.0,0
1343,37,43845.92,114,2,0.364,3,rejected,,1
1344,53,23531.79,160,5,0.56,1,rejected,,1
1345,53,36858.13,81,1,0.29,0,approved,1.0,1
1346,24,40556.39,233,7,0.069,1,approved,1.0,1
1347,44,58159.31,210,3,0.122,1,approved,1.0,1
1348,29,24535.66,207,2,0.307,1,approved,1.0,1
1349,45,33676.33,119,2,0.277,1,approved,1.0,1
1350,31,15998.63,10,4,0.511,2,rejected,,0
1351,32,36135.61,153,1,0.429,1,approved,1.0,1
1352,52,64599.23,145,2,0.275,1,approved,1.0,1
1353,44,106351.02,1,4,0.411,2,approved,0.0,0
1354,48,37572.55,72,2,0.058,0,approved,1.0,1
1355,24,19122.86,13,4,0.14,0,approved,0.0,0
1356,36,59925.33,130,1,0.194,1,approved,1.0,1
1357,37,33514.6,44,4,0.621,0,rejected,,0
1358,63,44576.27,185,5,0.498,0,approved,0.0,0
1359,39,52061.44,113,1,0.183,2,approved,0.0,0
1360,57,49808.28,150,3,0.203,1,approved,1.0,1
1361,66,17292.48,110,2,0.252,2,rejected,,1
1362,25,43184.15,237,7,0.309,2,approved,1.0,1
1363,22,20475.71,200,3,0.413,2,approved,0.0,0
1364,63,54448.09,132,5,0.297,2,approved,0.0,0
1365,35,84493.56,211,5,0.278,0,approved,1.0,1
1366,35,46996.68,12,3,0.089,0,approved,0.0,0
1367,74,11624.88,196,6,0.337,2,approved,0.0,0
1368,44,55810.87,232,1,0.134,1,approved,1.0,1
1369,53,29953.74,83,2,0.241,1,approved,1.0,1
1370,28,62300.59,215,3,0.194,2,approved,1.0,1
1371,32,100846.88,33,1,0.353,2,approved,1.0,1
1372,40,67821.41,231,3,0.375,1,approved,1.0,1
1373,19,27433.18,211,4,0.28,0,approved,1.0,1
1374,31,17840.79,37,4,0.06,2,approved,0.0,0
1375,74,37707.87,126,6,0.554,0,approved,1.0,1
1376,59,24330.99,17,3,0.142,0,rejected,,0
1377,51,83656.85,65,2,0.231,0,approved,0.0,0
1378,51,59658.15,142,4,0.206,1,approved,1.0,1
1379,37,24653.99,92,1,0.19,0,approved,0.0,0
1380,68,59021.91,182,3,0.346,0,approved,1.0,1
1381,44,27484.79,130,2,0.155,2,approved,1.0,1
1382,27,62087.47,211,4,0.568,2,approved,1.0,1
1383,21,29951.61,71,6,0.171,0,approved,0.0,0
1384,50,57143.71,73,3,0.144,0,approved,1.0,1
1385,24,25150.32,208,4,0.272,0,approved,0.0,0
1386,44,16240.43,220,5,0.215,1,approved,1.0,1
1387,65,18898.8,232,7,0.299,1,approved,1.0,1
1388,45,29421.05,208,1,0.113,1,approved,1.0,1
1389,52,35300.67,107,3,0.389,0,approved,1.0,1
1390,61,15696.07,236,6,0.101,2,approved,1.0,1
1391,41,34676.64,132,3,0.283,1,approved,0.0,0
1392,41,53898.74,202,2,0.218,1,approved,0.0,0
1393,22,56695.81,210,3,0.178,0,approved,1.0,1
1394,57,27843.66,187,5,0.331,1,approved,1.0,1
1395,18,16262.35,88,4,0.327,3,approved,0.0,0
1396,33,130246.8,212,7,0.302,1,approved,1.0,1
1397,33,16970.97,190,3,0.023,0,approved,1.0,1
1398,25,36766.38,176,3,0.223,2,approved,1.0,1
1399,61,82287.81,24,8,0.43,2,rejected,,0
1400,63,30114.61,167,2,0.438,0,approved,0.0,0
1401,25,36834.37,54,2,0.166,1,rejected,,1
1402,47,28758.33,65,1,0.631,0,rejected,,0
1403,31,37202.52,61,1,0.583,2,rejected,,1
1404,32,47753.9,193,5,0.147,4,approved,1.0,1
1405,26,41051.32,129,3,0.315,1,approved,0.0,0
1406,43,22315.69,141,2,0.424,2,rejected,,0
1407,72,55486.78,32,0,0.337,1,rejected,,0
1408,54,68216.78,40,5,0.115,1,approved,1.0,1
1409,18,17421.91,222,6,0.343,3,approved,0.0,0
1410,32,20185.14,91,5,0.196,1,approved,1.0,1
1411,35,37164.93,186,2,0.226,1,approved,1.0,1
1412,28,42507.44,210,4,0.061,1,approved,1.0,1
1413,27,64460.45,88,5,0.453,1,approved,0.0,0
1414,74,44192.68,102,2,0.269,0,approved,1.0,1
1415,55,28584.39,44,5,0.204,2,rejected,,0
1416,28,72686.0,48,3,0.375,0,approved,1.0,1
1417,47,39043.51,212,2,0.188,1,approved,1.0,1
1418,37,56371.58,232,4,0.455,1,approved,0.0,0
1419,36,24567.49,222,4,0.164,0,approved,1.0,1
1420,40,45130.61,6,3,0.27,2,rejected,,0
1421,71,51168.18,137,3,0.298,1,approved,1.0,1
1422,67,129777.4,147,2,0.569,2,approved,1.0,1
1423,49,24989.94,167,4,0.021,2,approved,0.0,0
1424,33,51428.02,68,4,0.101,2,rejected,,1
1425,68,57664.87,89,0,0.207,2,approved,0.0,0
1426,30,49183.44,198,3,0.168,2,approved,1.0,1
1427,19,30425.64,206,1,0.313,3,approved,1.0,1
1428,25,33729.12,238,5,0.33,1,approved,0.0,0
1429,48,40537.94,169,5,0.085,1,approved,1.0,1
1430,61,47168.28,49,1,0.583,0,approved,1.0,1
1431,31,78173.39,80,8,0.452,3,approved,1.0,1
1432,50,51590.88,8,3,0.57,0,rejected,,1
1433,34,20634.79,85,4,0.522,0,rejected,,1
1434,23,15237.08,224,8,0.063,1,approved,1.0,1
1435,54,37504.51,203,3,0.244,3,approved,0.0,0
1436,43,36554.75,75,4,0.153,1,rejected,,0
1437,39,50895.54,48,3,0.174,0,rejected,,1
1438,74,36510.29,162,2,0.102,1,approved,1.0,1
1439,72,21751.89,163,3,0.099,0,approved,1.0,1
1440,70,26127.44,213,1,0.155,1,approved,1.0,1
1441,29,29535.59,129,3,0.53,1,approved,1.0,1
1442,50,20442.56,194,2,0.093,2,approved,1.0,1
1443,40,25637.9,107,1,0.318,4,rejected,,0
1444,31,36537.56,8,3,0.189,1,rejected,,0
1445,48,27608.82,239,2,0.302,0,approved,1.0,1
1446,51,42765.07,15,3,0.151,2,rejected,,0
1447,65,47477.55,0,8,0.102,2,rejected,,1
1448,47,46878.51,126,3,0.372,4,rejected,,0
1449,51,38264.52,5,3,0.131,1,rejected,,1
1450,73,27445.73,48,6,0.377,0,approved,0.0,0
1451,26,20658.11,205,2,0.64,0,approved,1.0,1
1452,18,56130.73,9,1,0.345,1,rejected,,1
1453,27,41522.53,216,3,0.089,0,approved,1.0,1
1454,35,54305.88,33,2,0.334,1,rejected,,0
1455,34,25390.94,88,2,0.047,2,rejected,,1
1456,40,37110.04,229,1,0.262,0,approved,1.0,1
1457,55,16903.24,86,2,0.281,0,approved,0.0,0
1458,59,40683.93,15,2,0.576,0,rejected,,1
1459,56,22092.26,209,3,0.262,1,approved,0.0,0
1460,60,21402.53,223,2,0.044,3,approved,0.0,0
1461,47,34554.78,162,6,0.316,0,approved,0.0,0
1462,59,28940.84,180,2,0.454,1,approved,1.0,1
1463,67,31903.13,132,6,0.313,3,rejected,,0
1464,50,25618.87,79,2,0.14,1,rejected,,0
1465,63,50965.32,236,2,0.533,1,approved,1.0,1
1466,49,50142.88,196,3,0.451,2,approved,0.0,0
1467,38,43027.91,117,5,0.61,1,approved,0.0,0
1468,34,44453.33,30,4,0.508,1,rejected,,0
1469,66,29597.66,182,3,0.334,0,approved,0.0,0
1470,67,98506.64,74,2,0.323,0,approved,1.0,1
1471,29,67393.75,26,2,0.139,3,rejected,,0
1472,42,34064.78,103,2,0.567,0,rejected,,0
1473,53,43725.59,134,2,0.744,2,approved,0.0,0
1474,38,17177.01,211,4,0.449,1,approved,0.0,0
1475,47,21538.37,38,3,0.346,4,rejected,,0
1476,63,53255.56,140,4,0.132,0,approved,1.0,1
1477,32,84783.46,133,3,0.259,1,approved,1.0,1
1478,59,74307.56,127,5,0.186,1,approved,1.0,1
1479,41,30613.02,109,4,0.298,0,approved,0.0,0
1480,36,38838.97,40,4,0.296,1,rejected,,0
1481,21,23287.09,98,6,0.245,1,rejected,,0
1482,19,30289.43,227,5,0.276,2,approved,1.0,1
1483,29,71962.45,40,3,0.278,1,approved,1.0,1
1484,18,34943.25,151,2,0.324,1,approved,1.0,1
1485,48,25056.54,223,10,0.493,2,approved,1.0,1
1486,66,32524.77,28,2,0.22,2,rejected,,0
1487,19,19344.04,145,2,0.052,0,approved,1.0,1
1488,26,68760.97,155,3,0.299,0,approved,1.0,1
1489,67,60197.09,86,4,0.224,3,approved,0.0,0
1490,52,65801.62,39,5,0.542,0,approved,1.0,1
1491,61,13285.47,213,4,0.297,1,approved,1.0,1
1492,51,33131.71,110,5,0.328,1,approved,0.0,0
1493,72,33707.38,186,2,0.323,1,approved,1.0,1
1494,30,108190.48,170,2,0.551,0,approved,1.0,1
1495,65,19182.04,225,1,0.168,1,approved,1.0,1
1496,43,42310.79,11,4,0.394,1,rejected,,0
1497,19,32101.58,33,4,0.128,0,approved,1.0,1
1498,41,49257.69,168,4,0.197,1,approved,1.0,1
1499,41,28108.26,93,8,0.236,1,rejected,,1
1500,46,23066.6,194,1,0.261,0,approved,1.0,1
1501,27,43031.3,171,7,0.228,1,approved,0.0,0
1502,66,46006.72,176,7,0.543,0,approved,0.0,0
1503,35,29760.49,69,1,0.156,0,approved,1.0,1
1504,70,53228.23,225,3,0.301,1,approved,1.0,1
1505,74,54713.19,184,3,0.715,0,approved,1.0,1
1506,22,52625.77,235,2,0.511,1,approved,1.0,1
1507,59,38251.06,92,3,0.209,1,approved,1.0,1
1508,42,59566.37,145,1,0.438,2,approved,1.0,1
1509,47,75769.08,107,1,0.278,2,approved,1.0,1
1510,34,20403.61,25,6,0.395,0,rejected,,0
1511,40,30386.35,213,6,0.466,1,approved,0.0,0
1512,62,35843.7,184,3,0.646,0,approved,1.0,1
1513,51,31807.29,168,3,0.244,1,approved,0.0,0
1514,37,36128.14,60,3,0.151,2,rejected,,0
1515,58,29553.64,141,4,0.478,3,approved,0.0,0
1516,45,12961.63,73,2,0.349,0,rejected,,0
1517,58,24554.17,13,3,0.442,0,rejected,,0
1518,58,11581.2,162,1,0.45,1,approved,1.0,1
1519,67,86479.74,34,1,0.421,2,approved,0.0,0
1520,54,29507.27,166,4,0.331,2,approved,0.0,0
1521,60,18894.48,203,6,0.204,1,approved,0.0,0
1522,60,11113.66,210,3,0.382,2,approved,0.0,0
1523,63,57321.12,224,2,0.172,0,approved,1.0,1
1524,42,42261.28,209,3,0.553,0,approved,1.0,1
1525,32,13257.99,184,1,0.062,1,approved,1.0,1
1526,48,28485.69,110,7,0.656,1,approved,1.0,1
1527,43,36843.4,53,1,0.176,0,approved,0.0,0
1528,33,33309.92,60,1,0.123,1,rejected,,1
1529,31,39285.23,72,3,0.322,0,approved,1.0,1
1530,62,43148.59,44,3,0.143,1,rejected,,0
1531,51,36064.23,11,1,0.086,2,rejected,,1
1532,67,17795.8,195,5,0.267,3,approved,0.0,0
1533,48,65463.56,215,2,0.273,2,approved,1.0,1
1534,35,35944.93,52,2,0.146,2,rejected,,1
1535,66,30290.5,14,1,0.584,3,rejected,,0
1536,46,36584.71,131,3,0.181,1,approved,1.0,1
1537,18,42855.0,44,3,0.346,0,approved,1.0,1
1538,23,18936.18,19,3,0.128,1,rejected,,1
1539,47,30598.16,78,5,0.246,2,rejected,,0
1540,24,34872.4,19,1,0.36,1,rejected,,0
1541,64,42905.15,209,3,0.636,0,approved,1.0,1
1542,26,89571.27,20,3,0.64,1,approved,1.0,1
1543,44,33881.07,103,1,0.381,1,approved,1.0,1
1544,53,42376.44,168,1,0.286,2,approved,1.0,1
1545,19,43602.19,38,5,0.012,1,approved,1.0,1
1546,62,29063.37,232,4,0.335,2,approved,1.0,1
1547,22,42604.93,218,3,0.28,3,approved,1.0,1
1548,25,26956.02,53,2,0.41,0,approved,1.0,1
1549,20,92534.37,181,6,0.295,0,approved,1.0,1
1550,74,75321.66,55,1,0.48,0,approved,0.0,0
1551,42,38258.3,73,2,0.056,0,approved,1.0,1
1552,38,34999.51,229,3,0.328,0,approved,1.0,1
1553,30,31132.65,41,5,0.038,1,rejected,,0
1554,68,45755.13,107,1,0.664,1,approved,0.0,0
1555,52,14421.28,74,2,0.142,1,rejected,,1
1556,74,31132.05,124,1,0.158,0,approved,1.0,1
1557,74,30321.23,221,1,0.268,2,approved,0.0,0
1558,65,36909.52,138,4,0.591,1,approved,1.0,1
1559,62,37542.53,128,2,0.054,2,approved,1.0,1
1560,39,25349.89,215,5,0.104,0,approved,0.0,0
1561,37,47903.42,229,2,0.086,0,approved,1.0,1
1562,19,80088.7,60,2,0.033,1,approved,1.0,1
1563,63,44023.35,233,1,0.056,1,approved,1.0,1
1564,46,40457.72,149,4,0.353,1,approved,0.0,0
1565,67,40178.71,16,2,0.457,0,approved,1.0,1
1566,45,43324.64,45,2,0.415,4,rejected,,0
1567,18,20846.71,158,3,0.455,4,rejected,,1
1568,18,24654.97,30,3,0.197,2,rejected,,0
1569,63,37169.28,117,3,0.671,1,approved,0.0,0
1570,67,50354.95,3,0,0.33,3,rejected,,0
1571,38,45114.82,99,5,0.333,3,rejected,,0
1572,26,37763.18,193,4,0.307,1,approved,1.0,1
1573,21,8630.04,177,6,0.601,1,approved,1.0,1
1574,53,45091.38,167,2,0.567,2,approved,1.0,1
1575,65,43030.23,61,2,0.054,1,approved,1.0,1
1576,32,68077.28,212,3,0.485,2,approved,0.0,0
1577,28,77633.84,28,5,0.089,3,approved,0.0,0
1578,41,23274.31,187,2,0.207,3,approved,1.0,1
1579,62,36279.46,39,5,0.568,1,approved,0.0,0
1580,44,23367.54,197,4,0.097,0,approved,1.0,1
1581,47,23549.92,143,4,0.371,0,approved,0.0,0
1582,51,54026.06,23,4,0.483,0,approved,0.0,0
1583,48,38794.49,56,1,0.057,0,approved,1.0,1
1584,47,56945.19,33,3,0.445,2,rejected,,0
1585,22,19449.06,148,5,0.516,1,approved,0.0,0
1586,38,34438.82,95,2,0.462,2,rejected,,1
1587,52,28034.93,169,1,0.397,3,rejected,,1
1588,20,19319.2,145,3,0.214,0,approved,1.0,1
1589,64,14391.71,231,5,0.571,1,approved,1.0,1
1590,25,59826.63,155,3,0.263,1,approved,1.0,1
1591,18,22890.9,180,6,0.227,1,approved,1.0,1
1592,53,22181.02,189,6,0.32,0,approved,1.0,1
1593,54,44339.22,3,4,0.15,1,approved,0.0,0
1594,52,40993.52,190,2,0.239,0,approved,1.0,1
1595,50,37332.47,166,0,0.514,1,approved,1.0,1
1596,56,21635.91,154,3,0.234,1,rejected,,1
1597,38,102776.24,185,2,0.125,1,approved,1.0,1
1598,22,59539.4,50,5,0.501,0,rejected,,0
1599,59,91570.38,133,1,0.149,1,approved,1.0,1
1600,32,17400.89,90,5,0.151,2,rejected,,1
1601,22,32141.55,84,3,0.325,0,approved,1.0,1
1602,31,22118.69,102,6,0.523,1,approved,0.0,0
1603,68,20350.87,171,4,0.251,0,approved,0.0,0
1604,64,46166.45,86,1,0.069,1,rejected,,1
1605,24,48481.52,183,4,0.322,0,approved,1.0,1
1606,61,44768.62,126,2,0.481,0,approved,1.0,1
1607,49,106489.52,27,4,0.309,0,approved,1.0,1
1608,60,71907.89,112,1,0.229,1,approved,1.0,1
1609,58,22297.58,140,6,0.451,1,approved,0.0,0
1610,73,44873.07,47,3,0.145,1,rejected,,1
1611,52,44958.6,146,1,0.126,2,approved,1.0,1
1612,70,54369.11,10,1,0.055,2,rejected,,1
1613,62,55633.52,121,4,0.188,2,approved,1.0,1
1614,54,85010.59,49,1,0.358,1,approved,1.0,1
1615,39,62999.4,87,2,0.223,0,approved,1.0,1
1616,47,75780.35,76,0,0.233,2,approved,1.0,1
1617,70,43679.49,89,3,0.074,2,approved,0.0,0
1618,64,16040.35,2,1,0.483,0,rejected,,0
1619,45,58947.33,106,1,0.556,1,approved,1.0,1
1620,49,23914.91,183,5,0.612,4,rejected,,0
1621,53,26396.92,113,0,0.154,2,approved,0.0,0
1622,61,28756.75,155,2,0.077,1,approved,0.0,0
1623,31,30948.54,20,2,0.142,1,rejected,,1
1624,28,42615.25,228,5,0.508,1,approved,0.0,0
1625,59,62949.42,145,1,0.323,0,approved,1.0,1
1626,47,58956.05,65,0,0.408,4,rejected,,0
1627,49,53629.12,237,2,0.232,2,approved,1.0,1
1628,45,35355.41,83,4,0.14,2,rejected,,1
1629,57,74327.25,129,3,0.291,1,approved,1.0,1
1630,45,33883.86,155,2,0.401,1,approved,1.0,1
1631,56,47221.03,86,1,0.188,2,approved,1.0,1
1632,47,17449.13,220,3,0.463,2,approved,1.0,1
1633,20,16825.74,82,7,0.545,0,rejected,,0
1634,52,32932.87,24,2,0.278,1,approved,1.0,1
1635,22,49866.93,219,3,0.34,1,approved,1.0,1
1636,52,50633.91,16,4,0.237,0,rejected,,1
1637,22,7261.57,10,3,0.12,1,rejected,,1
1638,72,56937.34,161,3,0.154,1,approved,1.0,1
1639,31,23351.55,112,1,0.16,1,approved,0.0,0
1640,30,74846.99,223,4,0.363,2,approved,0.0,0
1641,18,66204.79,126,5,0.305,3,approved,1.0,1
1642,26,22884.91,190,2,0.048,0,approved,1.0,1
1643,19,50219.44,52,2,0.211,1,approved,1.0,1
1644,59,43621.76,62,1,0.239,2,approved,1.0,1
1645,25,14178.05,217,1,0.357,0,approved,0.0,0
1646,31,31111.53,106,6,0.161,0,approved,1.0,1
1647,69,20298.95,35,4,0.626,1,rejected,,0
1648,33,35099.5,116,3,0.149,0,approved,1.0,1
1649,53,45788.6,105,1,0.145,0,approved,0.0,0
1650,28,35127.69,88,4,0.509,0,rejected,,1
1651,39,62288.87,70,3,0.111,0,approved,1.0,1
1652,45,53533.78,225,1,0.168,2,approved,1.0,1
1653,66,48639.76,180,3,0.564,4,approved,1.0,1
1654,41,26039.81,66,3,0.277,1,approved,0.0,0
1655,40,27306.81,20,3,0.101,1,approved,1.0,1
1656,73,34584.43,144,3,0.562,4,rejected,,0
1657,38,12377.23,131,2,0.453,1,approved,0.0,0
1658,56,72475.43,217,6,0.362,0,approved,1.0,1
1659,71,14103.86,215,1,0.102,1,approved,1.0,1
1660,51,64498.25,10,7,0.321,1,rejected,,1
1661,59,21136.66,53,2,0.076,3,rejected,,0
1662,50,17382.37,13,0,0.057,2,rejected,,0
1663,59,45418.12,78,1,0.122,1,approved,0.0,0
1664,34,56389.09,88,2,0.078,2,approved,1.0,1
1665,50,35140.38,1,4,0.153,2,rejected,,0
1666,68,35654.38,144,6,0.215,0,approved,1.0,1
1667,28,19739.82,47,6,0.475,0,rejected,,0
1668,24,38247.38,46,2,0.021,3,approved,0.0,0
1669,40,24230.71,156,6,0.386,2,approved,0.0,0
1670,59,33687.64,122,1,0.274,0,approved,1.0,1
1671,64,35655.23,120,3,0.401,1,approved,1.0,1
1672,25,58316.58,133,1,0.297,0,approved,1.0,1
1673,54,62475.36,238,4,0.194,2,approved,0.0,0
1674,46,51979.48,113,2,0.054,3,approved,1.0,1
1675,50,37050.59,163,2,0.27,2,approved,0.0,0
1676,30,15186.08,113,4,0.079,3,approved,0.0,0
1677,28,71922.72,102,3,0.509,0,approved,1.0,1
1678,49,26091.11,159,4,0.619,2,approved,0.0,0
1679,50,23838.79,207,4,0.35,0,approved,1.0,1
1680,29,28393.18,26,1,0.114,2,rejected,,1
1681,30,23916.77,173,2,0.217,1,approved,1.0,1
1682,46,38169.39,19,1,0.358,0,approved,1.0,1
1683,52,27478.64,11,3,0.381,0,rejected,,0
1684,19,64992.65,99,1,0.315,0,approved,1.0,1
1685,59,18015.29,12,1,0.084,0,approved,0.0,0
1686,32,26293.49,119,2,0.115,0,approved,1.0,1
1687,61,9789.43,182,4,0.089,2,approved,1.0,1
1688,59,38551.5,178,2,0.507,3,rejected,,1
1689,67,82113.26,86,2,0.472,2,approved,1.0,1
1690,47,26603.78,5,4,0.18,1,rejected,,1
1691,57,27764.59,44,2,0.312,2,rejected,,1
1692,46,27727.47,53,3,0.492,0,approved,1.0,1
1693,36,57276.96,38,2,0.719,0,rejected,,0
1694,54,59808.58,175,5,0.02,1,approved,1.0,1
1695,56,15580.09,239,2,0.064,1,approved,1.0,1
1696,47,42862.92,182,1,0.45,3,approved,1.0,1
1697,33,83434.05,21,4,0.374,1,rejected,,0
1698,32,24305.89,4,6,0.119,1,approved,0.0,0
1699,70,27351.83,17,2,0.13,1,rejected,,1
1700,68,20748.14,155,2,0.426,0,approved,1.0,1
1701,61,26241.95,150,4,0.138,3,approved,1.0,1
1702,35,16148.79,222,3,0.167,1,approved,1.0,1
1703,44,42918.56,7,1,0.057,1,rejected,,1
1704,19,25099.06,213,5,0.224,2,approved,1.0,1
1705,50,38911.6,169,3,0.248,0,approved,1.0,1
1706,28,27831.6,86,2,0.058,1,approved,0.0,0
1707,74,26450.45,32,2,0.258,2,rejected,,1
1708,41,92776.2,148,4,0.184,0,approved,1.0,1
1709,20,24388.88,169,3,0.302,3,rejected,,0
1710,18,28934.0,229,2,0.072,0,approved,0.0,0
1711,56,28760.1,16,1,0.47,1,rejected,,0
1712,49,46139.37,143,2,0.277,3,approved,0.0,0
1713,57,23047.51,114,5,0.367,1,approved,0.0,0
1714,72,59773.2,149,5,0.499,1,approved,1.0,1
1715,35,55955.84,174,6,0.413,5,rejected,,1
1716,49,42741.41,33,1,0.423,1,rejected,,0
1717,26,23515.96,100,4,0.139,3,rejected,,0
1718,29,25369.15,231,4,0.244,2,approved,1.0,1
1719,35,9428.63,135,3,0.452,1,rejected,,1
1720,21,19829.73,155,2,0.423,2,approved,1.0,1
1721,24,72096.28,113,2,0.12,1,approved,1.0,1
1722,48,41697.39,155,4,0.303,0,approved,0.0,0
1723,46,86596.91,121,2,0.292,2,approved,0.0,0
1724,57,42123.05,17,5,0.048,1,approved,0.0,0
1725,54,30935.73,206,2,0.236,0,approved,0.0,0
1726,54,34338.36,91,0,0.142,1,rejected,,1
1727,32,37049.52,233,2,0.223,3,approved,1.0,1
1728,50,14881.82,88,4,0.154,1,rejected,,1
1729,37,39973.38,85,3,0.349,1,rejected,,0
1730,38,57067.85,136,3,0.172,1,approved,1.0,1
1731,46,50754.65,72,3,0.368,0,approved,1.0,1
1732,40,22320.6,111,2,0.378,2,rejected,,1
1733,25,38155.93,40,2,0.308,1,rejected,,1
1734,67,34538.4,12,2,0.21,1,rejected,,1
1735,40,55914.1,96,3,0.136,4,approved,1.0,1
1736,20,30535.32,164,1,0.297,0,approved,1.0,1
1737,55,48121.36,226,2,0.285,3,approved,1.0,1
1738,35,13390.64,234,2,0.241,0,approved,1.0,1
1739,63,27340.82,235,2,0.065,0,approved,1.0,1
1740,34,61084.83,53,2,0.312,1,approved,0.0,0
1741,66,23124.94,136,3,0.104,0,approved,0.0,0
1742,73,67907.19,56,1,0.175,0,approved,1.0,1
1743,48,27815.25,220,3,0.214,2,approved,1.0,1
1744,46,7813.2,27,2,0.232,1,rejected,,0
1745,26,51266.67,117,4,0.213,0,approved,1.0,1
1746,28,21146.69,49,2,0.069,0,approved,0.0,0
1747,29,43845.17,116,8,0.483,1,approved,1.0,1
1748,66,67077.64,129,3,0.098,1,approved,1.0,1
1749,67,41641.22,232,3,0.158,1,approved,1.0,1
1750,39,35046.94,48,8,0.777,1,rejected,,0
1751,65,44383.44,133,3,0.107,2,approved,1.0,1
1752,39,24953.8,125,3,0.222,1,approved,1.0,1
1753,27,88531.63,8,6,0.089,3,rejected,,1
1754,37,119761.77,234,2,0.081,4,approved,1.0,1
1755,41,67829.47,235,5,0.473,1,approved,1.0,1
1756,26,20505.07,113,4,0.14,1,approved,1.0,1
1757,56,42186.03,159,0,0.501,1,approved,1.0,1
1758,43,18750.77,132,5,0.228,0,rejected,,1
1759,60,21073.57,144,1,0.146,0,approved,1.0,1
1760,49,31558.33,98,3,0.487,0,approved,0.0,0
1761,52,40377.63,91,5,0.098,2,approved,1.0,1
1762,43,33473.03,140,2,0.126,3,approved,0.0,0
1763,51,45990.38,115,2,0.096,2,approved,0.0,0
1764,39,52559.85,159,3,0.172,2,approved,1.0,1
1765,37,47041.5,132,0,0.375,0,approved,1.0,1
1766,31,41388.61,177,1,0.322,1,approved,0.0,0
1767,66,35450.86,27,1,0.277,1,rejected,,1
1768,66,96133.0,158,2,0.621,1,approved,1.0,1
1769,65,44470.12,106,1,0.137,0,approved,1.0,1
1770,67,58020.6,191,2,0.224,0,approved,1.0,1
1771,32,24227.78,191,4,0.426,4,approved,1.0,1
1772,50,21147.84,75,1,0.137,2,approved,0.0,0
1773,72,47605.36,73,1,0.144,0,approved,1.0,1
1774,58,42846.56,132,0,0.153,1,approved,0.0,0
1775,26,66922.6,139,2,0.075,0,approved,1.0,1
1776,69,28888.89,178,3,0.066,0,approved,1.0,1
1777,50,25503.59,107,3,0.141,1,approved,1.0,1
1778,27,54725.36,28,6,0.487,1,rejected,,0
1779,27,70306.38,62,1,0.151,0,approved,1.0,1
1780,25,16441.98,151,1,0.15,1,approved,0.0,0
1781,30,80855.99,210,2,0.086,2,approved,1.0,1
1782,29,14005.35,156,4,0.282,1,approved,1.0,1
1783,74,71616.11,2,2,0.214,1,rejected,,1
1784,51,15678.48,14,3,0.149,0,approved,0.0,0
1785,57,29822.83,114,4,0.223,1,approved,0.0,0
1786,22,30927.09,149,0,0.083,2,approved,1.0,1
1787,58,39435.4,52,2,0.264,1,rejected,,0
1788,59,20279.86,237,4,0.022,2,approved,1.0,1
1789,18,12704.95,72,6,0.134,2,approved,0.0,0
1790,20,22764.43,155,2,0.3,2,approved,1.0,1
1791,46,57613.38,69,6,0.284,0,approved,0.0,0
1792,19,36597.57,175,4,0.151,1,approved,1.0,1
1793,38,38398.96,37,8,0.268,1,rejected,,0
1794,73,29674.52,18,5,0.06,1,approved,0.0,0
1795,71,37311.9,100,2,0.11,1,approved,1.0,1
1796,38,53206.5,231,5,0.341,0,approved,1.0,1
1797,74,87866.4,193,5,0.364,2,approved,1.0,1
1798,49,31580.24,136,5,0.446,1,approved,0.0,0
1799,47,31342.91,85,4,0.067,3,rejected,,0
1800,45,29320.33,33,3,0.348,1,rejected,,0
1801,62,64971.03,234,2,0.571,0,approved,1.0,1
1802,54,54539.99,229,3,0.157,1,approved,1.0,1
1803,51,22117.15,209,3,0.241,2,approved,1.0,1
1804,71,54199.69,194,2,0.037,1,approved,1.0,1
1805,35,31658.58,128,2,0.311,0,approved,0.0,0
1806,49,26788.95,232,0,0.506,1,approved,0.0,0
1807,22,35345.52,87,1,0.252,1,approved,0.0,0
1808,36,42383.45,154,1,0.174,1,approved,0.0,0
1809,57,26503.24,45,2,0.641,1,rejected,,1
1810,20,23767.38,121,1,0.118,2,approved,1.0,1
1811,47,96002.36,142,3,0.043,5,approved,0.0,0
1812,54,39658.02,90,1,0.179,2,approved,1.0,1
1813,23,45456.69,61,0,0.133,3,rejected,,0
1814,41,45922.76,140,1,0.05,3,approved,1.0,1
1815,20,36619.69,164,3,0.547,1,approved,0.0,0
1816,72,24816.52,146,6,0.168,1,approved,1.0,1
1817,71,65256.29,24,1,0.195,1,approved,1.0,1
1818,51,69880.58,113,3,0.334,1,approved,1.0,1
1819,24,57457.92,34,6,0.295,2,rejected,,0
1820,54,23820.17,130,4,0.372,1,approved,0.0,0
1821,62,49581.19,78,2,0.509,3,rejected,,1
1822,54,49434.32,226,1,0.052,0,approved,1.0,1
1823,62,44260.31,103,4,0.32,1,approved,0.0,0
1824,48,20028.04,150,3,0.409,0,approved,1.0,1
1825,68,59973.29,78,2,0.113,3,approved,1.0,1
1826,40,67266.5,237,1,0.193,0,approved,1.0,1
1827,74,32878.63,219,2,0.277,1,approved,1.0,1
1828,44,46145.68,210,2,0.31,4,approved,0.0,0
1829,73,33746.04,208,1,0.207,2,approved,1.0,1
1830,56,52177.52,67,3,0.492,0,rejected,,1
1831,40,25245.09,233,3,0.158,1,approved,1.0,1
1832,31,43577.72,218,3,0.495,1,approved,1.0,1
1833,69,77158.05,225,2,0.079,1,approved,1.0,1
1834,28,32197.65,86,3,0.13,3,rejected,,0
1835,71,47224.12,168,3,0.429,0,approved,1.0,1
1836,69,32045.37,48,5,0.208,1,approved,0.0,0
1837,53,34280.3,73,2,0.105,0,rejected,,1
1838,56,29286.04,16,2,0.214,1,rejected,,0
1839,50,20428.93,141,3,0.507,2,approved,1.0,1
1840,67,12454.09,129,2,0.099,1,approved,0.0,0
1841,26,66752.21,131,2,0.547,1,approved,1.0,1
1842,38,60108.16,129,1,0.219,2,approved,0.0,0
1843,37,41036.03,50,1,0.12,2,rejected,,1
1844,50,48084.21,160,6,0.197,0,approved,1.0,1
1845,46,40475.73,173,4,0.188,0,approved,0.0,0
1846,52,36167.49,177,6,0.462,0,approved,0.0,0
1847,35,33580.15,52,5,0.36,1,rejected,,0
1848,68,58833.98,111,6,0.233,1,approved,1.0,1
1849,35,29729.29,157,0,0.243,5,approved,1.0,1
1850,68,18652.13,188,1,0.127,3,approved,1.0,1
1851,23,35523.08,67,2,0.344,1,rejected,,1
1852,32,112698.04,126,1,0.293,1,approved,0.0,0
1853,58,57148.9,161,3,0.138,1,approved,0.0,0
1854,73,41943.09,83,2,0.27,1,approved,1.0,1
1855,31,33598.16,229,3,0.469,0,approved,1.0,1
1856,39,36615.97,38,0,0.493,0,rejected,,0
1857,71,52159.19,12,3,0.257,0,rejected,,1
1858,52,28712.11,29,4,0.744,1,rejected,,0
1859,55,39796.61,140,1,0.264,1,approved,1.0,1
1860,74,24539.92,99,5,0.612,1,approved,0.0,0
1861,72,35270.82,95,2,0.427,1,rejected,,0
1862,41,33934.72,2,4,0.153,1,rejected,,0
1863,51,29637.87,226,4,0.57,2,approved,0.0,0
1864,54,25895.86,36,2,0.092,2,rejected,,0
1865,64,83970.2,168,1,0.568,0,approved,1.0,1
1866,74,36445.67,40,1,0.144,0,approved,1.0,1
1867,29,10524.98,175,4,0.204,0,approved,1.0,1
1868,53,43297.34,138,3,0.378,0,approved,1.0,1
1869,37,28458.47,114,3,0.467,4,rejected,,1
1870,55,37929.82,186,4,0.178,1,approved,1.0,1
1871,29,69838.12,140,0,0.113,1,approved,1.0,1
1872,62,27256.37,229,6,0.426,2,approved,1.0,1
1873,66,48331.34,105,3,0.14,1,approved,1.0,1
1874,62,50237.07,24,4,0.191,2,approved,1.0,1
1875,63,22417.63,3,3,0.194,1,rejected,,0
1876,72,61003.7,115,3,0.297,0,approved,1.0,1
1877,26,35349.14,40,5,0.059,1,approved,1.0,1
1878,54,69036.53,140,3,0.305,1,approved,1.0,1
1879,51,35087.58,40,0,0.253,0,approved,0.0,0
1880,32,52068.39,91,5,0.31,0,approved,1.0,1
1881,58,31086.78,41,4,0.129,1,approved,0.0,0
1882,21,113617.95,72,1,0.252,0,approved,1.0,1
1883,40,42675.85,159,2,0.576,2,approved,0.0,0
1884,22,56704.04,130,4,0.241,3,rejected,,1
1885,34,19572.39,173,2,0.41,2,approved,0.0,0
1886,72,48890.45,87,2,0.222,0,approved,1.0,1
1887,63,85719.68,202,5,0.256,2,approved,1.0,1
1888,64,61860.92,111,0,0.483,1,approved,0.0,0
1889,74,16456.67,130,4,0.247,0,approved,1.0,1
1890,51,35996.72,134,5,0.219,3,approved,0.0,0
1891,74,55220.22,168,2,0.061,0,approved,1.0,1
1892,69,36666.84,88,3,0.725,1,rejected,,1
1893,46,20039.63,199,7,0.129,1,approved,0.0,0
1894,67,66903.17,159,5,0.283,0,approved,1.0,1
1895,32,36612.33,66,1,0.194,0,approved,0.0,0
1896,38,31344.93,41,4,0.115,1,approved,0.0,0
1897,73,15234.25,139,0,0.228,0,approved,1.0,1
1898,64,20446.08,120,1,0.07,0,approved,1.0,1
1899,54,21214.76,1,4,0.75,0,rejected,,1
1900,29,22149.68,91,3,0.255,1,rejected,,1
1901,26,37064.06,7,5,0.374,0,rejected,,1
1902,74,36926.31,213,4,0.435,1,approved,1.0,1
1903,63,12693.85,26,2,0.246,0,rejected,,1
1904,36,9770.97,133,3,0.156,2,approved,0.0,0
1905,25,31678.07,107,2,0.357,2,rejected,,1
1906,33,55584.36,221,5,0.324,1,approved,0.0,0
1907,23,13979.03,69,1,0.252,0,approved,0.0,0
1908,28,41221.71,212,3,0.163,0,approved,1.0,1
1909,40,38849.97,55,3,0.315,0,approved,0.0,0
1910,49,18441.44,196,2,0.627,1,approved,1.0,1
1911,67,58907.91,40,2,0.22,0,approved,1.0,1
1912,69,82176.28,49,7,0.579,0,approved,0.0,0
1913,33,61876.68,96,1,0.027,0,approved,1.0,1
1914,49,13095.89,209,3,0.273,1,approved,0.0,0
1915,59,29229.85,179,3,0.205,3,approved,0.0,0
1916,20,40067.35,110,0,0.146,0,approved,0.0,0
1917,43,21684.64,98,5,0.385,0,approved,0.0,0
1918,21,21643.16,69,2,0.249,1,rejected,,0
1919,29,24023.46,184,3,0.256,2,approved,0.0,0
1920,47,48333.9,154,5,0.338,1,approved,1.0,1
1921,21,28868.64,155,3,0.817,0,rejected,,0
1922,68,22697.54,33,2,0.222,2,rejected,,0
1923,64,48754.84,142,1,0.361,0,approved,0.0,0
1924,51,31070.48,141,2,0.185,1,approved,0.0,0
1925,35,51083.91,135,1,0.127,1,rejected,,1
1926,60,16305.15,138,6,0.277,0,approved,0.0,0
1927,54,122451.25,79,3,0.371,4,approved,0.0,0
1928,65,59267.66,98,4,0.09,0,approved,1.0,1
1929,69,46540.68,105,3,0.525,1,rejected,,0
1930,25,25301.12,235,4,0.472,1,approved,1.0,1
1931,19,49820.63,170,1,0.397,2,approved,1.0,1
1932,42,47332.92,210,2,0.236,1,approved,1.0,1
1933,24,40048.78,224,3,0.092,0,approved,1.0,1
1934,18,17783.84,110,5,0.346,0,approved,1.0,1
1935,39,44516.76,90,2,0.294,3,rejected,,0
1936,41,44730.5,42,3,0.197,1,approved,1.0,1
1937,54,41213.02,16,0,0.367,1,rejected,,0
1938,66,61193.74,153,5,0.533,2,approved,0.0,0
1939,72,95949.08,57,5,0.299,0,approved,0.0,0
1940,62,74880.87,84,3,0.322,2,approved,1.0,1
1941,72,35077.21,4,5,0.118,3,rejected,,0
1942,37,31929.69,52,0,0.519,1,rejected,,1
1943,64,46498.56,63,7,0.091,0,approved,0.0,0
1944,58,6146.42,146,3,0.198,0,approved,1.0,1
1945,74,60227.59,136,1,0.573,1,approved,1.0,1
1946,58,20087.99,135,5,0.072,0,approved,1.0,1
1947,20,47225.96,147,2,0.293,0,approved,1.0,1
1948,46,36263.36,82,6,0.182,0,rejected,,1
1949,26,32958.03,56,1,0.363,0,rejected,,1
1950,23,27978.1,162,4,0.276,0,approved,1.0,1
1951,67,42912.32,213,7,0.437,1,approved,1.0,1
1952,70,13162.91,171,2,0.161,1,approved,0.0,0
1953,35,21943.32,194,4,0.221,1,approved,0.0,0
1954,50,40423.98,125,7,0.286,2,approved,1.0,1
1955,62,30928.48,224,3,0.414,4,approved,1.0,1
1956,28,27069.44,49,1,0.402,0,rejected,,1
1957,20,26090.95,107,2,0.392,1,rejected,,0
1958,56,37069.64,146,2,0.2,1,approved,1.0,1
1959,31,48381.04,67,3,0.108,1,approved,1.0,1
1960,61,18221.23,0,1,0.088,0,rejected,,1
1961,74,31482.51,236,2,0.508,1,approved,1.0,1
1962,24,41591.08,202,4,0.071,0,approved,1.0,1
1963,53,23110.45,195,4,0.404,2,approved,0.0,0
1964,42,45444.51,3,2,0.038,2,rejected,,0
1965,52,19552.19,17,1,0.132,0,approved,1.0,1
1966,72,56239.57,14,3,0.528,3,rejected,,0
1967,63,28290.68,153,4,0.259,2,approved,1.0,1
1968,51,25198.71,201,2,0.175,0,approved,0.0,0
1969,73,46548.38,133,2,0.339,0,approved,1.0,1
1970,62,26154.14,122,3,0.284,3,approved,1.0,1
1971,66,40645.27,162,2,0.372,2,rejected,,1
1972,26,23488.33,210,1,0.047,1,approved,1.0,1
1973,70,46446.49,190,3,0.312,1,approved,1.0,1
1974,33,35519.65,21,4,0.348,3,approved,0.0,0
1975,53,25595.04,112,2,0.035,2,approved,0.0,0
1976,72,63550.63,93,2,0.209,2,approved,1.0,1
1977,73,11050.25,139,1,0.189,1,approved,1.0,1
1978,22,26848.84,179,1,0.539,2,approved,0.0,0
1979,51,29055.47,220,2,0.166,1,approved,1.0,1
1980,68,29211.01,81,3,0.049,1,approved,1.0,1
1981,50,67167.25,65,6,0.315,0,approved,0.0,0
1982,21,27216.05,118,2,0.279,0,approved,1.0,1
1983,49,60885.75,98,3,0.084,2,approved,0.0,0
1984,51,33456.58,23,3,0.211,2,rejected,,0
1985,58,24442.01,42,2,0.456,1,rejected,,0
1986,18,18196.69,196,4,0.15,2,approved,1.0,1
1987,30,36075.61,36,6,0.255,0,approved,0.0,0
1988,69,24694.2,182,3,0.164,4,approved,0.0,0
1989,44,39253.53,27,3,0.52,1,rejected,,0
1990,48,24032.62,147,3,0.124,1,approved,1.0,1
1991,27,91103.59,218,4,0.214,0,approved,1.0,1
1992,48,31122.46,87,1,0.102,1,approved,1.0,1
1993,34,34960.22,17,6,0.284,1,rejected,,0
1994,40,50528.3,83,2,0.408,1,approved,0.0,0
1995,45,20531.95,220,2,0.31,0,approved,1.0,1
1996,57,29573.63,204,2,0.411,1,approved,0.0,0
1997,18,51921.13,214,1,0.161,2,approved,1.0,1
1998,56,29972.78,132,1,0.12,0,approved,1.0,1
1999,73,25312.81,64,1,0.269,0,approved,1.0,1
2000,52,29507.84,60,1,0.13,1,approved,1.0,1
2001,25,43063.0,229,4,0.148,1,approved,1.0,1
2002,44,53966.75,14,4,0.406,0,approved,0.0,0
2003,61,22163.32,135,3,0.279,0,approved,1.0,1
2004,28,59957.39,239,4,0.25,0,approved,1.0,1
2005,67,62368.01,193,4,0.208,3,approved,1.0,1
2006,51,35920.39,173,4,0.113,3,approved,1.0,1
2007,30,120636.3,98,3,0.226,0,approved,1.0,1
2008,71,55875.86,41,2,0.065,1,approved,0.0,0
2009,25,34188.99,29,7,0.091,0,rejected,,1
2010,35,50311.58,125,5,0.317,0,approved,0.0,0
2011,54,20038.1,11,0,0.381,2,rejected,,0
2012,44,16733.99,91,6,0.332,2,rejected,,0
2013,41,36960.26,225,3,0.248,3,approved,1.0,1
2014,21,25316.27,128,3,0.289,3,rejected,,1
2015,28,29864.9,80,7,0.17,2,approved,0.0,0
2016,22,37582.42,125,2,0.132,0,approved,1.0,1
2017,20,48442.65,57,2,0.161,1,approved,1.0,1
2018,29,21025.6,5,3,0.054,1,rejected,,1
2019,61,67792.93,97,5,0.489,0,approved,1.0,1
2020,53,65764.28,139,2,0.338,2,approved,1.0,1
2021,21,42633.53,54,3,0.263,1,approved,1.0,1
2022,33,72564.41,10,2,0.1,1,rejected,,1
2023,70,32880.58,107,4,0.236,2,rejected,,0
2024,72,21684.84,156,5,0.373,2,approved,0.0,0
2025,62,46470.87,103,4,0.119,3,approved,1.0,1
2026,41,53788.65,217,4,0.265,4,approved,1.0,1
2027,60,42256.64,148,5,0.521,1,rejected,,0
2028,53,33264.29,20,2,0.146,1,rejected,,1
2029,45,37201.38,48,4,0.211,1,rejected,,1
2030,50,37927.83,25,5,0.227,2,rejected,,0
2031,44,33964.11,99,8,0.243,0,approved,1.0,1
2032,46,43756.46,25,3,0.051,1,rejected,,1
2033,28,29177.42,174,5,0.061,0,approved,1.0,1
2034,40,55390.51,92,3,0.309,2,approved,1.0,1
2035,51,71088.38,80,4,0.457,0,approved,0.0,0
2036,43,69981.69,92,2,0.107,1,approved,1.0,1
2037,29,36148.6,9,3,0.24,3,rejected,,0
2038,74,65488.33,100,3,0.396,3,rejected,,0
2039,35,54494.19,12,2,0.528,2,rejected,,0
2040,23,39850.51,101,2,0.197,3,rejected,,1
2041,43,59099.56,10,4,0.11,0,approved,1.0,1
2042,73,18031.85,30,1,0.179,1,rejected,,0
2043,54,55131.15,193,1,0.372,0,approved,1.0,1
2044,32,23228.07,84,5,0.499,1,approved,1.0,1
2045,70,18743.74,103,4,0.07,1,approved,1.0,1
2046,63,38947.7,171,5,0.155,1,approved,1.0,1
2047,72,20208.73,62,2,0.268,1,rejected,,1
2048,31,44225.81,93,3,0.174,1,approved,1.0,1
2049,43,58994.97,73,2,0.263,1,approved,0.0,0
2050,40,36969.15,194,3,0.31,1,approved,1.0,1
2051,71,36754.65,175,0,0.483,0,approved,1.0,1
2052,58,28617.25,59,2,0.281,2,rejected,,0
2053,29,50310.03,220,2,0.24,1,approved,1.0,1
2054,70,15035.91,121,4,0.349,3,rejected,,0
2055,36,18391.98,6,2,0.082,1,rejected,,0
2056,42,19651.45,163,2,0.075,1,approved,1.0,1
2057,36,67882.46,46,5,0.284,1,approved,0.0,0
2058,52,23635.0,161,3,0.149,3,approved,1.0,1
2059,25,37431.98,68,1,0.126,1,approved,1.0,1
2060,37,30796.5,195,3,0.429,1,approved,1.0,1
2061,73,30198.63,200,1,0.26,0,approved,1.0,1
2062,29,15660.84,41,0,0.202,0,approved,0.0,0
2063,37,49038.48,231,2,0.306,1,approved,1.0,1
2064,71,16464.18,57,4,0.354,3,rejected,,0
2065,44,25988.85,227,1,0.456,2,approved,1.0,1
2066,71,28013.52,107,2,0.124,1,approved,1.0,1
2067,52,59345.03,50,4,0.039,1,approved,1.0,1
2068,73,35186.5,137,2,0.314,2,approved,1.0,1
2069,67,59038.19,214,2,0.039,0,approved,1.0,1
2070,73,22201.45,168,2,0.153,0,approved,1.0,1
2071,55,57212.32,162,4,0.071,1,approved,1.0,1
2072,69,32019.88,64,2,0.278,2,approved,1.0,1
2073,61,37955.57,104,3,0.15,0,approved,1.0,1
2074,49,25105.5,145,1,0.378,2,approved,1.0,1
2075,18,47001.36,234,0,0.145,2,approved,1.0,1
2076,35,84712.12,217,4,0.634,0,approved,1.0,1
2077,41,63710.99,131,3,0.163,1,approved,1.0,1
2078,40,59686.93,40,2,0.483,1,rejected,,0
2079,60,34847.94,107,0,0.205,1,rejected,,1
2080,34,52578.12,74,5,0.757,1,rejected,,0
2081,66,26392.11,107,1,0.43,1,approved,1.0,1
2082,36,37703.55,26,5,0.197,0,approved,1.0,1
2083,49,25748.53,164,4,0.438,3,rejected,,0
2084,61,35583.16,92,5,0.13,3,rejected,,1
2085,31,99458.75,60,1,0.496,1,approved,0.0,0
2086,71,36944.12,132,5,0.152,2,approved,1.0,1
2087,48,29799.95,53,4,0.063,2,approved,0.0,0
2088,50,17417.98,142,3,0.376,2,rejected,,1
2089,35,47807.43,51,3,0.576,2,rejected,,1
2090,58,19395.28,97,1,0.24,0,approved,0.0,0
2091,29,51950.38,152,4,0.064,2,approved,0.0,0
2092,33,35990.63,103,3,0.452,0,rejected,,1
2093,24,23166.2,169,1,0.289,0,approved,1.0,1
2094,69,21657.79,79,1,0.175,1,rejected,,1
2095,31,54421.42,54,2,0.061,1,approved,1.0,1
2096,48,52051.6,219,4,0.262,2,approved,1.0,1
2097,56,42735.17,13,3,0.413,1,rejected,,0
2098,55,77828.86,114,5,0.26,1,approved,0.0,0
2099,48,65464.9,84,4,0.488,0,approved,1.0,1
2100,67,29070.71,73,2,0.142,3,rejected,,0
2101,34,30685.73,66,1,0.11,1,approved,0.0,0
2102,36,49063.09,155,4,0.512,0,approved,0.0,0
2103,48,35133.56,163,1,0.131,0,approved,1.0,1
2104,28,48534.46,110,7,0.403,0,approved,0.0,0
2105,63,51226.21,217,7,0.209,2,approved,1.0,1
2106,49,26712.31,181,1,0.214,2,approved,0.0,0
2107,64,48214.3,140,3,0.114,0,approved,1.0,1
2108,64,30176.62,17,0,0.264,0,approved,0.0,0
2109,55,83450.55,94,4,0.185,1,approved,1.0,1
2110,66,35900.12,103,0,0.624,0,rejected,,1
2111,36,19215.43,134,6,0.051,1,approved,1.0,1
2112,20,56394.55,220,1,0.228,0,approved,1.0,1
2113,35,25837.09,66,2,0.238,1,rejected,,1
2114,63,66960.75,116,0,0.373,1,approved,0.0,0
2115,66,74171.98,26,2,0.247,3,approved,1.0,1
2116,33,19727.33,235,2,0.501,1,approved,1.0,1
2117,55,28083.04,146,4,0.263,2,approved,1.0,1
2118,24,109856.59,233,5,0.181,0,approved,1.0,1
2119,53,41881.34,172,1,0.184,2,approved,1.0,1
2120,34,37011.27,43,2,0.358,1,rejected,,0
2121,42,40621.9,172,2,0.304,0,approved,1.0,1
2122,24,36794.88,176,2,0.281,2,approved,1.0,1
2123,30,47125.08,198,4,0.183,1,approved,1.0,1
2124,39,32851.75,141,3,0.18,0,approved,1.0,1
2125,31,35224.6,150,4,0.439,1,rejected,,1
2126,45,70165.78,52,5,0.811,3,rejected,,0
2127,67,24383.45,21,4,0.527,2,rejected,,0
2128,70,30663.28,194,1,0.06,2,approved,1.0,1
2129,70,26216.89,229,2,0.304,0,approved,1.0,1
2130,67,68042.1,8,5,0.401,0,rejected,,1
2131,59,30474.66,117,2,0.436,3,approved,0.0,0
2132,60,26460.65,21,2,0.151,1,approved,1.0,1
2133,18,19064.9,106,3,0.426,1,rejected,,1
2134,23,39300.41,72,2,0.618,2,rejected,,1
2135,41,61075.77,124,5,0.286,0,approved,1.0,1
2136,43,22789.39,209,1,0.349,0,approved,1.0,1
2137,35,36232.44,120,3,0.169,1,approved,1.0,1
2138,36,27251.92,178,1,0.208,0,approved,1.0,1
2139,40,17760.32,214,0,0.175,0,approved,1.0,1
2140,73,49633.55,132,3,0.244,1,approved,1.0,1
2141,40,57203.65,226,2,0.326,1,approved,1.0,1
2142,70,49970.91,1,1,0.182,1,rejected,,0
2143,25,27183.91,48,3,0.557,0,rejected,,0
2144,70,30441.3,90,3,0.538,1,approved,0.0,0
2145,54,71775.57,126,3,0.344,3,approved,0.0,0
2146,65,37268.75,168,1,0.21,1,approved,1.0,1
2147,35,30344.01,225,5,0.087,2,approved,1.0,1
2148,60,20262.2,31,2,0.518,3,rejected,,0
2149,60,13874.88,45,5,0.269,0,rejected,,1
2150,58,37204.58,141,2,0.243,2,approved,0.0,0
2151,54,48502.73,32,1,0.351,1,rejected,,1
2152,48,18475.82,182,2,0.292,1,approved,0.0,0
2153,68,62971.08,222,4,0.371,1,approved,1.0,1
2154,51,40716.53,220,4,0.374,0,approved,1.0,1
2155,56,57127.03,73,1,0.112,1,approved,1.0,1
2156,45,69968.97,29,3,0.208,2,rejected,,1
2157,23,53178.41,8,2,0.086,2,rejected,,0
2158,46,116785.78,134,1,0.584,1,approved,1.0,1
2159,66,34926.77,214,2,0.395,0,approved,1.0,1
2160,27,32794.34,108,4,0.222,1,approved,1.0,1
2161,66,26869.2,130,2,0.042,2,approved,1.0,1
2162,31,75084.86,66,2,0.351,1,rejected,,0
2163,25,51164.65,222,1,0.184,2,approved,1.0,1
2164,31,25449.83,204,1,0.581,0,approved,0.0,0
2165,72,52617.78,188,5,0.205,1,approved,1.0,1
2166,37,44773.32,233,2,0.204,0,approved,1.0,1
2167,67,16079.04,237,4,0.215,0,approved,1.0,1
2168,44,74183.44,41,4,0.42,2,approved,1.0,1
2169,43,28606.63,148,1,0.262,1,approved,0.0,0
2170,43,20295.16,65,3,0.093,0,approved,0.0,0
2171,35,51964.18,227,2,0.41,2,rejected,,1
2172,70,53872.49,64,2,0.147,2,rejected,,1
2173,55,53362.95,29,2,0.3,0,rejected,,0
2174,27,61925.6,122,2,0.546,1,approved,1.0,1
2175,71,58353.21,88,3,0.59,3,rejected,,1
2176,42,53506.03,208,2,0.419,0,approved,1.0,1
2177,19,27504.78,67,0,0.116,0,approved,1.0,1
2178,32,27499.04,95,2,0.223,0,approved,0.0,0
2179,73,72863.68,1,3,0.044,1,approved,1.0,1
2180,73,27538.53,110,8,0.074,0,approved,1.0,1
2181,34,25743.1,100,2,0.108,1,approved,0.0,0
2182,46,27091.28,96,3,0.253,0,approved,1.0,1
2183,49,33283.88,204,3,0.297,3,approved,1.0,1
2184,52,64913.53,93,3,0.21,4,rejected,,0
2185,54,46123.44,165,3,0.575,1,approved,1.0,1
2186,72,27413.9,229,3,0.253,1,approved,0.0,0
2187,33,65239.26,42,3,0.375,1,approved,0.0,0
2188,57,31300.6,140,4,0.104,1,approved,1.0,1
2189,31,26366.6,56,0,0.555,2,rejected,,0
2190,47,54094.91,56,1,0.451,1,approved,1.0,1
2191,51,57435.68,239,2,0.584,2,approved,1.0,1
2192,38,64778.37,221,1,0.181,3,approved,1.0,1
2193,42,27625.35,142,4,0.604,2,approved,1.0,1
2194,62,33188.61,16,1,0.385,3,rejected,,0
2195,55,17614.41,209,3,0.497,1,approved,0.0,0
2196,41,14598.49,25,3,0.589,2,rejected,,0
2197,35,21848.96,95,3,0.454,5,rejected,,0
2198,61,26775.92,187,1,0.362,0,approved,0.0,0
2199,39,40533.73,82,4,0.132,0,approved,1.0,1
2200,29,29429.3,185,4,0.269,0,approved,1.0,1
2201,23,14600.65,223,2,0.269,1,approved,0.0,0
2202,19,46621.52,54,4,0.375,1,approved,0.0,0
2203,41,34528.27,148,0,0.792,2,rejected,,0
2204,35,49511.99,28,2,0.264,0,approved,1.0,1
2205,74,50555.92,5,2,0.097,0,approved,0.0,0
2206,58,13575.71,200,0,0.075,2,approved,1.0,1
2207,56,56499.94,239,1,0.099,1,approved,1.0,1
2208,74,22643.02,67,3,0.217,1,rejected,,0
2209,21,37973.01,146,2,0.646,1,approved,1.0,1
2210,29,49869.08,188,1,0.542,0,approved,1.0,1
2211,49,57608.19,5,2,0.34,1,rejected,,1
2212,64,50843.98,203,4,0.084,1,approved,1.0,1
2213,35,39339.64,40,2,0.361,2,rejected,,1
2214,52,43615.64,107,4,0.26,2,approved,0.0,0
2215,43,79641.72,149,1,0.183,2,approved,1.0,1
2216,44,48070.81,96,6,0.466,1,approved,0.0,0
2217,71,23528.6,115,3,0.227,1,approved,1.0,1
2218,70,23970.97,59,1,0.14,0,approved,0.0,0
2219,55,60643.78,100,0,0.238,3,approved,1.0,1
2220,49,31987.47,217,2,0.009,0,approved,1.0,1
2221,48,65047.38,84,4,0.108,4,approved,1.0,1
2222,49,45978.29,74,6,0.257,1,approved,0.0,0
2223,29,28173.45,31,4,0.303,1,rejected,,1
2224,20,19649.26,128,4,0.183,2,approved,0.0,0
2225,33,35043.08,183,2,0.271,1,approved,1.0,1
2226,53,36538.54,168,4,0.5,1,approved,0.0,0
2227,42,38063.14,20,3,0.444,1,rejected,,0
2228,62,20443.57,147,0,0.182,1,approved,1.0,1
2229,43,31171.75,204,0,0.092,0,approved,0.0,0
2230,51,42303.7,160,1,0.16,0,approved,1.0,1
2231,50,23207.73,186,8,0.298,1,approved,1.0,1
2232,63,30117.63,116,2,0.53,0,approved,0.0,0
2233,56,56076.65,83,5,0.447,1,approved,1.0,1
2234,51,29506.58,12,4,0.103,1,approved,1.0,1
2235,56,59715.86,155,3,0.378,0,approved,1.0,1
2236,57,33853.44,169,4,0.296,2,approved,1.0,1
2237,19,43050.65,55,6,0.369,2,rejected,,1
2238,34,75093.81,236,7,0.39,1,approved,1.0,1
2239,69,59719.48,106,2,0.294,1,approved,1.0,1
2240,26,71321.81,24,7,0.346,1,approved,1.0,1
2241,31,23139.39,13,3,0.448,2,rejected,,0
2242,50,40439.82,157,3,0.161,1,approved,1.0,1
2243,70,54015.76,79,5,0.379,0,rejected,,0
2244,59,51853.87,64,2,0.354,2,approved,0.0,0
2245,32,37797.23,41,3,0.329,0,approved,1.0,1
2246,49,70631.53,140,1,0.179,2,approved,1.0,1
2247,57,35969.71,181,3,0.164,0,approved,1.0,1
2248,28,43755.57,28,3,0.148,1,approved,1.0,1
2249,56,45000.88,117,2,0.449,4,rejected,,0
2250,63,37270.21,65,1,0.226,3,rejected,,0
2251,40,36515.7,219,2,0.192,1,approved,1.0,1
2252,28,70995.3,132,0,0.437,1,approved,1.0,1
2253,36,56217.16,19,2,0.201,3,rejected,,0
2254,41,96035.79,43,0,0.336,0,approved,1.0,1
2255,21,37139.48,77,3,0.45,0,approved,0.0,0
2256,67,24885.48,155,1,0.228,4,rejected,,1
2257,50,30246.31,227,0,0.263,1,approved,1.0,1
2258,29,27904.06,10,1,0.309,0,rejected,,0
2259,71,58122.78,68,1,0.353,0,approved,1.0,1
2260,35,22184.82,136,4,0.066,2,rejected,,0
2261,74,22415.18,138,2,0.346,1,rejected,,1
2262,72,34085.88,71,1,0.227,1,approved,1.0,1
2263,66,10120.17,77,1,0.305,1,approved,1.0,1
2264,46,31304.15,184,4,0.337,2,approved,1.0,1
2265,71,32793.94,0,3,0.099,0,approved,0.0,0
2266,32,10076.23,121,1,0.646,0,rejected,,0
2267,61,76364.99,40,5,0.264,1,approved,0.0,0
2268,18,25302.21,158,2,0.232,2,rejected,,1
2269,69,53443.22,170,4,0.067,2,approved,1.0,1
2270,46,116196.87,92,0,0.095,1,approved,1.0,1
2271,46,33927.81,123,1,0.132,0,approved,1.0,1
2272,67,21715.59,21,2,0.251,2,rejected,,1
2273,27,51340.43,225,5,0.572,1,approved,1.0,1
2274,32,39736.53,151,1,0.153,0,approved,0.0,0
2275,68,42457.33,49,3,0.114,0,approved,1.0,1
2276,52,28723.53,163,1,0.403,3,approved,0.0,0
2277,27,21331.66,31,2,0.089,0,rejected,,0
2278,20,44376.0,48,6,0.228,2,approved,0.0,0
2279,19,29468.2,22,4,0.455,0,rejected,,0
2280,18,45409.29,152,5,0.07,1,approved,1.0,1
2281,19,27966.76,33,4,0.239,0,rejected,,0
2282,49,16817.69,122,1,0.424,1,approved,0.0,0
2283,74,20099.81,35,2,0.269,2,rejected,,1
2284,24,48430.76,155,0,0.121,1,approved,1.0,1
2285,29,56627.95,16,1,0.387,5,rejected,,0
2286,73,34882.08,193,3,0.142,2,approved,0.0,0
2287,27,26835.32,19,2,0.182,0,rejected,,1
2288,54,35730.52,145,3,0.376,0,approved,1.0,1
2289,62,21720.63,205,3,0.184,1,approved,1.0,1
2290,46,24144.59,74,3,0.17,1,approved,1.0,1
2291,65,36760.52,82,4,0.599,1,rejected,,0
2292,42,61323.47,179,3,0.258,3,approved,1.0,1
2293,48,40937.95,77,7,0.061,1,approved,1.0,1
2294,23,53224.69,132,4,0.415,1,approved,1.0,1
2295,37,33148.74,235,4,0.322,2,approved,0.0,0
2296,59,51875.9,209,1,0.479,0,approved,1.0,1
2297,40,30416.31,122,7,0.234,1,approved,0.0,0
2298,73,83793.98,205,0,0.3,0,approved,1.0,1
2299,72,42848.81,12,5,0.472,0,rejected,,0
2300,49,37695.03,212,2,0.251,0,approved,1.0,1
2301,60,150785.38,101,3,0.142,2,approved,1.0,1
2302,50,113088.31,190,1,0.124,0,approved,1.0,1
2303,59,21829.25,210,6,0.075,2,approved,0.0,0
2304,29,62845.97,84,0,0.766,2,rejected,,0
2305,59,107114.81,193,3,0.226,3,approved,0.0,0
2306,29,44212.52,11,3,0.529,6,rejected,,0
2307,43,18573.42,129,4,0.04,1,approved,1.0,1
2308,19,28406.36,148,2,0.414,3,approved,0.0,0
2309,19,21264.9,54,4,0.598,1,rejected,,1
2310,58,52975.87,52,5,0.315,3,rejected,,0
2311,42,54713.46,140,6,0.325,0,approved,1.0,1
2312,62,22463.42,174,3,0.188,1,approved,1.0,1
2313,57,52735.8,160,3,0.275,1,approved,0.0,0
2314,52,22531.62,41,2,0.253,0,rejected,,1
2315,28,44731.65,236,3,0.166,0,approved,1.0,1
2316,23,27338.12,31,3,0.267,1,rejected,,0
2317,24,64064.52,25,3,0.169,2,rejected,,0
2318,23,34873.69,78,2,0.502,1,rejected,,0
2319,33,54402.72,189,3,0.622,3,approved,0.0,0
2320,37,18650.73,100,2,0.089,3,approved,1.0,1
2321,55,63912.9,105,3,0.46,0,approved,0.0,0
2322,56,21023.02,43,5,0.314,1,rejected,,0
2323,49,43106.79,225,1,0.314,0,approved,1.0,1
2324,64,71514.23,37,3,0.325,1,approved,0.0,0
2325,57,33431.92,89,3,0.146,0,approved,0.0,0
2326,54,66809.26,29,6,0.528,1,rejected,,1
2327,22,38796.85,98,3,0.27,0,approved,1.0,1
2328,22,63012.17,153,2,0.247,2,approved,1.0,1
2329,48,78904.25,179,3,0.075,0,approved,1.0,1
2330,41,50249.7,116,3,0.238,1,approved,1.0,1
2331,28,66092.69,8,4,0.327,1,approved,0.0,0
2332,24,112642.51,198,4,0.359,2,approved,1.0,1
2333,37,72300.97,80,2,0.116,1,approved,1.0,1
2334,39,22417.71,14,5,0.448,2,rejected,,0
2335,25,45251.4,86,3,0.498,0,approved,0.0,0
2336,69,42710.19,57,3,0.625,4,rejected,,0
2337,58,23958.43,135,2,0.423,1,approved,0.0,0
2338,65,31517.59,29,5,0.583,1,rejected,,1
2339,71,13244.73,216,2,0.112,1,approved,1.0,1
2340,54,15721.47,165,4,0.202,0,approved,1.0,1
2341,33,51110.2,128,3,0.478,1,approved,1.0,1
2342,30,31969.65,52,8,0.476,1,rejected,,0
2343,19,32766.53,238,4,0.076,0,approved,1.0,1
2344,23,32495.97,39,2,0.282,4,rejected,,0
2345,28,28579.64,32,1,0.284,2,approved,1.0,1
2346,66,24696.04,151,5,0.414,2,rejected,,1
2347,43,50560.57,79,5,0.158,1,approved,0.0,0
2348,46,33322.9,208,6,0.449,0,approved,1.0,1
2349,68,69956.03,195,2,0.056,1,approved,1.0,1
2350,22,21220.54,232,2,0.318,3,approved,1.0,1
2351,19,49132.68,102,2,0.128,1,approved,1.0,1
2352,68,54167.25,54,4,0.371,1,rejected,,1
2353,33,31680.15,118,9,0.092,3,rejected,,0
2354,48,24181.13,126,3,0.303,2,approved,0.0,0
2355,54,63698.84,198,3,0.078,4,approved,1.0,1
2356,71,58178.33,126,4,0.177,1,approved,1.0,1
2357,26,58445.16,43,3,0.232,0,approved,1.0,1
2358,20,54624.56,9,4,0.148,0,rejected,,0
2359,24,44861.99,239,6,0.182,1,approved,1.0,1
2360,31,32825.38,40,5,0.185,3,rejected,,0
2361,62,74587.76,4,4,0.444,0,rejected,,0
2362,36,96778.49,222,4,0.385,0,approved,0.0,0
2363,67,63720.49,94,3,0.289,0,approved,1.0,1
2364,24,88222.23,59,3,0.182,0,approved,1.0,1
2365,22,16038.2,15,0,0.383,0,rejected,,0
2366,28,37046.78,151,2,0.106,1,approved,0.0,0
2367,53,29665.74,152,1,0.141,0,approved,0.0,0
2368,49,21311.08,5,0,0.252,4,rejected,,0
2369,27,12999.22,195,3,0.209,1,approved,1.0,1
2370,35,55282.47,72,0,0.123,0,approved,1.0,1
2371,61,58590.15,152,2,0.644,3,rejected,,1
2372,44,24659.38,124,2,0.191,1,approved,1.0,1
2373,44,29121.42,45,6,0.327,0,rejected,,0
2374,24,24828.84,96,2,0.429,1,rejected,,0
2375,59,22590.95,162,3,0.238,1,approved,0.0,0
2376,73,33354.06,151,3,0.84,0,approved,1.0,1
2377,22,103439.23,3,4,0.339,1,approved,1.0,1
2378,47,31699.41,120,5,0.262,2,rejected,,1
2379,31,40573.85,166,2,0.306,0,approved,1.0,1
2380,36,42592.59,66,3,0.184,1,approved,0.0,0
2381,26,31812.27,6,6,0.606,0,rejected,,0
2382,46,48754.79,236,2,0.238,4,approved,1.0,1
2383,32,36719.11,120,5,0.418,0,approved,1.0,1
2384,56,48294.93,21,2,0.278,1,approved,0.0,0
2385,34,32451.57,210,4,0.378,3,approved,0.0,0
2386,43,20989.28,120,5,0.375,1,approved,0.0,0
2387,25,37583.3,150,2,0.084,1,approved,1.0,1
2388,48,47887.01,200,4,0.207,3,approved,1.0,1
2389,69,21432.78,67,8,0.446,0,rejected,,0
2390,46,17336.67,58,3,0.156,0,approved,1.0,1
2391,39,40946.18,53,3,0.226,2,rejected,,1
2392,55,33041.99,58,3,0.363,4,rejected,,0
2393,50,32548.21,104,3,0.222,0,approved,0.0,0
2394,34,31097.62,184,3,0.354,1,approved,1.0,1
2395,41,23396.84,160,1,0.259,2,approved,0.0,0
2396,61,81476.76,239,3,0.054,4,approved,1.0,1
2397,23,11507.35,116,4,0.371,2,rejected,,0
2398,42,35581.83,195,6,0.281,0,approved,0.0,0
2399,72,33045.2,33,5,0.222,2,approved,1.0,1
2400,66,48784.44,125,2,0.369,3,rejected,,1
2401,66,43623.22,126,6,0.401,1,approved,0.0,0
2402,38,42039.74,167,3,0.421,1,approved,1.0,1
2403,65,20790.41,30,1,0.314,0,rejected,,1
2404,29,20137.58,16,3,0.357,1,rejected,,0
2405,68,46457.54,17,2,0.313,2,rejected,,0
2406,33,30152.27,205,1,0.09,2,approved,1.0,1
2407,22,33053.38,108,5,0.246,2,approved,0.0,0
2408,22,60628.17,163,2,0.143,0,approved,1.0,1
2409,62,45868.81,16,2,0.226,1,rejected,,1
2410,55,15785.95,102,4,0.219,0,approved,0.0,0
2411,63,62560.88,14,4,0.289,3,rejected,,0
2412,31,27862.49,232,0,0.463,1,approved,1.0,1
2413,53,30513.03,225,4,0.181,0,approved,1.0,1
2414,40,32540.99,114,4,0.138,1,approved,1.0,1
2415,50,107400.81,210,1,0.042,4,approved,1.0,1
2416,34,56776.36,12,3,0.422,0,rejected,,1
2417,69,93121.07,144,1,0.26,1,approved,1.0,1
2418,32,43477.01,124,4,0.343,3,rejected,,1
2419,63,36313.42,96,2,0.312,2,approved,0.0,0
2420,70,61875.74,23,5,0.172,1,approved,0.0,0
2421,67,41613.8,17,2,0.189,1,rejected,,1
2422,73,33815.85,212,1,0.616,2,approved,1.0,1
2423,64,24005.31,229,3,0.193,2,approved,1.0,1
2424,61,58735.21,109,4,0.085,1,approved,1.0,1
2425,59,67219.64,94,4,0.152,1,approved,1.0,1
2426,70,32867.41,168,1,0.177,0,approved,1.0,1
2427,34,5109.24,78,2,0.201,1,approved,1.0,1
2428,30,47890.25,76,4,0.719,1,rejected,,0
2429,45,21221.21,62,3,0.165,0,rejected,,1
2430,18,24357.11,83,4,0.456,3,rejected,,1
2431,59,26591.02,108,5,0.413,1,rejected,,1
2432,36,43239.84,1,2,0.289,0,rejected,,0
2433,56,65965.58,110,2,0.479,1,rejected,,1
2434,28,21477.23,205,5,0.29,0,approved,0.0,0
2435,74,114787.12,199,2,0.146,2,approved,1.0,1
2436,26,57724.98,227,4,0.583,1,approved,1.0,1
2437,34,50096.01,74,1,0.274,1,approved,0.0,0
2438,74,24750.79,120,4,0.279,0,approved,1.0,1
2439,24,52663.12,111,2,0.18,0,approved,1.0,1
2440,28,36214.32,117,1,0.345,1,approved,1.0,1
2441,30,116716.04,103,4,0.143,0,approved,1.0,1
2442,38,87507.08,165,2,0.041,2,approved,1.0,1
2443,31,41973.18,146,2,0.654,1,approved,0.0,0
2444,19,52725.0,116,3,0.224,2,approved,1.0,1
2445,60,17121.94,17,2,0.234,1,rejected,,0
2446,57,61991.9,194,3,0.257,1,approved,1.0,1
2447,68,35984.38,152,3,0.535,4,rejected,,0
2448,45,29602.01,145,2,0.348,1,rejected,,1
2449,20,41430.58,78,2,0.229,0,approved,1.0,1
2450,25,53049.55,134,2,0.204,0,approved,1.0,1
2451,49,56755.88,41,3,0.503,0,rejected,,1
2452,33,20011.78,222,5,0.321,1,approved,1.0,1
2453,30,17600.07,111,1,0.08,0,approved,1.0,1
2454,21,31587.76,25,3,0.209,0,rejected,,1
2455,33,40143.78,80,2,0.372,1,approved,0.0,0
2456,73,16245.99,174,5,0.393,1,rejected,,1
2457,64,45214.52,35,5,0.216,1,rejected,,1
2458,35,43692.11,200,3,0.204,3,approved,0.0,0
2459,46,17800.86,56,0,0.471,0,rejected,,0
2460,21,58134.26,187,2,0.107,1,approved,0.0,0
2461,60,20773.25,61,4,0.064,1,rejected,,1
2462,67,12717.23,204,5,0.311,1,approved,1.0,1
2463,44,17896.95,230,2,0.163,4,approved,1.0,1
2464,49,18436.01,108,3,0.312,2,rejected,,0
2465,47,38233.88,171,4,0.247,0,approved,1.0,1
2466,50,77544.79,107,3,0.353,0,approved,1.0,1
2467,24,52300.06,129,1,0.275,0,approved,1.0,1
2468,39,68367.49,226,3,0.52,2,approved,1.0,1
2469,40,53529.81,11,3,0.411,4,rejected,,0
2470,55,20159.58,214,7,0.26,3,rejected,,1
2471,53,24768.11,51,3,0.295,5,rejected,,0
2472,35,36038.76,166,3,0.485,2,rejected,,0
2473,31,41410.5,199,4,0.298,2,approved,1.0,1
2474,51,25718.58,172,5,0.298,2,approved,1.0,1
2475,58,20796.38,234,2,0.3,2,approved,1.0,1
2476,32,14674.81,79,2,0.324,2,approved,0.0,0
2477,70,39810.99,230,0,0.475,2,approved,0.0,0
2478,42,45544.16,179,0,0.477,1,approved,0.0,0
2479,74,83042.2,198,3,0.537,2,approved,1.0,1
2480,31,24114.66,5,1,0.488,0,rejected,,0
2481,47,31549.52,236,5,0.537,3,approved,1.0,1
2482,70,21296.17,25,1,0.286,0,rejected,,0
2483,34,30231.85,100,3,0.115,1,approved,0.0,0
2484,45,51990.0,101,1,0.362,2,rejected,,0
2485,63,39871.52,235,2,0.358,0,approved,0.0,0
2486,52,43419.22,176,4,0.487,0,approved,0.0,0
2487,55,36262.91,129,1,0.609,0,approved,0.0,0
2488,52,27097.58,2,4,0.436,3,rejected,,0
2489,67,51191.36,159,2,0.424,1,approved,1.0,1
2490,68,22047.85,196,1,0.378,0,approved,1.0,1
2491,46,51028.81,72,2,0.276,1,approved,0.0,0
2492,46,27798.16,102,2,0.494,2,approved,0.0,0
2493,66,37450.88,200,5,0.687,2,rejected,,0
2494,72,20844.06,229,5,0.119,1,approved,1.0,1
2495,50,15520.58,72,4,0.446,3,rejected,,0
2496,63,48727.66,192,5,0.216,2,approved,1.0,1
2497,53,92083.3,172,3,0.122,2,approved,1.0,1
2498,68,103148.66,3,5,0.208,1,approved,1.0,1
2499,56,117812.78,67,1,0.333,0,approved,1.0,1
2500,51,44977.55,235,2,0.828,0,approved,1.0,1
2501,51,45767.68,147,4,0.088,0,approved,1.0,1
2502,35,21328.7,195,9,0.217,0,approved,0.0,0
2503,18,45144.31,37,1,0.196,1,rejected,,0
2504,27,43659.07,115,2,0.341,2,approved,1.0,1
2505,67,25472.67,165,4,0.242,1,approved,1.0,1
2506,56,88647.54,110,3,0.264,2,approved,1.0,1
2507,49,42470.99,100,5,0.435,0,approved,0.0,0
2508,20,29211.75,109,2,0.114,3,rejected,,1
2509,60,15743.71,165,2,0.088,0,approved,0.0,0
2510,51,127590.34,118,4,0.207,0,approved,1.0,1
2511,50,49245.83,201,3,0.007,2,approved,1.0,1
2512,42,45230.17,214,5,0.156,2,approved,1.0,1
2513,52,26338.13,1,4,0.222,3,rejected,,1
2514,29,41701.93,80,2,0.434,1,approved,1.0,1
2515,52,39023.35,13,5,0.014,5,rejected,,0
2516,67,39185.02,145,2,0.259,1,approved,1.0,1
2517,42,17970.79,74,2,0.099,0,approved,1.0,1
2518,33,31711.04,186,0,0.119,3,approved,1.0,1
2519,20,40105.22,103,3,0.338,0,approved,1.0,1
2520,24,34820.64,186,4,0.369,1,approved,1.0,1
2521,56,23520.2,103,1,0.143,1,approved,0.0,0
2522,33,16654.55,30,5,0.28,1,rejected,,0
2523,56,64686.65,63,2,0.45,2,rejected,,1
2524,43,70265.01,169,2,0.508,3,rejected,,1
2525,39,46537.81,81,2,0.298,0,approved,1.0,1
2526,50,35017.52,100,3,0.378,0,approved,1.0,1
2527,53,28635.68,182,6,0.394,1,approved,1.0,1
2528,72,20856.94,229,4,0.634,3,approved,1.0,1
2529,52,24031.19,237,4,0.541,0,approved,0.0,0
2530,38,40567.64,166,2,0.053,0,approved,1.0,1
2531,32,38044.73,94,3,0.182,1,approved,1.0,1
2532,64,31807.87,39,0,0.36,1,rejected,,0
2533,20,24545.27,235,1,0.24,1,approved,1.0,1
2534,62,20976.08,31,2,0.539,5,rejected,,0
2535,69,38458.68,227,0,0.168,0,approved,1.0,1
2536,35,20779.93,41,2,0.112,2,rejected,,0
2537,62,65180.95,164,2,0.297,1,approved,0.0,0
2538,55,47709.42,118,3,0.225,1,approved,0.0,0
2539,57,101464.89,125,3,0.396,1,approved,1.0,1
2540,56,45090.31,34,2,0.07,0,approved,1.0,1
2541,49,50153.36,126,1,0.358,0,approved,1.0,1
2542,29,41485.96,24,5,0.384,3,rejected,,0
2543,63,40837.17,112,7,0.028,2,approved,1.0,1
2544,71,50900.67,42,3,0.559,1,approved,1.0,1
2545,72,33873.54,232,1,0.11,0,approved,1.0,1
2546,21,93496.51,93,0,0.236,1,approved,1.0,1
2547,31,47662.39,8,3,0.071,0,rejected,,1
2548,21,41709.68,221,2,0.125,0,approved,1.0,1
2549,64,11696.19,125,6,0.284,0,approved,0.0,0
2550,49,17914.13,182,2,0.234,2,approved,1.0,1
2551,66,35033.61,116,4,0.174,0,approved,1.0,1
2552,35,37394.15,56,3,0.364,1,rejected,,1
2553,66,28284.65,91,2,0.151,1,approved,1.0,1
2554,49,56401.01,197,4,0.006,0,approved,0.0,0
2555,60,31347.95,173,3,0.54,2,approved,1.0,1
2556,34,35825.43,214,1,0.355,1,approved,1.0,1
2557,55,20323.26,189,3,0.061,3,approved,0.0,0
2558,68,22312.03,156,2,0.234,0,approved,1.0,1
2559,61,30905.55,220,2,0.189,1,approved,1.0,1
2560,43,20428.69,174,2,0.548,2,rejected,,1
2561,41,78257.49,6,4,0.53,3,rejected,,1
2562,24,21612.91,58,5,0.367,1,rejected,,0
2563,62,29149.55,91,6,0.528,0,approved,1.0,1
2564,33,45710.99,54,6,0.271,0,rejected,,0
2565,74,33905.99,94,8,0.115,2,approved,0.0,0
2566,27,47379.89,95,4,0.11,2,approved,0.0,0
2567,64,33305.42,10,1,0.548,1,rejected,,0
2568,74,33858.72,17,3,0.1,0,approved,1.0,1
2569,64,20506.33,43,5,0.524,0,rejected,,0
2570,61,56333.05,147,3,0.263,2,approved,1.0,1
2571,71,60513.17,64,3,0.12,2,approved,1.0,1
2572,31,33614.29,100,3,0.057,0,approved,1.0,1
2573,30,68522.04,135,6,0.012,3,approved,0.0,0
2574,29,41761.4,60,6,0.188,0,approved,0.0,0
2575,58,47901.9,0,1,0.673,2,rejected,,0
2576,58,22163.3,177,1,0.304,1,approved,0.0,0
2577,47,12376.48,101,3,0.216,2,approved,0.0,0
2578,62,53221.91,103,3,0.284,1,approved,1.0,1
2579,73,133892.77,125,0,0.311,1,approved,1.0,1
2580,46,27014.03,169,4,0.425,1,rejected,,0
2581,67,37602.49,143,3,0.403,2,approved,1.0,1
2582,70,50931.05,226,3,0.129,4,approved,1.0,1
2583,40,68848.97,131,5,0.168,1,approved,1.0,1
2584,42,38337.7,108,2,0.096,1,approved,1.0,1
2585,22,51866.12,153,3,0.495,0,approved,1.0,1
2586,52,26476.46,197,2,0.184,0,approved,0.0,0
2587,38,31211.15,235,4,0.106,0,approved,1.0,1
2588,21,61732.14,34,6,0.459,2,rejected,,0
2589,50,41386.79,133,2,0.16,0,approved,1.0,1
2590,48,12152.09,87,3,0.362,0,rejected,,0
2591,68,36268.37,235,7,0.606,0,approved,1.0,1
2592,31,91778.49,189,2,0.286,1,approved,1.0,1
2593,61,34908.62,172,3,0.427,0,approved,1.0,1
2594,24,44225.27,51,7,0.39,2,rejected,,1
2595,58,12509.74,204,4,0.195,2,approved,0.0,0
2596,38,30417.98,176,3,0.29,1,approved,1.0,1
2597,61,38436.33,153,3,0.244,3,approved,1.0,1
2598,51,38819.69,80,3,0.204,2,approved,1.0,1
2599,36,28674.49,45,1,0.171,0,approved,0.0,0
2600,66,30643.5,179,2,0.456,0,approved,0.0,0
2601,62,16941.68,75,2,0.504,1,rejected,,0
2602,36,21814.45,191,5,0.502,0,approved,0.0,0
2603,69,29826.78,221,4,0.341,1,approved,0.0,0
2604,47,46655.57,10,5,0.216,0,approved,0.0,0
2605,56,35938.85,141,3,0.434,1,approved,0.0,0
2606,56,51536.35,188,6,0.545,2,approved,0.0,0
2607,21,64297.2,3,3,0.244,0,rejected,,0
2608,18,28252.95,197,2,0.409,1,approved,1.0,1
2609,47,28100.62,64,2,0.083,1,approved,0.0,0
2610,50,76797.56,205,4,0.055,1,approved,1.0,1
2611,48,22149.05,53,2,0.475,0,rejected,,1
2612,52,19007.92,4,6,0.109,1,rejected,,0
2613,59,24950.09,75,5,0.245,1,rejected,,0
2614,24,17157.03,95,4,0.216,1,approved,1.0,1
2615,69,18371.45,50,3,0.526,0,rejected,,1
2616,43,20346.98,174,0,0.559,0,approved,0.0,0
2617,60,29026.04,77,5,0.216,1,rejected,,0
2618,43,48039.06,109,1,0.424,1,approved,0.0,0
2619,56,33541.77,226,3,0.133,0,approved,1.0,1
2620,60,24301.62,24,5,0.094,0,approved,1.0,1
2621,26,94064.3,188,3,0.114,0,approved,1.0,1
2622,35,30165.42,116,1,0.48,0,approved,1.0,1
2623,65,45519.8,228,9,0.127,0,approved,1.0,1
2624,38,46018.25,48,2,0.258,1,approved,0.0,0
2625,30,31114.15,178,2,0.469,2,approved,0.0,0
2626,21,45660.81,36,1,0.205,1,rejected,,1
2627,26,40485.13,196,5,0.55,1,approved,1.0,1
2628,32,28867.18,233,3,0.237,3,approved,1.0,1
2629,23,27107.72,76,2,0.377,2,approved,1.0,1
2630,55,35729.24,55,0,0.096,1,rejected,,1
2631,56,14637.02,55,4,0.176,3,rejected,,0
2632,35,37179.09,168,1,0.501,3,rejected,,0
2633,60,39194.52,170,4,0.353,1,approved,1.0,1
2634,51,43348.65,112,3,0.205,1,approved,1.0,1
2635,70,42467.62,8,6,0.226,1,rejected,,0
2636,38,30340.79,108,1,0.296,1,approved,1.0,1
2637,67,73875.36,25,1,0.195,0,approved,1.0,1
2638,51,22049.93,27,3,0.314,0,approved,1.0,1
2639,71,23940.91,168,3,0.254,0,approved,1.0,1
2640,55,35456.9,144,4,0.084,3,approved,1.0,1
2641,74,82407.03,20,4,0.153,0,approved,0.0,0
2642,41,62443.38,123,6,0.056,1,approved,1.0,1
2643,41,66103.68,92,1,0.232,1,approved,0.0,0
2644,68,83672.03,12,2,0.068,0,approved,1.0,1
2645,25,23822.2,154,0,0.259,1,approved,1.0,1
2646,18,9069.67,152,4,0.104,2,approved,0.0,0
2647,64,49007.94,162,3,0.316,2,approved,1.0,1
2648,25,21540.81,51,3,0.358,1,rejected,,0
2649,41,31674.39,92,1,0.474,1,rejected,,0
2650,49,52418.77,197,4,0.318,0,approved,0.0,0
2651,72,20976.83,47,3,0.281,0,approved,1.0,1
2652,27,30648.15,114,1,0.375,6,rejected,,1
2653,27,60582.3,20,4,0.347,2,rejected,,0
2654,34,65147.44,193,2,0.098,0,approved,1.0,1
2655,25,55450.74,25,1,0.005,1,approved,0.0,0
2656,31,72316.15,60,2,0.58,0,approved,0.0,0
2657,19,28197.8,187,1,0.373,0,approved,1.0,1
2658,64,32923.62,165,1,0.536,2,approved,1.0,1
2659,58,58996.61,25,7,0.136,1,approved,1.0,1
2660,32,58296.21,123,9,0.317,0,approved,1.0,1
2661,54,60668.1,219,2,0.169,0,approved,1.0,1
2662,43,62265.95,103,3,0.554,0,approved,0.0,0
2663,41,105246.86,89,2,0.308,0,approved,1.0,1
2664,67,50784.61,170,1,0.224,3,approved,0.0,0
2665,26,21407.95,181,4,0.301,1,approved,1.0,1
2666,45,44122.38,233,1,0.139,2,approved,1.0,1
2667,34,28382.23,2,4,0.147,2,rejected,,0
2668,68,24580.74,20,2,0.458,4,rejected,,0
2669,23,66529.23,42,5,0.283,0,approved,1.0,1
2670,52,89589.4,210,5,0.179,0,approved,1.0,1
2671,51,46363.37,103,1,0.263,0,approved,1.0,1
2672,63,45469.79,82,7,0.279,1,rejected,,1
2673,51,29875.73,234,3,0.469,3,approved,1.0,1
2674,40,29431.6,26,2,0.127,1,approved,1.0,1
2675,38,15594.17,197,2,0.234,1,approved,0.0,0
2676,49,54002.04,126,3,0.075,1,approved,1.0,1
2677,49,29278.59,3,2,0.142,0,rejected,,1
2678,19,49457.14,215,3,0.217,1,approved,1.0,1
2679,54,46058.94,93,3,0.178,1,approved,0.0,0
2680,56,13513.32,154,4,0.218,0,approved,1.0,1
2681,47,67913.69,238,3,0.065,1,approved,1.0,1
2682,19,42877.67,224,1,0.51,0,approved,1.0,1
2683,59,45153.54,47,3,0.323,0,approved,1.0,1
2684,60,18159.16,127,1,0.213,1,approved,1.0,1
2685,24,39211.28,65,2,0.283,2,rejected,,1
2686,74,25041.05,86,1,0.403,2,approved,1.0,1
2687,38,37159.12,200,3,0.707,0,approved,0.0,0
2688,72,99630.11,21,1,0.309,2,rejected,,1
2689,67,21498.98,236,5,0.123,0,approved,1.0,1
2690,53,16042.27,84,4,0.11,4,rejected,,1
2691,63,35130.84,83,2,0.165,1,rejected,,1
2692,62,35970.28,96,5,0.235,1,approved,0.0,0
2693,35,43170.9,137,6,0.509,2,approved,0.0,0
2694,31,76633.19,202,3,0.285,3,approved,0.0,0
2695,38,25441.32,224,3,0.279,1,approved,1.0,1
2696,44,45550.21,30,3,0.1,1,approved,0.0,0
2697,27,20081.63,157,6,0.315,1,approved,0.0,0
2698,60,19182.24,57,3,0.138,4,rejected,,0
2699,22,42974.53,217,5,0.21,2,approved,0.0,0
2700,25,54377.26,238,5,0.099,1,approved,1.0,1
2701,37,29545.71,152,4,0.266,4,rejected,,0
2702,34,20785.47,193,2,0.153,1,approved,1.0,1
2703,68,18868.9,97,3,0.18,2,rejected,,1
2704,27,28922.29,197,1,0.378,2,approved,1.0,1
2705,32,33414.42,79,1,0.063,2,approved,0.0,0
2706,32,49536.88,143,5,0.507,1,approved,1.0,1
2707,41,25119.95,5,7,0.495,1,rejected,,0
2708,24,18277.91,213,2,0.627,2,approved,1.0,1
2709,39,19967.77,70,0,0.161,1,approved,0.0,0
2710,29,15550.22,203,4,0.302,2,approved,1.0,1
2711,31,26272.8,8,3,0.388,1,rejected,,0
2712,53,34544.38,110,2,0.461,0,approved,1.0,1
2713,27,65071.93,72,1,0.294,0,approved,0.0,0
2714,72,72550.19,183,1,0.559,4,approved,0.0,0
2715,24,60533.11,91,0,0.275,3,approved,0.0,0
2716,49,27026.51,98,3,0.321,2,rejected,,0
2717,45,32069.75,65,5,0.209,0,approved,0.0,0
2718,70,50344.8,182,3,0.203,2,approved,0.0,0
2719,22,42447.29,24,3,0.52,0,approved,0.0,0
2720,38,65055.02,194,3,0.096,0,approved,1.0,1
2721,44,22604.11,119,1,0.198,1,approved,0.0,0
2722,58,48281.34,225,5,0.251,1,approved,1.0,1
2723,28,42039.36,48,2,0.141,2,rejected,,0
2724,37,37298.28,154,3,0.016,0,approved,0.0,0
2725,36,42084.32,210,5,0.418,1,approved,1.0,1
2726,47,19523.13,236,5,0.635,2,approved,0.0,0
2727,32,44472.75,158,2,0.215,1,approved,1.0,1
2728,26,30405.03,134,6,0.374,0,approved,1.0,1
2729,19,31693.28,198,1,0.043,1,approved,1.0,1
2730,61,31831.39,22,1,0.143,0,rejected,,1
2731,68,98859.63,25,3,0.281,0,approved,1.0,1
2732,32,46564.42,45,2,0.184,2,rejected,,0
2733,64,46269.68,163,3,0.313,0,approved,1.0,1
2734,44,89000.46,10,7,0.39,2,rejected,,0
2735,38,66032.05,173,5,0.2,1,approved,1.0,1
2736,73,65651.97,233,5,0.465,1,approved,1.0,1
2737,52,23180.24,105,3,0.387,1,rejected,,1
2738,44,34614.52,156,1,0.082,1,approved,1.0,1
2739,59,34927.05,108,2,0.415,1,approved,1.0,1
2740,69,58464.28,218,6,0.268,0,approved,1.0,1
2741,59,77562.42,178,1,0.158,0,approved,1.0,1
2742,66,50986.42,44,3,0.259,2,rejected,,0
2743,72,55305.13,97,5,0.097,1,approved,1.0,1
2744,46,60958.21,56,1,0.117,2,approved,1.0,1
2745,51,46926.01,163,4,0.332,1,approved,1.0,1
2746,25,19478.85,60,4,0.131,2,approved,0.0,0
2747,24,52027.18,179,2,0.638,0,approved,0.0,0
2748,28,26005.92,220,2,0.245,1,approved,1.0,1
2749,51,25851.27,124,2,0.503,1,rejected,,0
2750,42,54360.23,7,3,0.249,2,rejected,,1
2751,70,23835.55,158,5,0.232,0,approved,1.0,1
2752,42,51019.28,168,2,0.216,0,approved,1.0,1
2753,65,30718.25,232,1,0.533,0,approved,0.0,0
2754,61,35941.67,164,6,0.162,2,approved,1.0,1
2755,70,31542.49,182,4,0.356,2,approved,1.0,1
2756,60,46231.39,16,2,0.329,2,rejected,,0
2757,57,32247.11,135,3,0.338,2,approved,0.0,0
2758,22,32106.02,239,3,0.499,0,approved,0.0,0
2759,35,44655.81,50,8,0.224,2,approved,0.0,0
2760,38,33490.86,229,1,0.801,3,rejected,,1
2761,42,15706.62,215,3,0.234,0,approved,1.0,1
2762,20,27314.07,236,8,0.346,0,approved,1.0,1
2763,22,22926.11,43,3,0.231,3,rejected,,0
2764,30,47439.56,53,2,0.377,1,rejected,,0
2765,64,44307.67,190,2,0.021,1,approved,1.0,1
2766,72,49647.75,163,2,0.337,1,approved,1.0,1
2767,72,48997.53,89,4,0.646,0,approved,0.0,0
2768,33,62328.21,186,4,0.156,0,approved,1.0,1
2769,44,39054.44,220,6,0.162,0,approved,1.0,1
2770,24,51669.81,18,3,0.05,2,rejected,,1
2771,35,41398.47,53,4,0.3,0,rejected,,0
2772,57,34402.27,20,3,0.243,0,rejected,,1
2773,48,13156.31,46,4,0.404,0,approved,0.0,0
2774,23,38717.57,37,2,0.284,1,rejected,,1
2775,23,45253.51,77,4,0.19,1,approved,1.0,1
2776,70,34446.78,117,3,0.397,1,rejected,,1
2777,30,32318.12,116,5,0.179,1,approved,1.0,1
2778,53,40018.89,165,5,0.125,1,approved,1.0,1
2779,54,17671.53,177,5,0.321,3,rejected,,0
2780,57,46927.8,53,0,0.332,0,approved,0.0,0
2781,49,44703.33,158,2,0.205,3,approved,1.0,1
2782,49,131783.16,64,2,0.132,2,approved,1.0,1
2783,33,23338.95,149,3,0.36,0,approved,0.0,0
2784,38,20089.85,129,4,0.284,2,approved,1.0,1
2785,71,142415.95,225,5,0.102,0,approved,0.0,0
2786,19,117337.59,142,0,0.354,1,approved,1.0,1
2787,26,40352.44,16,2,0.329,0,rejected,,1
2788,34,31477.98,199,3,0.181,1,approved,1.0,1
2789,57,15994.34,42,6,0.153,1,rejected,,0
2790,21,30212.49,124,4,0.09,2,approved,1.0,1
2791,43,41639.92,230,5,0.285,0,approved,1.0,1
2792,61,48324.53,75,3,0.317,2,approved,1.0,1
2793,25,90354.86,217,3,0.261,2,approved,1.0,1
2794,42,39496.88,139,2,0.228,2,approved,0.0,0
2795,45,67430.65,68,3,0.102,0,approved,1.0,1
2796,56,27451.13,28,2,0.068,1,approved,0.0,0
2797,31,77999.73,206,2,0.597,3,approved,1.0,1
2798,65,21861.38,66,3,0.341,1,approved,0.0,0
2799,67,51326.55,108,6,0.093,2,approved,1.0,1
2800,34,28712.43,189,2,0.126,2,approved,1.0,1
2801,51,44774.56,238,2,0.163,2,approved,1.0,1
2802,67,52271.28,92,1,0.065,2,approved,1.0,1
2803,44,41491.13,154,3,0.13,1,approved,1.0,1
2804,25,13234.87,23,2,0.263,2,rejected,,0
2805,50,68070.83,75,4,0.363,1,approved,0.0,0
2806,48,56877.44,152,1,0.436,1,approved,1.0,1
2807,70,49973.79,204,6,0.159,0,approved,1.0,1
2808,62,30769.1,201,1,0.227,1,approved,0.0,0
2809,25,21427.68,231,2,0.329,0,approved,1.0,1
2810,60,31437.3,69,4,0.694,0,rejected,,1
2811,60,16541.86,10,2,0.158,0,rejected,,0
2812,55,21573.49,184,2,0.375,0,approved,0.0,0
2813,51,57964.36,41,2,0.053,2,rejected,,1
2814,50,7172.8,168,4,0.467,0,approved,0.0,0
2815,45,48146.82,161,4,0.468,0,approved,1.0,1
2816,30,20291.46,107,4,0.479,0,approved,0.0,0
2817,63,51213.82,28,1,0.678,1,rejected,,0
2818,31,29857.84,166,0,0.39,1,approved,1.0,1
2819,52,40581.84,81,5,0.068,1,approved,1.0,1
2820,18,18638.07,85,1,0.496,1,rejected,,1
2821,38,32965.73,54,7,0.339,2,rejected,,1
2822,43,63785.48,112,6,0.567,0,approved,0.0,0
2823,52,41446.44,55,4,0.615,2,rejected,,0
2824,33,22713.02,128,2,0.478,0,approved,0.0,0
2825,52,55647.74,221,2,0.701,3,approved,1.0,1
2826,31,23197.08,169,2,0.469,2,approved,1.0,1
2827,60,65608.79,89,2,0.318,0,approved,0.0,0
2828,54,31046.91,31,0,0.133,1,rejected,,1
2829,64,43198.65,36,3,0.483,0,approved,1.0,1
2830,26,24009.31,204,1,0.191,2,approved,1.0,1
2831,45,57824.91,104,2,0.247,1,approved,1.0,1
2832,31,67461.73,57,2,0.095,0,approved,1.0,1
2833,68,39558.51,8,4,0.117,2,rejected,,0
2834,60,35210.21,193,4,0.198,3,approved,1.0,1
2835,67,11382.4,74,4,0.634,3,rejected,,0
2836,40,97584.7,109,1,0.126,1,approved,0.0,0
2837,21,30423.48,44,4,0.186,1,approved,0.0,0
2838,61,35036.86,56,5,0.353,1,rejected,,1
2839,58,140997.84,149,1,0.299,1,approved,1.0,1
2840,28,40519.36,36,1,0.205,3,rejected,,0
2841,28,17535.88,64,3,0.265,2,rejected,,1
2842,39,34494.61,217,6,0.012,4,approved,1.0,1
2843,62,55017.67,183,2,0.073,1,approved,1.0,1
2844,53,26188.33,162,4,0.232,2,approved,1.0,1
2845,44,27023.25,24,0,0.177,1,rejected,,0
2846,51,18306.28,103,2,0.103,3,approved,1.0,1
2847,33,13518.32,78,1,0.742,2,rejected,,0
2848,34,31487.05,188,2,0.201,0,approved,1.0,1
2849,74,15258.84,4,2,0.144,2,rejected,,0
2850,74,113884.13,78,2,0.34,0,approved,1.0,1
2851,73,18123.29,133,4,0.287,1,approved,0.0,0
2852,40,29618.58,39,5,0.452,0,rejected,,0
2853,73,40833.14,204,5,0.196,2,approved,1.0,1
2854,54,41764.08,22,3,0.028,0,approved,0.0,0
2855,25,23625.12,37,3,0.075,1,rejected,,1
2856,27,41541.69,102,2,0.53,3,rejected,,0
2857,40,53239.6,232,4,0.008,2,approved,0.0,0
2858,27,20659.71,164,1,0.161,0,approved,1.0,1
2859,37,78760.18,215,3,0.272,0,approved,0.0,0
2860,18,34148.11,198,2,0.237,0,approved,1.0,1
2861,28,19874.1,94,4,0.174,0,approved,1.0,1
2862,31,20086.98,231,1,0.151,0,approved,1.0,1
2863,32,19023.04,113,5,0.358,2,rejected,,0
2864,29,75710.32,195,4,0.041,1,approved,1.0,1
2865,55,69494.91,71,5,0.141,1,approved,0.0,0
2866,63,47977.39,40,2,0.36,4,rejected,,0
2867,54,24932.1,183,3,0.533,2,approved,1.0,1
2868,28,114946.19,215,4,0.175,1,approved,1.0,1
2869,61,21132.02,221,4,0.409,2,approved,0.0,0
2870,39,24821.59,182,3,0.606,1,approved,1.0,1
2871,43,49428.18,1,6,0.08,1,rejected,,0
2872,70,78343.12,101,1,0.537,1,approved,1.0,1
2873,35,11750.51,236,2,0.098,0,approved,1.0,1
2874,39,45619.88,188,2,0.175,1,approved,1.0,1
2875,43,24278.83,10,2,0.328,0,rejected,,1
2876,27,19408.8,81,4,0.128,2,rejected,,0
2877,48,44234.63,101,5,0.26,2,approved,0.0,0
2878,68,28523.03,232,5,0.351,1,approved,1.0,1
2879,46,39028.66,121,5,0.146,1,approved,1.0,1
2880,27,11759.56,20,4,0.225,2,rejected,,0
2881,22,45085.31,99,6,0.336,1,approved,0.0,0
2882,71,65571.14,131,5,0.269,1,approved,1.0,1
2883,49,18683.48,116,4,0.246,2,approved,0.0,0
2884,72,21976.17,204,2,0.151,1,approved,1.0,1
2885,31,51240.72,40,3,0.146,4,rejected,,1
2886,29,70474.67,137,3,0.6,2,approved,1.0,1
2887,59,48867.05,150,1,0.112,2,approved,1.0,1
2888,32,70524.16,101,2,0.501,0,rejected,,1
2889,51,10603.17,30,0,0.147,0,rejected,,0
2890,56,21002.81,206,5,0.302,0,approved,0.0,0
2891,34,43346.13,85,3,0.348,0,approved,1.0,1
2892,37,43522.56,177,2,0.062,0,approved,1.0,1
2893,28,32066.64,137,1,0.195,2,approved,0.0,0
2894,25,22247.16,35,4,0.397,1,rejected,,0
2895,72,33280.79,219,3,0.194,2,approved,0.0,0
2896,46,17584.64,49,1,0.728,0,approved,1.0,1
2897,25,24673.58,12,2,0.186,1,rejected,,0
2898,18,13842.95,157,3,0.187,2,approved,1.0,1
2899,50,16293.44,121,0,0.174,1,approved,0.0,0
2900,31,36197.24,72,0,0.401,0,approved,1.0,1
2901,68,58376.25,179,4,0.064,2,approved,1.0,1
2902,53,25826.3,204,2,0.312,1,approved,0.0,0
2903,47,29839.58,11,3,0.12,2,rejected,,0
2904,73,86929.22,140,7,0.308,0,approved,1.0,1
2905,27,15576.82,180,1,0.402,0,approved,0.0,0
2906,21,21095.55,111,3,0.221,0,approved,1.0,1
2907,29,36652.73,126,4,0.052,0,approved,1.0,1
2908,23,30875.27,8,2,0.151,3,rejected,,1
2909,49,43825.52,28,4,0.145,1,rejected,,1
2910,44,29782.54,38,3,0.223,1,rejected,,1
2911,48,73620.63,92,1,0.229,0,approved,0.0,0
2912,64,38487.38,55,4,0.363,2,rejected,,0
2913,50,64064.91,133,4,0.267,2,approved,0.0,0
2914,27,35613.4,239,5,0.432,3,approved,1.0,1
2915,20,20811.04,170,3,0.246,2,approved,1.0,1
2916,50,50622.64,61,1,0.485,1,rejected,,0
2917,22,44781.93,151,1,0.134,0,approved,0.0,0
2918,37,28604.39,31,5,0.413,2,rejected,,0
2919,50,18793.69,3,1,0.361,2,rejected,,0
2920,44,16661.78,153,5,0.125,2,approved,0.0,0
2921,65,27482.88,65,4,0.221,0,approved,1.0,1
2922,26,27018.72,198,4,0.392,1,approved,1.0,1
2923,62,33490.43,2,3,0.218,0,rejected,,1
2924,66,33629.5,90,3,0.275,0,approved,1.0,1
2925,42,29941.74,129,2,0.289,1,approved,1.0,1
2926,41,22066.48,42,6,0.56,0,rejected,,0
2927,40,58532.3,115,2,0.6,1,approved,0.0,0
2928,19,61741.14,223,1,0.386,2,approved,1.0,1
2929,46,61606.25,25,5,0.135,0,approved,1.0,1
2930,52,50423.27,2,3,0.425,1,rejected,,0
2931,31,42873.48,78,3,0.521,1,rejected,,0
2932,32,170213.69,38,4,0.052,0,approved,1.0,1
2933,36,50611.54,186,2,0.226,0,approved,1.0,1
2934,61,27502.17,62,2,0.244,2,rejected,,0
2935,74,17310.49,207,4,0.447,2,approved,1.0,1
2936,18,55177.85,47,2,0.171,1,approved,0.0,0
2937,18,34424.87,31,2,0.406,0,rejected,,0
2938,41,27420.28,216,3,0.505,3,approved,0.0,0
2939,34,40239.39,10,3,0.112,2,rejected,,0
2940,54,22169.66,75,1,0.302,0,approved,0.0,0
2941,34,24864.27,220,2,0.448,1,approved,1.0,1
2942,36,22528.4,239,2,0.1,0,approved,1.0,1
2943,42,27074.38,106,2,0.359,2,rejected,,0
2944,39,54978.46,79,2,0.327,3,approved,0.0,0
2945,53,21969.87,199,3,0.292,0,approved,1.0,1
2946,40,45390.35,39,5,0.239,1,rejected,,0
2947,27,32046.79,100,5,0.542,1,approved,1.0,1
2948,56,16092.69,4,4,0.319,0,rejected,,0
2949,33,67120.11,198,3,0.315,1,approved,0.0,0
2950,70,52801.66,174,4,0.132,0,approved,1.0,1
2951,38,24129.14,94,6,0.352,3,rejected,,1
2952,70,40661.69,215,1,0.303,1,approved,0.0,0
2953,20,21658.12,144,4,0.404,0,approved,0.0,0
2954,30,53932.39,25,1,0.488,1,rejected,,0
2955,69,40323.39,83,0,0.069,1,approved,0.0,0
2956,49,44340.76,54,6,0.209,2,rejected,,0
2957,56,22612.83,94,3,0.25,0,approved,1.0,1
2958,43,34768.05,12,2,0.172,1,rejected,,0
2959,31,29387.31,98,3,0.439,2,rejected,,0
2960,30,32100.45,106,0,0.498,0,approved,1.0,1
2961,39,36993.5,140,4,0.086,6,rejected,,0
2962,56,12557.57,167,5,0.107,2,rejected,,1
2963,42,40458.46,179,3,0.611,1,approved,1.0,1
2964,66,31579.53,224,4,0.128,1,approved,1.0,1
2965,43,24350.21,65,2,0.312,2,rejected,,0
2966,57,83283.3,35,2,0.609,2,rejected,,0
2967,65,81785.42,171,2,0.437,2,approved,1.0,1
2968,31,17264.43,33,3,0.288,0,approved,0.0,0
2969,39,23235.3,237,1,0.106,1,approved,1.0,1
2970,67,53857.01,110,3,0.219,2,approved,1.0,1
2971,38,25876.3,191,3,0.087,3,approved,1.0,1
2972,60,33586.49,51,2,0.263,1,approved,0.0,0
2973,70,30674.59,17,5,0.14,2,rejected,,1
2974,40,41815.9,210,3,0.42,0,approved,1.0,1
2975,42,28676.95,110,5,0.258,1,approved,0.0,0
2976,52,37361.02,63,7,0.212,0,rejected,,0
2977,52,32609.61,30,1,0.322,2,rejected,,1
2978,59,28051.86,74,1,0.449,1,rejected,,0
2979,28,40226.99,131,2,0.444,1,approved,0.0,0
2980,59,28669.48,167,4,0.373,0,approved,1.0,1
2981,53,19163.89,111,3,0.456,2,rejected,,0
2982,39,34671.54,235,1,0.273,0,approved,1.0,1
2983,26,22176.87,161,3,0.057,2,approved,1.0,1
2984,24,47461.02,155,3,0.491,2,approved,0.0,0
2985,41,33329.33,138,5,0.062,1,approved,1.0,1
2986,55,30049.83,130,1,0.227,0,approved,1.0,1
2987,19,68280.05,227,6,0.075,0,approved,1.0,1
2988,49,36671.5,30,4,0.257,2,rejected,,0
2989,63,37203.45,2,2,0.433,2,rejected,,0
2990,50,70766.74,70,4,0.268,3,rejected,,1
2991,69,53054.03,37,2,0.203,0,approved,1.0,1
2992,65,46184.32,113,4,0.202,3,approved,1.0,1
2993,59,52533.46,116,4,0.57,0,approved,1.0,1
2994,67,34632.65,127,2,0.414,1,rejected,,0
2995,52,32503.71,9,2,0.155,2,rejected,,0
2996,52,17826.26,44,1,0.609,1,rejected,,0
2997,57,23945.46,150,3,0.189,4,rejected,,1
2998,60,26326.55,134,6,0.068,0,approved,0.0,0
2999,51,60383.71,234,4,0.337,0,approved,1.0,1
3000,56,24279.16,163,1,0.231,0,approved,1.0,1
3001,35,40730.53,123,3,0.095,0,approved,1.0,1
3002,46,43636.89,176,1,0.654,0,approved,0.0,0
3003,65,43308.3,46,1,0.101,2,rejected,,0
3004,51,60022.51,163,1,0.123,0,approved,1.0,1
3005,71,19204.64,107,0,0.403,1,approved,0.0,0
3006,49,76970.05,124,4,0.213,0,approved,1.0,1
3007,57,21225.96,57,3,0.136,3,rejected,,0
3008,46,32252.92,230,2,0.749,2,approved,0.0,0
3009,44,47178.9,83,3,0.165,2,approved,1.0,1
3010,38,31142.35,109,7,0.318,1,approved,0.0,0
3011,41,20747.92,178,3,0.582,2,approved,0.0,0
3012,58,11603.56,139,3,0.088,0,approved,1.0,1
3013,30,32682.76,72,1,0.033,0,approved,1.0,1
3014,22,75746.09,119,1,0.509,0,approved,1.0,1
3015,62,68316.13,20,1,0.309,1,rejected,,0
3016,44,12261.49,115,2,0.09,3,rejected,,0
3017,74,42303.2,124,4,0.471,1,approved,0.0,0
3018,49,43377.18,195,4,0.213,0,approved,0.0,0
3019,29,20537.24,26,3,0.258,0,rejected,,1
3020,65,20996.22,63,3,0.189,3,rejected,,1
3021,59,26081.43,148,2,0.249,1,rejected,,0
3022,41,22981.79,229,9,0.107,0,approved,1.0,1
3023,39,27746.55,222,5,0.396,2,approved,0.0,0
3024,43,23131.88,34,6,0.624,0,rejected,,0
3025,45,56001.35,122,2,0.194,3,approved,0.0,0
3026,46,25438.78,128,5,0.132,2,approved,0.0,0
3027,28,26668.39,172,3,0.336,2,approved,1.0,1
3028,68,13542.42,11,3,0.269,1,rejected,,1
3029,57,33346.64,12,4,0.343,1,rejected,,0
3030,57,25493.1,47,2,0.108,0,approved,0.0,0
3031,39,16190.17,1,2,0.355,3,rejected,,0
3032,46,23037.02,179,4,0.358,3,approved,1.0,1
3033,74,33087.05,100,2,0.184,1,approved,0.0,0
3034,33,44188.54,139,4,0.361,2,approved,1.0,1
3035,69,79437.34,219,2,0.165,0,approved,1.0,1
3036,73,137252.4,39,3,0.102,4,approved,0.0,0
3037,31,32371.22,216,2,0.233,1,approved,0.0,0
3038,39,18332.23,2,9,0.206,0,approved,0.0,0
3039,72,36752.45,209,1,0.164,2,approved,1.0,1
3040,38,23969.29,191,2,0.085,2,approved,1.0,1
3041,40,36137.08,160,1,0.133,0,approved,1.0,1
3042,38,53619.23,186,2,0.218,2,approved,1.0,1
3043,31,38702.81,104,1,0.179,1,approved,0.0,0
3044,27,40799.28,67,6,0.266,3,rejected,,0
3045,67,34791.42,107,3,0.304,0,approved,1.0,1
3046,46,22795.39,150,0,0.455,3,approved,0.0,0
3047,70,20988.33,83,3,0.025,0,approved,1.0,1
3048,26,19596.19,147,1,0.452,1,rejected,,1
3049,70,49658.41,228,3,0.289,1,approved,1.0,1
3050,32,30228.13,76,1,0.302,2,approved,0.0,0
3051,56,48608.58,115,5,0.461,0,approved,0.0,0
3052,60,27946.55,191,1,0.521,1,approved,1.0,1
3053,32,30818.33,182,6,0.292,2,approved,1.0,1
3054,26,42386.29,26,3,0.179,0,approved,0.0,0
3055,22,34986.36,110,4,0.315,0,approved,1.0,1
3056,20,20881.68,31,4,0.719,2,rejected,,0
3057,55,21898.36,173,2,0.114,0,approved,1.0,1
3058,69,40824.97,170,2,0.072,2,approved,1.0,1
3059,53,12634.67,232,4,0.149,1,approved,1.0,1
3060,27,53438.45,219,1,0.417,2,approved,1.0,1
3061,40,41947.12,49,6,0.425,0,approved,0.0,0
3062,24,36886.65,196,3,0.392,2,approved,1.0,1
3063,61,55301.34,4,1,0.323,1,rejected,,1
3064,50,33569.16,65,1,0.226,1,approved,1.0,1
3065,65,59836.69,17,5,0.413,2,approved,0.0,0
3066,46,50342.0,174,4,0.11,0,approved,1.0,1
3067,51,31038.79,83,1,0.137,2,approved,0.0,0
3068,33,23804.81,84,2,0.133,1,rejected,,1
3069,18,39661.24,151,3,0.482,1,approved,0.0,0
3070,22,32420.19,89,6,0.353,2,approved,0.0,0
3071,44,27195.0,92,4,0.547,1,rejected,,0
3072,63,35041.31,236,2,0.201,1,approved,1.0,1
3073,36,24944.65,22,4,0.06,0,rejected,,0
3074,54,93769.13,218,7,0.159,2,approved,0.0,0
3075,50,33699.48,95,2,0.142,1,rejected,,1
3076,26,71048.4,19,3,0.266,3,rejected,,0
3077,42,51577.26,145,3,0.128,1,approved,1.0,1
3078,34,90582.08,76,1,0.225,2,approved,0.0,0
3079,51,42257.77,110,5,0.124,1,approved,1.0,1
3080,65,20351.14,233,0,0.187,2,approved,1.0,1
3081,63,44073.88,131,2,0.201,1,approved,1.0,1
3082,69,64186.09,49,2,0.265,0,approved,1.0,1
3083,53,17877.09,228,7,0.178,1,approved,1.0,1
3084,48,43931.15,0,4,0.715,1,rejected,,0
3085,32,92606.12,201,10,0.186,6,approved,0.0,0
3086,28,53639.34,24,2,0.427,3,rejected,,0
3087,61,79115.4,226,2,0.104,1,approved,1.0,1
3088,18,33461.37,179,0,0.085,0,approved,1.0,1
3089,34,22063.4,88,2,0.336,1,approved,0.0,0
3090,24,41606.15,216,5,0.169,0,approved,0.0,0
3091,24,37404.26,47,3,0.022,2,approved,1.0,1
3092,66,57958.12,124,5,0.193,1,approved,0.0,0
3093,27,37829.45,223,4,0.423,0,approved,1.0,1
3094,60,26181.37,150,1,0.316,6,rejected,,0
3095,25,45913.83,95,2,0.325,0,approved,1.0,1
3096,32,54904.97,214,5,0.079,1,approved,1.0,1
3097,70,13118.52,177,3,0.342,0,approved,1.0,1
3098,46,17126.52,54,6,0.608,1,rejected,,0
3099,64,51060.18,178,3,0.603,3,rejected,,0
3100,26,66670.39,41,2,0.154,3,rejected,,0
3101,22,25041.19,48,3,0.112,1,rejected,,1
3102,24,12836.56,100,2,0.347,0,approved,1.0,1
3103,50,13881.55,50,2,0.201,2,rejected,,0
3104,19,35991.07,57,1,0.483,1,rejected,,0
3105,73,22194.11,116,1,0.434,0,approved,1.0,1
3106,46,63128.66,2,2,0.399,1,rejected,,0
3107,59,30325.86,85,5,0.466,2,rejected,,0
3108,58,24513.37,36,1,0.516,1,rejected,,0
3109,67,26481.9,41,5,0.233,3,rejected,,0
3110,21,18742.26,21,2,0.483,2,rejected,,0
3111,28,31685.64,94,5,0.149,1,approved,1.0,1
3112,41,40738.34,222,3,0.082,4,approved,1.0,1
3113,66,14081.21,147,1,0.163,1,rejected,,0
3114,50,49476.55,231,4,0.346,0,approved,1.0,1
3115,46,44992.57,192,5,0.173,0,approved,1.0,1
3116,42,27510.48,200,2,0.148,2,approved,1.0,1
3117,18,14203.18,33,2,0.367,2,rejected,,1
3118,20,31405.2,52,3,0.144,1,rejected,,1
3119,55,29823.56,65,1,0.167,2,rejected,,1
3120,38,29781.09,34,1,0.479,0,rejected,,0
3121,49,38028.77,219,3,0.146,1,approved,1.0,1
3122,52,63765.57,68,4,0.309,3,approved,0.0,0
3123,28,17965.86,185,3,0.439,2,approved,1.0,1
3124,29,18181.71,99,3,0.226,0,rejected,,1
3125,30,48959.81,62,5,0.465,0,rejected,,1
3126,54,52315.56,154,3,0.405,0,approved,1.0,1
3127,54,32471.79,183,5,0.396,2,approved,0.0,0
3128,44,25867.5,111,5,0.439,0,approved,0.0,0
3129,37,56769.63,204,5,0.461,0,approved,1.0,1
3130,56,37955.02,48,2,0.257,1,rejected,,0
3131,33,26691.58,39,3,0.427,1,rejected,,0
3132,47,24306.88,69,5,0.34,2,rejected,,0
3133,69,34506.25,31,3,0.326,2,rejected,,0
3134,18,49216.66,15,4,0.458,1,rejected,,1
3135,62,79948.36,83,4,0.186,3,rejected,,1
3136,74,41522.13,210,4,0.342,2,approved,1.0,1
3137,66,33496.96,50,2,0.216,4,rejected,,0
3138,55,24609.3,117,4,0.353,0,approved,1.0,1
3139,61,32180.15,142,5,0.298,0,approved,1.0,1
3140,19,21375.71,203,3,0.155,0,approved,1.0,1
3141,31,64844.66,140,0,0.037,0,approved,1.0,1
3142,36,22887.73,38,3,0.285,3,rejected,,1
3143,24,34188.66,154,3,0.642,1,rejected,,1
3144,29,48834.25,178,2,0.082,3,approved,1.0,1
3145,51,61126.09,35,2,0.363,0,approved,0.0,0
3146,47,25800.93,107,5,0.319,1,approved,0.0,0
3147,41,93330.67,80,7,0.37,2,approved,1.0,1
3148,47,9237.55,101,3,0.141,1,rejected,,1
3149,71,18615.55,80,1,0.456,0,approved,1.0,1
3150,38,26546.4,164,7,0.089,2,approved,0.0,0
3151,32,51961.41,168,3,0.18,1,approved,1.0,1
3152,57,34526.71,194,4,0.362,3,approved,0.0,0
3153,21,55085.38,22,6,0.16,1,approved,1.0,1
3154,67,30103.54,156,3,0.168,0,approved,1.0,1
3155,49,51232.93,35,0,0.269,3,rejected,,0
3156,34,53124.6,135,5,0.234,4,approved,0.0,0
3157,29,52926.09,234,3,0.4,0,approved,1.0,1
3158,23,54846.99,122,0,0.366,3,rejected,,0
3159,28,82055.89,235,3,0.244,1,approved,1.0,1
3160,74,24172.14,5,1,0.325,2,rejected,,1
3161,23,41741.53,216,1,0.085,2,approved,1.0,1
3162,65,13729.05,171,3,0.34,1,approved,0.0,0
3163,37,21721.2,178,4,0.24,1,approved,0.0,0
3164,34,95531.92,237,3,0.324,1,approved,1.0,1
3165,53,56570.4,116,5,0.277,1,approved,1.0,1
3166,52,50590.99,161,4,0.314,2,approved,1.0,1
3167,56,42601.08,143,2,0.402,3,approved,1.0,1
3168,22,32948.7,179,0,0.147,1,approved,0.0,0
3169,34,25207.22,62,3,0.315,1,rejected,,0
3170,72,45490.55,103,3,0.31,1,rejected,,1
3171,67,49522.51,197,2,0.584,2,approved,1.0,1
3172,34,11028.42,183,1,0.485,0,approved,0.0,0
3173,71,19566.83,92,2,0.239,0,approved,1.0,1
3174,33,44992.61,221,3,0.472,2,approved,1.0,1
3175,29,21427.85,88,3,0.022,2,approved,1.0,1
3176,30,32738.63,20,3,0.223,1,rejected,,0
3177,24,86860.23,228,2,0.064,0,approved,1.0,1
3178,31,72201.02,141,2,0.111,0,approved,1.0,1
3179,27,31821.41,208,4,0.192,3,approved,1.0,1
3180,69,22769.14,101,2,0.288,1,rejected,,1
3181,64,61371.04,123,3,0.269,1,approved,1.0,1
3182,32,87722.02,62,6,0.131,0,approved,0.0,0
3183,32,25007.07,63,3,0.202,1,rejected,,1
3184,42,54141.66,236,2,0.496,0,approved,1.0,1
3185,62,26268.49,61,4,0.248,0,approved,1.0,1
3186,47,25157.04,116,2,0.081,0,approved,1.0,1
3187,29,46605.71,213,6,0.473,2,approved,1.0,1
3188,62,45948.36,185,1,0.424,0,approved,1.0,1
3189,22,36242.98,72,2,0.16,1,approved,0.0,0
3190,73,24875.98,70,2,0.099,2,approved,0.0,0
3191,40,12803.86,34,6,0.1,0,approved,1.0,1
3192,69,157144.4,166,8,0.6,4,approved,1.0,1
3193,55,37259.5,130,3,0.357,1,approved,0.0,0
3194,47,52537.09,163,3,0.424,0,approved,0.0,0
3195,20,82944.58,178,2,0.475,2,approved,1.0,1
3196,58,27286.43,198,4,0.388,3,rejected,,1
3197,21,32389.88,26,4,0.12,3,rejected,,0
3198,32,28495.88,194,3,0.258,1,approved,1.0,1
3199,44,12983.62,170,4,0.195,0,approved,0.0,0
3200,49,21042.97,50,2,0.254,3,rejected,,0
3201,66,44092.34,62,3,0.078,1,approved,1.0,1
3202,28,33180.5,113,4,0.133,1,approved,1.0,1
3203,52,46524.94,155,1,0.136,1,approved,1.0,1
3204,24,33372.94,172,1,0.238,2,approved,0.0,0
3205,42,56011.32,50,0,0.199,1,approved,0.0,0
3206,22,30103.32,146,3,0.491,2,approved,0.0,0
3207,68,36736.96,45,3,0.579,1,rejected,,0
3208,63,72275.45,56,2,0.484,1,approved,1.0,1
3209,25,35245.48,73,0,0.254,3,rejected,,0
3210,35,105548.3,206,4,0.138,1,approved,1.0,1
3211,44,17500.79,79,3,0.266,2,rejected,,1
3212,71,23562.17,52,0,0.208,2,rejected,,0
3213,23,29213.13,146,2,0.158,1,approved,1.0,1
3214,58,33711.2,174,2,0.153,2,approved,1.0,1
3215,48,90585.92,51,3,0.081,2,approved,0.0,0
3216,52,62370.56,90,2,0.32,0,approved,0.0,0
3217,37,42298.3,121,4,0.214,0,approved,0.0,0
3218,37,42071.02,103,3,0.295,1,approved,0.0,0
3219,74,19063.58,105,3,0.267,0,approved,1.0,1
3220,40,40504.35,43,5,0.156,2,approved,1.0,1
3221,28,87203.4,111,2,0.133,0,approved,1.0,1
3222,64,25521.68,237,1,0.166,1,approved,1.0,1
3223,25,25050.23,61,3,0.21,5,rejected,,0
3224,49,38932.75,42,1,0.68,1,rejected,,0
3225,60,62504.23,109,2,0.551,1,rejected,,0
3226,56,85756.37,148,3,0.149,0,approved,1.0,1
3227,47,72217.01,237,5,0.147,3,approved,0.0,0
3228,48,29350.71,133,2,0.321,2,approved,1.0,1
3229,30,114642.29,136,3,0.243,1,approved,0.0,0
3230,70,21651.59,194,3,0.149,1,approved,1.0,1
3231,44,26375.62,71,3,0.595,2,rejected,,0
3232,44,43378.58,29,8,0.203,1,approved,1.0,1
3233,30,21334.01,213,2,0.32,1,approved,1.0,1
3234,62,50120.98,53,5,0.396,1,approved,0.0,0
3235,41,90077.99,28,3,0.582,1,approved,1.0,1
3236,55,40066.2,118,2,0.372,2,rejected,,0
3237,63,10496.74,42,3,0.354,0,rejected,,0
3238,61,35218.56,128,2,0.37,0,approved,1.0,1
3239,18,46887.25,144,5,0.517,1,approved,1.0,1
3240,40,38149.92,113,3,0.201,0,approved,1.0,1
3241,24,30337.72,85,5,0.173,2,approved,1.0,1
3242,37,36868.72,210,3,0.254,1,approved,1.0,1
3243,57,20057.69,3,1,0.175,2,rejected,,0
3244,41,38327.71,210,3,0.554,0,approved,1.0,1
3245,58,32299.16,50,4,0.479,2,rejected,,0
3246,20,26880.97,58,2,0.416,0,approved,1.0,1
3247,71,97247.36,191,2,0.158,0,approved,1.0,1
3248,21,26982.34,63,8,0.427,0,rejected,,0
3249,52,59553.05,147,5,0.162,1,approved,0.0,0
3250,67,51403.47,183,4,0.133,0,approved,1.0,1
3251,40,70715.78,101,3,0.219,4,approved,0.0,0
3252,58,9499.46,202,3,0.105,2,approved,1.0,1
3253,68,32958.6,221,1,0.212,1,approved,1.0,1
3254,67,19168.12,222,1,0.383,0,approved,1.0,1
3255,20,37950.44,181,1,0.191,0,approved,1.0,1
3256,44,39181.7,8,2,0.531,1,rejected,,1
3257,61,26912.23,65,1,0.18,0,rejected,,0
3258,37,95977.35,15,5,0.32,1,approved,1.0,1
3259,24,57844.15,88,2,0.121,1,approved,1.0,1
3260,29,27389.72,149,4,0.377,1,rejected,,0
3261,42,123271.5,217,4,0.162,1,approved,1.0,1
3262,18,27589.64,169,2,0.072,2,approved,1.0,1
3263,49,29620.95,10,4,0.182,0,rejected,,0
3264,18,67814.36,212,0,0.042,1,approved,1.0,1
3265,32,25725.81,220,3,0.153,1,approved,1.0,1
3266,65,37852.2,72,3,0.336,2,rejected,,1
3267,64,40423.76,122,4,0.29,1,approved,0.0,0
3268,19,78802.92,48,1,0.36,1,approved,0.0,0
3269,19,18211.64,29,7,0.151,3,rejected,,0
3270,25,30919.85,196,4,0.598,2,rejected,,0
3271,66,58154.25,84,2,0.072,2,approved,0.0,0
3272,73,31423.73,179,3,0.115,2,approved,1.0,1
3273,65,36308.45,194,2,0.315,3,approved,1.0,1
3274,23,51425.07,200,3,0.395,0,approved,1.0,1
3275,30,31532.2,204,1,0.211,1,approved,1.0,1
3276,24,28995.67,20,6,0.119,2,rejected,,0
3277,36,22160.86,132,3,0.652,0,rejected,,0
3278,67,54796.65,161,1,0.478,1,approved,1.0,1
3279,59,52578.09,119,5,0.308,0,approved,1.0,1
3280,66,32916.5,200,4,0.681,1,approved,1.0,1
3281,47,37286.59,132,0,0.104,3,rejected,,1
3282,54,20385.43,107,5,0.58,0,approved,1.0,1
3283,18,56479.38,193,2,0.115,1,approved,1.0,1
3284,47,27598.72,132,2,0.247,1,approved,1.0,1
3285,35,40481.77,37,3,0.274,0,rejected,,1
3286,19,46076.13,62,2,0.165,1,rejected,,1
3287,57,48734.41,124,9,0.18,2,approved,1.0,1
3288,20,137035.16,148,2,0.35,3,approved,1.0,1
3289,47,46593.88,19,2,0.247,1,rejected,,0
3290,24,16331.91,236,3,0.394,1,approved,1.0,1
3291,48,42214.24,146,2,0.331,1,approved,0.0,0
3292,65,51849.72,197,2,0.106,2,approved,1.0,1
3293,57,16949.5,90,2,0.3,2,rejected,,0
3294,49,26668.74,195,1,0.354,0,approved,1.0,1
3295,63,38949.27,184,2,0.447,0,approved,1.0,1
3296,61,48364.98,231,1,0.224,0,approved,1.0,1
3297,32,24679.48,123,5,0.314,1,approved,1.0,1
3298,53,38756.92,52,3,0.215,2,approved,1.0,1
3299,34,41392.72,93,2,0.19,1,approved,1.0,1
3300,30,58380.45,234,6,0.329,4,approved,1.0,1
3301,71,72031.24,136,2,0.202,0,approved,1.0,1
3302,52,39381.32,149,1,0.053,0,approved,1.0,1
3303,35,71788.35,206,3,0.634,1,approved,1.0,1
3304,22,27771.44,52,4,0.235,0,approved,1.0,1
3305,20,28553.99,43,0,0.41,2,rejected,,0
3306,33,35119.62,59,1,0.135,1,rejected,,0
3307,55,21704.93,175,3,0.302,0,approved,1.0,1
3308,59,32842.95,66,6,0.213,2,approved,0.0,0
3309,45,40875.38,160,2,0.506,0,approved,1.0,1
3310,36,63141.91,131,4,0.439,2,approved,0.0,0
3311,54,42557.41,164,2,0.249,1,approved,1.0,1
3312,40,48760.4,201,3,0.36,1,approved,1.0,1
3313,61,50250.95,24,2,0.428,0,rejected,,0
3314,35,17260.72,140,1,0.21,0,approved,1.0,1
3315,23,34735.47,49,4,0.198,0,rejected,,0
3316,58,57368.7,97,1,0.119,2,approved,0.0,0
3317,30,52628.94,128,1,0.085,1,approved,1.0,1
3318,74,55701.99,147,5,0.244,2,approved,1.0,1
3319,51,38813.18,113,3,0.539,1,approved,0.0,0
3320,64,48611.68,90,1,0.159,1,approved,1.0,1
3321,49,31943.57,177,5,0.246,1,approved,1.0,1
3322,19,11207.38,21,5,0.607,0,rejected,,0
3323,73,58938.3,33,3,0.298,0,approved,1.0,1
3324,37,56597.0,23,4,0.246,0,approved,1.0,1
3325,22,22347.16,174,6,0.438,1,approved,1.0,1
3326,56,31404.4,41,4,0.4,1,rejected,,0
3327,50,23349.24,129,2,0.356,4,rejected,,0
3328,45,68804.27,155,4,0.265,1,approved,1.0,1
3329,30,21972.3,236,3,0.235,1,approved,1.0,1
3330,24,53307.57,41,0,0.097,3,rejected,,0
3331,31,24470.07,29,2,0.161,1,approved,1.0,1
3332,70,87676.58,60,6,0.567,0,approved,1.0,1
3333,50,53587.91,88,3,0.189,1,approved,1.0,1
3334,24,40181.44,121,7,0.493,3,rejected,,0
3335,20,20098.17,124,0,0.316,2,rejected,,1
3336,52,71950.63,19,3,0.621,0,rejected,,0
3337,52,37287.17,39,0,0.138,1,approved,1.0,1
3338,71,17428.8,175,0,0.404,2,approved,0.0,0
3339,60,38360.99,51,2,0.587,1,rejected,,0
3340,30,55335.75,113,0,0.4,0,approved,1.0,1
3341,29,51860.08,231,2,0.452,1,approved,1.0,1
3342,25,49521.28,66,1,0.098,1,approved,1.0,1
3343,41,47466.07,224,2,0.364,0,approved,1.0,1
3344,31,39856.17,192,4,0.315,2,approved,1.0,1
3345,55,58403.73,112,4,0.145,1,approved,1.0,1
3346,63,26181.68,200,4,0.711,1,approved,0.0,0
3347,19,16909.12,146,3,0.134,2,rejected,,1
3348,62,32965.05,28,7,0.204,4,rejected,,1
3349,69,35756.6,82,4,0.608,0,rejected,,0
3350,72,21292.71,220,4,0.543,0,approved,1.0,1
3351,66,32023.38,119,5,0.197,1,approved,1.0,1
3352,73,13984.16,98,6,0.286,1,rejected,,0
3353,49,27319.34,130,1,0.385,1,approved,1.0,1
3354,32,53927.85,185,4,0.392,1,approved,1.0,1
3355,74,21032.7,8,3,0.079,0,approved,1.0,1
3356,32,29618.69,200,0,0.481,1,approved,0.0,0
3357,71,52139.45,87,1,0.289,1,approved,0.0,0
3358,66,75328.07,89,3,0.298,0,approved,0.0,0
3359,18,46665.89,21,2,0.39,1,rejected,,1
3360,32,15259.08,237,4,0.356,1,approved,1.0,1
3361,29,33452.02,197,5,0.449,2,approved,0.0,0
3362,65,68379.72,78,3,0.366,2,approved,0.0,0
3363,50,27572.11,237,1,0.319,2,approved,0.0,0
3364,50,48540.48,102,3,0.142,2,approved,1.0,1
3365,30,43416.08,36,2,0.291,3,rejected,,0
3366,47,14921.9,63,3,0.141,1,approved,0.0,0
3367,60,26912.19,142,2,0.084,0,rejected,,1
3368,66,22455.03,41,2,0.248,3,rejected,,1
3369,52,34180.8,228,0,0.134,1,approved,1.0,1
3370,50,50448.95,124,3,0.624,1,rejected,,0
3371,66,35851.44,92,6,0.308,2,rejected,,0
3372,62,58357.4,19,5,0.592,3,rejected,,0
3373,39,17372.83,194,2,0.735,1,approved,0.0,0
3374,66,22913.8,130,1,0.698,0,approved,1.0,1
3375,27,35196.04,12,4,0.764,0,rejected,,0
3376,32,60851.15,164,2,0.191,0,approved,1.0,1
3377,42,26195.98,161,5,0.1,1,approved,1.0,1
3378,70,51189.97,66,4,0.441,0,approved,1.0,1
3379,62,18723.6,119,7,0.422,2,rejected,,0
3380,40,60093.2,141,2,0.265,0,approved,1.0,1
3381,69,109908.46,3,0,0.403,2,approved,1.0,1
3382,41,35061.53,205,5,0.158,0,approved,1.0,1
3383,29,43995.64,105,1,0.529,2,rejected,,0
3384,69,75289.65,205,3,0.188,0,approved,1.0,1
3385,69,71763.51,201,3,0.355,3,approved,1.0,1
3386,41,44260.26,164,4,0.464,2,approved,0.0,0
3387,18,141935.08,156,3,0.338,0,approved,1.0,1
3388,32,54080.17,17,6,0.453,1,rejected,,1
3389,62,41797.09,29,5,0.145,4,rejected,,0
3390,55,49742.65,98,1,0.348,1,approved,1.0,1
3391,65,44151.96,134,2,0.226,1,approved,1.0,1
3392,63,41767.51,230,1,0.486,0,approved,1.0,1
3393,39,35134.02,174,2,0.147,1,rejected,,1
3394,24,97479.11,149,5,0.147,1,approved,1.0,1
3395,72,38943.17,172,7,0.316,0,approved,1.0,1
3396,19,43042.5,188,3,0.235,0,approved,1.0,1
3397,65,32789.72,3,12,0.177,2,rejected,,1
3398,37,44012.24,209,5,0.43,1,approved,0.0,0
3399,39,33716.56,6,2,0.255,0,rejected,,0
3400,53,49366.74,173,3,0.172,0,approved,1.0,1
3401,24,33976.77,107,3,0.1,1,approved,1.0,1
3402,32,31563.11,179,2,0.228,1,approved,1.0,1
3403,52,24664.3,224,6,0.111,1,approved,1.0,1
3404,24,38460.33,148,6,0.65,2,approved,0.0,0
3405,58,24187.78,142,1,0.427,0,approved,1.0,1
3406,21,54876.01,153,2,0.242,0,approved,1.0,1
3407,63,32736.98,155,3,0.242,0,approved,0.0,0
3408,71,28756.46,206,4,0.219,3,approved,1.0,1
3409,56,46454.9,207,5,0.17,2,approved,1.0,1
3410,28,55186.53,128,0,0.331,1,approved,0.0,0
3411,20,38127.34,39,3,0.137,1,rejected,,0
3412,26,13424.44,118,8,0.129,3,approved,1.0,1
3413,44,25321.19,149,3,0.351,1,approved,1.0,1
3414,36,24613.8,125,4,0.173,4,approved,0.0,0
3415,52,29393.95,23,1,0.174,2,rejected,,0
3416,53,36815.25,203,5,0.258,0,approved,0.0,0
3417,25,46286.83,1,2,0.186,2,rejected,,0
3418,72,35219.04,50,6,0.33,1,approved,1.0,1
3419,45,46751.64,191,2,0.159,3,approved,0.0,0
3420,73,57626.82,22,3,0.016,1,approved,1.0,1
3421,50,41792.64,91,2,0.329,0,approved,1.0,1
3422,60,72866.78,54,7,0.047,1,rejected,,1
3423,46,51403.46,25,7,0.088,1,rejected,,0
3424,54,20043.8,98,0,0.406,1,approved,1.0,1
3425,23,79286.72,147,4,0.219,0,approved,1.0,1
3426,42,87869.15,167,1,0.531,0,approved,1.0,1
3427,26,38675.02,56,4,0.388,1,rejected,,0
3428,54,93341.18,47,2,0.422,1,approved,0.0,0
3429,41,21323.17,221,4,0.184,2,approved,0.0,0
3430,26,53081.03,146,3,0.075,1,approved,1.0,1
3431,63,25763.75,103,3,0.438,0,approved,0.0,0
3432,25,37601.75,176,0,0.319,1,rejected,,1
3433,41,21432.51,181,3,0.241,2,approved,0.0,0
3434,43,45291.64,197,1,0.328,1,approved,1.0,1
3435,47,25270.81,32,2,0.401,0,rejected,,0
3436,29,73444.23,184,5,0.244,1,approved,1.0,1
3437,70,26183.96,180,2,0.067,0,approved,1.0,1
3438,25,51788.56,50,4,0.065,1,rejected,,1
3439,62,23423.08,130,1,0.36,0,approved,1.0,1
3440,53,22651.7,196,3,0.355,3,approved,1.0,1
3441,50,41390.06,222,2,0.09,1,approved,1.0,1
3442,34,82577.58,116,5,0.205,1,approved,1.0,1
3443,39,45722.99,71,0,0.127,0,approved,0.0,0
3444,45,33759.8,81,4,0.555,1,approved,0.0,0
3445,54,28705.35,149,4,0.058,0,approved,1.0,1
3446,46,87334.87,30,2,0.141,0,approved,1.0,1
3447,26,21039.35,15,7,0.268,1,rejected,,0
3448,28,40328.87,121,3,0.214,0,approved,0.0,0
3449,64,94450.53,239,1,0.244,1,approved,1.0,1
3450,18,21590.74,226,3,0.59,1,approved,0.0,0
3451,45,46174.55,95,2,0.028,1,rejected,,1
3452,30,24069.45,35,1,0.593,1,rejected,,0
3453,19,49390.89,147,1,0.197,2,approved,0.0,0
3454,44,77267.47,31,2,0.488,0,rejected,,1
3455,45,139761.07,105,1,0.702,2,approved,0.0,0
3456,40,73663.48,220,2,0.311,1,approved,0.0,0
3457,69,46205.03,164,1,0.205,0,approved,0.0,0
3458,55,34190.35,182,2,0.462,2,approved,0.0,0
3459,43,26822.91,199,4,0.293,1,approved,1.0,1
3460,58,17454.39,66,3,0.338,2,rejected,,0
3461,24,70285.13,10,3,0.046,0,approved,1.0,1
3462,69,13659.78,170,3,0.292,1,approved,1.0,1
3463,47,57721.29,164,3,0.135,0,approved,1.0,1
3464,32,43100.09,32,3,0.267,1,approved,1.0,1
3465,36,94194.01,209,2,0.251,0,approved,1.0,1
3466,66,34594.75,101,2,0.31,0,approved,1.0,1
3467,30,60592.21,154,2,0.145,1,approved,1.0,1
3468,43,67185.55,132,5,0.347,1,approved,1.0,1
3469,70,53011.0,239,6,0.133,0,approved,1.0,1
3470,28,35194.41,143,1,0.303,0,approved,1.0,1
3471,51,39595.03,84,3,0.353,1,rejected,,1
3472,50,16630.37,177,1,0.354,2,rejected,,0
3473,52,51492.63,82,3,0.445,2,rejected,,0
3474,52,49186.55,221,7,0.389,2,approved,0.0,0
3475,29,24472.55,136,5,0.517,4,rejected,,0
3476,24,44872.25,71,1,0.067,2,approved,1.0,1
3477,26,57725.71,64,3,0.224,1,approved,1.0,1
3478,37,41153.88,28,1,0.364,2,rejected,,0
3479,60,15835.06,110,4,0.049,1,approved,1.0,1
3480,41,86581.25,64,4,0.506,3,rejected,,0
3481,49,32515.71,202,5,0.654,1,approved,1.0,1
3482,35,45006.37,218,3,0.315,2,approved,1.0,1
3483,34,17763.25,216,1,0.087,1,approved,1.0,1
3484,57,18069.27,100,2,0.084,0,approved,1.0,1
3485,49,30464.25,188,0,0.191,2,approved,1.0,1
3486,25,33480.42,186,3,0.118,1,approved,0.0,0
3487,22,34493.97,233,3,0.576,1,approved,0.0,0
3488,44,32350.44,21,5,0.478,0,rejected,,0
3489,27,52364.57,188,2,0.332,2,approved,0.0,0
3490,18,47730.72,102,4,0.486,0,approved,0.0,0
3491,53,76150.11,43,2,0.334,0,approved,1.0,1
3492,34,51728.6,50,2,0.162,0,approved,0.0,0
3493,40,30858.35,180,3,0.337,3,approved,0.0,0
3494,73,46485.71,79,6,0.306,2,rejected,,0
3495,46,60243.08,223,1,0.598,0,approved,1.0,1
3496,23,111234.65,30,0,0.322,2,approved,1.0,1
3497,43,29312.02,26,1,0.056,3,rejected,,0
3498,61,57793.61,225,1,0.516,1,approved,1.0,1
3499,69,29483.47,96,4,0.263,3,rejected,,0
3500,44,48972.68,15,2,0.357,0,rejected,,0
3501,66,23184.72,39,1,0.269,1,rejected,,0
3502,31,61646.77,221,4,0.373,2,approved,1.0,1
3503,73,30781.34,137,1,0.267,0,approved,1.0,1
3504,54,33598.92,27,3,0.139,2,rejected,,0
3505,58,95828.95,56,4,0.34,1,approved,0.0,0
3506,61,61471.31,208,2,0.182,1,approved,1.0,1
3507,64,16020.09,107,4,0.203,0,rejected,,0
3508,26,26929.08,14,2,0.276,0,rejected,,0
3509,72,38655.26,84,5,0.683,2,rejected,,0
3510,66,37722.12,87,1,0.304,1,approved,0.0,0
3511,33,29532.12,205,3,0.319,0,approved,1.0,1
3512,32,36315.38,195,1,0.235,0,approved,0.0,0
3513,24,48206.31,123,3,0.155,1,approved,1.0,1
3514,62,83605.8,0,0,0.23,3,rejected,,1
3515,40,21709.92,131,2,0.051,1,approved,1.0,1
3516,20,32063.68,12,2,0.574,0,rejected,,0
3517,46,60962.85,68,2,0.211,0,approved,1.0,1
3518,33,80737.57,43,0,0.285,3,approved,0.0,0
3519,72,57260.29,139,4,0.449,1,approved,0.0,0
3520,49,17055.46,49,0,0.283,3,rejected,,0
3521,25,27994.79,122,2,0.173,1,approved,1.0,1
3522,67,20967.71,91,3,0.025,0,approved,1.0,1
3523,50,42517.32,36,1,0.392,2,rejected,,0
3524,62,66181.2,123,6,0.213,1,approved,1.0,1
3525,22,17705.9,198,3,0.169,0,approved,1.0,1
3526,41,12233.24,74,1,0.513,1,approved,0.0,0
3527,58,16815.86,28,2,0.457,3,rejected,,0
3528,59,29803.53,46,2,0.215,1,approved,1.0,1
3529,41,59414.58,236,3,0.048,0,approved,1.0,1
3530,48,23958.78,138,3,0.192,0,approved,1.0,1
3531,32,18404.12,102,2,0.351,0,approved,0.0,0
3532,24,34066.36,152,0,0.465,0,approved,1.0,1
3533,66,29132.45,132,3,0.338,2,approved,1.0,1
3534,22,45263.37,69,2,0.367,3,rejected,,0
3535,71,69828.97,17,2,0.192,1,rejected,,0
3536,35,24785.71,151,2,0.13,1,approved,1.0,1
3537,73,40760.08,211,3,0.298,1,approved,0.0,0
3538,39,21663.47,57,4,0.406,1,approved,1.0,1
3539,68,28922.32,192,6,0.322,0,approved,0.0,0
3540,67,21161.33,99,6,0.279,1,approved,0.0,0
3541,25,29797.17,233,5,0.222,0,approved,1.0,1
3542,56,30396.57,173,6,0.132,0,approved,1.0,1
3543,29,43825.35,160,2,0.145,0,approved,0.0,0
3544,59,35978.25,227,3,0.419,0,approved,1.0,1
3545,72,27254.34,102,3,0.533,0,rejected,,1
3546,74,21506.13,157,4,0.079,3,approved,1.0,1
3547,20,108871.4,137,3,0.489,0,approved,1.0,1
3548,20,38045.53,69,6,0.04,0,approved,1.0,1
3549,43,20657.88,51,1,0.093,1,rejected,,0
3550,21,63536.44,122,1,0.508,2,approved,1.0,1
3551,66,18705.89,92,2,0.177,0,approved,1.0,1
3552,20,49872.33,169,4,0.102,1,approved,1.0,1
3553,72,59101.39,38,3,0.155,1,approved,1.0,1
3554,59,27222.25,184,6,0.278,1,approved,1.0,1
3555,49,79487.07,49,4,0.381,0,approved,0.0,0
3556,72,220411.53,211,2,0.35,1,approved,1.0,1
3557,43,27842.88,33,1,0.175,3,rejected,,0
3558,18,45875.84,219,3,0.13,2,approved,1.0,1
3559,59,26025.43,66,6,0.239,2,rejected,,1
3560,40,27934.21,24,6,0.108,1,rejected,,1
3561,38,37593.59,162,6,0.191,3,rejected,,1
3562,70,49885.64,86,3,0.547,1,rejected,,0
3563,47,29183.46,79,0,0.299,1,approved,1.0,1
3564,31,31755.54,35,3,0.353,1,rejected,,0
3565,27,43372.29,139,6,0.072,1,approved,1.0,1
3566,45,69788.57,193,1,0.161,1,approved,1.0,1
3567,47,45451.76,44,6,0.18,0,approved,1.0,1
3568,44,21560.9,123,6,0.396,1,approved,0.0,0
3569,25,42167.21,48,3,0.349,0,approved,1.0,1
3570,56,20121.61,1,1,0.202,0,rejected,,0
3571,52,54548.8,114,4,0.461,2,approved,0.0,0
3572,62,35486.63,234,7,0.49,0,approved,1.0,1
3573,39,30665.06,139,2,0.121,2,rejected,,1
3574,64,27583.2,213,4,0.222,0,approved,1.0,1
3575,61,46249.78,62,5,0.292,1,approved,1.0,1
3576,58,40916.33,71,8,0.122,1,rejected,,0
3577,58,42475.22,135,2,0.145,4,rejected,,0
3578,26,40878.52,128,0,0.077,0,approved,1.0,1
3579,72,33938.3,115,5,0.03,1,approved,1.0,1
3580,18,32573.99,228,3,0.516,3,rejected,,1
3581,40,45509.37,65,2,0.065,3,rejected,,0
3582,74,38631.67,204,2,0.106,1,approved,1.0,1
3583,36,65131.52,80,1,0.202,1,approved,1.0,1
3584,65,23324.29,197,4,0.058,0,approved,1.0,1
3585,45,34486.45,71,5,0.485,0,approved,1.0,1
3586,60,38081.79,187,4,0.29,1,approved,0.0,0
3587,63,32967.55,21,2,0.438,2,rejected,,0
3588,64,29353.53,51,2,0.223,0,rejected,,1
3589,38,36709.35,229,3,0.482,3,approved,1.0,1
3590,44,39941.83,163,1,0.137,0,approved,1.0,1
3591,56,52529.58,201,5,0.161,0,approved,0.0,0
3592,34,31524.13,145,2,0.091,1,approved,1.0,1
3593,50,30936.57,91,4,0.582,1,rejected,,0
3594,66,23155.54,132,1,0.422,0,approved,1.0,1
3595,50,50487.05,150,4,0.388,0,approved,1.0,1
3596,48,76361.2,53,1,0.185,0,approved,1.0,1
3597,23,44814.2,82,2,0.257,1,rejected,,1
3598,72,26008.09,203,2,0.262,1,approved,1.0,1
3599,18,24545.53,73,4,0.301,1,approved,1.0,1
3600,29,22609.09,234,5,0.424,3,approved,0.0,0
3601,27,37987.55,181,3,0.271,2,approved,0.0,0
3602,40,16618.03,221,2,0.514,0,approved,1.0,1
3603,54,123936.94,59,3,0.357,0,approved,1.0,1
3604,69,30369.04,234,2,0.249,1,approved,1.0,1
3605,19,54541.13,94,7,0.361,1,approved,1.0,1
3606,30,65504.0,107,2,0.178,2,approved,0.0,0
3607,53,23875.97,24,3,0.548,1,rejected,,1
3608,58,49094.68,42,5,0.358,2,approved,0.0,0
3609,60,25054.64,96,3,0.57,2,rejected,,0
3610,66,47502.89,147,5,0.03,4,approved,1.0,1
3611,18,20987.88,19,4,0.181,0,rejected,,0
3612,47,13722.0,138,7,0.287,1,rejected,,0
3613,48,31249.35,123,6,0.672,0,approved,0.0,0
3614,33,42553.1,223,0,0.107,0,approved,1.0,1
3615,72,47418.28,132,5,0.175,3,approved,1.0,1
3616,61,40007.12,224,5,0.178,2,approved,1.0,1
3617,63,28230.96,52,6,0.448,0,rejected,,1
3618,69,53662.17,180,4,0.262,2,approved,1.0,1
3619,63,20634.83,192,2,0.62,2,approved,1.0,1
3620,19,23694.93,233,1,0.271,2,approved,1.0,1
3621,28,28992.53,10,4,0.207,0,rejected,,0
3622,57,31174.72,18,2,0.178,1,rejected,,1
3623,52,40890.76,205,3,0.106,1,approved,1.0,1
3624,45,49286.65,211,0,0.167,0,approved,0.0,0
3625,54,37495.17,154,4,0.075,1,approved,1.0,1
3626,50,46772.18,164,0,0.29,3,approved,1.0,1
3627,52,24933.68,39,6,0.339,3,rejected,,0
3628,66,33592.33,88,2,0.39,3,rejected,,0
3629,28,39681.64,95,3,0.012,1,approved,1.0,1
3630,21,28229.25,198,4,0.457,3,approved,1.0,1
3631,73,65035.0,231,1,0.032,1,approved,1.0,1
3632,25,35338.71,210,3,0.224,1,approved,1.0,1
3633,18,33348.2,114,3,0.08,3,approved,1.0,1
3634,47,84888.79,110,2,0.287,3,approved,1.0,1
3635,18,33658.03,98,4,0.648,1,approved,0.0,0
3636,45,33580.02,211,4,0.075,1,approved,1.0,1
3637,70,13909.51,112,7,0.215,0,approved,1.0,1
3638,35,31512.55,150,1,0.2,2,approved,1.0,1
3639,35,22967.54,190,5,0.42,0,approved,0.0,0
3640,37,34182.11,177,1,0.208,0,approved,1.0,1
3641,26,48523.32,200,1,0.409,2,approved,1.0,1
3642,39,10784.4,153,3,0.356,1,approved,1.0,1
3643,53,19447.44,132,3,0.767,1,rejected,,0
3644,34,47305.61,199,3,0.106,0,approved,1.0,1
3645,66,26402.69,235,2,0.287,0,approved,1.0,1
3646,32,22085.33,120,1,0.059,1,approved,1.0,1
3647,29,77685.22,148,0,0.404,2,approved,1.0,1
3648,51,18378.5,38,6,0.382,2,rejected,,0
3649,72,40635.55,55,3,0.031,1,approved,1.0,1
3650,48,19096.11,36,2,0.32,0,rejected,,1
3651,53,33945.79,173,2,0.269,5,rejected,,1
3652,71,25756.0,173,8,0.462,3,approved,1.0,1
3653,46,41456.16,77,2,0.219,1,approved,1.0,1
3654,18,49258.63,24,3,0.262,2,rejected,,0
3655,59,27381.02,86,5,0.649,2,rejected,,1
3656,34,76759.7,172,3,0.453,2,approved,1.0,1
3657,74,49806.36,163,5,0.065,1,approved,1.0,1
3658,34,52313.1,1,3,0.175,1,rejected,,1
3659,68,29886.6,102,4,0.212,2,rejected,,0
3660,56,52549.09,45,3,0.446,0,approved,1.0,1
3661,25,15736.95,100,2,0.049,1,approved,0.0,0
3662,47,22446.42,183,2,0.066,1,approved,0.0,0
3663,27,47859.34,226,2,0.193,1,approved,0.0,0
3664,65,37468.68,231,1,0.061,1,approved,1.0,1
3665,44,29990.91,177,3,0.211,1,approved,1.0,1
3666,41,116685.37,220,4,0.393,1,approved,1.0,1
3667,68,18244.28,106,3,0.479,2,rejected,,1
3668,56,52103.56,147,3,0.281,1,approved,1.0,1
3669,74,47000.06,158,1,0.584,1,approved,0.0,0
3670,58,24614.41,75,6,0.258,2,rejected,,0
3671,43,40433.45,96,1,0.297,1,approved,1.0,1
3672,73,29281.75,26,2,0.268,0,rejected,,0
3673,53,11553.66,95,0,0.082,1,rejected,,1
3674,25,20226.17,179,6,0.359,2,approved,0.0,0
3675,40,56747.32,109,4,0.351,0,approved,1.0,1
3676,60,38876.52,230,3,0.677,2,approved,1.0,1
3677,28,46616.68,84,4,0.182,1,approved,0.0,0
3678,21,34931.46,195,2,0.141,1,approved,1.0,1
3679,47,45460.31,55,3,0.361,2,rejected,,1
3680,53,31028.65,118,2,0.174,2,approved,0.0,0
3681,70,21822.12,148,4,0.224,0,approved,1.0,1
3682,24,54271.34,203,2,0.205,2,approved,1.0,1
3683,31,22049.48,49,4,0.236,0,rejected,,0
3684,21,34967.6,68,4,0.098,2,rejected,,0
3685,27,30362.94,129,4,0.304,2,approved,1.0,1
3686,53,95378.17,52,3,0.663,0,rejected,,0
3687,46,26313.26,177,5,0.288,1,approved,0.0,0
3688,66,36446.23,72,3,0.348,1,rejected,,1
3689,60,52656.16,10,2,0.399,1,approved,0.0,0
3690,25,42936.95,160,2,0.405,1,approved,1.0,1
3691,47,64068.16,38,1,0.246,0,approved,0.0,0
3692,60,44252.1,37,5,0.428,0,rejected,,1
3693,46,55657.0,208,4,0.17,4,approved,0.0,0
3694,35,90153.46,211,1,0.6,0,approved,1.0,1
3695,64,20423.28,135,0,0.134,1,approved,1.0,1
3696,26,48977.7,56,6,0.365,0,approved,0.0,0
3697,23,66384.21,170,2,0.434,2,rejected,,1
3698,70,13411.99,135,4,0.1,2,approved,0.0,0
3699,31,76659.24,203,1,0.264,0,approved,0.0,0
3700,44,60199.49,12,1,0.314,1,rejected,,0
3701,42,15300.32,157,0,0.297,1,approved,1.0,1
3702,57,62126.46,99,1,0.061,1,approved,1.0,1
3703,53,33215.21,66,3,0.267,2,approved,0.0,0
3704,52,57047.95,89,2,0.309,1,approved,0.0,0
3705,54,52724.34,201,2,0.366,1,approved,1.0,1
3706,50,22759.69,60,2,0.226,1,approved,0.0,0
3707,49,39962.25,92,4,0.304,0,approved,0.0,0
3708,28,41584.62,223,2,0.814,2,approved,0.0,0
3709,68,24137.67,9,1,0.358,0,rejected,,1
3710,41,59116.16,118,5,0.502,0,approved,0.0,0
3711,36,21206.65,10,2,0.208,1,rejected,,0
3712,63,64346.26,187,1,0.435,3,approved,1.0,1
3713,56,93451.05,120,3,0.021,0,approved,0.0,0
3714,32,35737.13,183,4,0.384,1,approved,1.0,1
3715,64,35030.39,204,2,0.149,0,approved,1.0,1
3716,22,31895.67,160,2,0.115,0,approved,1.0,1
3717,32,32419.87,111,3,0.331,2,approved,1.0,1
3718,57,23860.6,227,1,0.168,1,approved,1.0,1
3719,70,38436.42,103,5,0.199,2,approved,1.0,1
3720,60,26080.22,129,2,0.234,1,approved,1.0,1
3721,66,36438.41,124,1,0.173,0,approved,0.0,0
3722,65,23597.94,179,0,0.184,0,approved,1.0,1
3723,52,39607.01,92,2,0.23,1,approved,1.0,1
3724,53,27953.78,71,2,0.175,2,approved,1.0,1
3725,39,23846.0,227,3,0.147,0,approved,1.0,1
3726,34,23711.41,113,4,0.153,2,approved,1.0,1
3727,21,47932.56,65,3,0.47,0,approved,1.0,1
3728,27,18251.79,41,4,0.057,0,rejected,,1
3729,56,46164.09,43,0,0.253,1,rejected,,0
3730,35,37263.6,6,4,0.309,0,rejected,,0
3731,62,56589.5,78,1,0.54,2,approved,1.0,1
3732,18,43949.56,192,1,0.267,4,approved,0.0,0
3733,74,21878.11,111,5,0.157,2,approved,0.0,0
3734,32,42764.01,119,2,0.502,1,rejected,,1
3735,56,35899.6,75,2,0.164,0,rejected,,1
3736,45,28845.65,114,3,0.476,2,approved,0.0,0
3737,38,20058.16,173,5,0.078,1,approved,0.0,0
3738,65,80501.97,149,3,0.398,1,approved,1.0,1
3739,64,59286.92,126,2,0.524,0,approved,1.0,1
3740,32,27545.07,239,6,0.109,1,approved,1.0,1
3741,64,44355.48,147,1,0.125,2,approved,1.0,1
3742,24,41369.52,117,6,0.082,3,approved,1.0,1
3743,74,28139.47,27,3,0.428,4,rejected,,1
3744,35,30250.63,26,4,0.194,0,rejected,,0
3745,72,25658.21,152,3,0.489,1,approved,0.0,0
3746,64,24607.83,187,2,0.085,2,approved,1.0,1
3747,47,27223.16,6,4,0.251,4,rejected,,0
3748,72,52702.19,75,0,0.254,1,approved,0.0,0
3749,23,19792.88,96,3,0.217,1,approved,0.0,0
3750,22,60873.87,197,4,0.249,2,approved,1.0,1
3751,59,47950.59,37,0,0.198,2,approved,1.0,1
3752,62,118442.63,225,3,0.039,0,approved,1.0,1
3753,21,49396.76,146,5,0.211,0,approved,0.0,0
3754,44,31801.41,62,2,0.416,0,approved,0.0,0
3755,19,26979.38,159,6,0.434,0,approved,1.0,1
3756,44,21286.16,19,4,0.501,0,rejected,,0
3757,57,29355.33,30,4,0.291,2,rejected,,0
3758,47,58802.23,52,3,0.127,0,approved,0.0,0
3759,37,32870.43,116,5,0.34,1,approved,1.0,1
3760,61,40488.22,49,2,0.106,1,rejected,,1
3761,46,31893.55,41,1,0.507,0,rejected,,0
3762,70,10343.08,143,5,0.388,0,approved,1.0,1
3763,21,124953.22,34,2,0.023,1,approved,1.0,1
3764,25,21328.86,71,3,0.113,2,rejected,,0
3765,43,67563.0,26,3,0.133,0,approved,0.0,0
3766,32,49673.63,181,0,0.366,2,approved,1.0,1
3767,23,30904.03,148,6,0.147,0,approved,1.0,1
3768,57,17274.12,31,4,0.181,1,rejected,,0
3769,35,13929.79,221,4,0.877,3,rejected,,0
3770,18,68424.26,183,0,0.271,5,approved,1.0,1
3771,66,31366.61,208,2,0.089,2,approved,1.0,1
3772,57,21271.6,156,1,0.117,0,approved,1.0,1
3773,62,18110.04,21,7,0.152,0,rejected,,0
3774,44,35119.43,143,5,0.558,1,approved,1.0,1
3775,23,30860.1,32,1,0.371,2,rejected,,0
3776,43,24332.17,234,4,0.217,0,approved,1.0,1
3777,33,74772.75,152,5,0.427,3,approved,1.0,1
3778,60,56194.52,220,0,0.4,2,approved,1.0,1
3779,58,24049.38,36,3,0.083,2,rejected,,1
3780,38,53256.2,227,3,0.321,2,approved,1.0,1
3781,39,49702.4,196,2,0.244,2,approved,1.0,1
3782,25,80758.41,84,2,0.281,1,approved,0.0,0
3783,40,44783.28,200,3,0.509,1,approved,1.0,1
3784,55,59446.06,165,4,0.202,2,approved,1.0,1
3785,27,79737.17,216,7,0.133,1,approved,1.0,1
3786,62,50073.39,115,1,0.516,0,approved,1.0,1
3787,56,33364.33,125,4,0.347,0,approved,1.0,1
3788,72,16521.96,41,5,0.423,1,rejected,,0
3789,36,72728.94,145,6,0.316,1,approved,1.0,1
3790,34,16737.65,30,9,0.19,1,rejected,,0
3791,57,53699.31,16,3,0.284,2,approved,1.0,1
3792,57,47146.5,139,6,0.148,0,approved,1.0,1
3793,40,54158.77,33,6,0.42,1,rejected,,0
3794,61,63189.15,65,5,0.122,0,approved,1.0,1
3795,59,17616.11,119,4,0.096,0,approved,1.0,1
3796,44,34773.5,56,2,0.432,0,rejected,,0
3797,67,37213.17,44,4,0.169,1,approved,0.0,0
3798,71,86785.74,89,4,0.062,2,approved,0.0,0
3799,56,14725.06,238,4,0.172,1,approved,1.0,1
3800,61,21559.48,175,6,0.07,1,approved,1.0,1
3801,65,33960.55,235,4,0.406,0,approved,1.0,1
3802,25,38459.08,77,2,0.482,0,approved,1.0,1
3803,43,83448.55,211,2,0.191,0,approved,1.0,1
3804,49,20416.61,118,1,0.106,2,approved,1.0,1
3805,29,19080.0,13,3,0.076,2,rejected,,0
3806,44,30899.05,141,4,0.3,1,approved,0.0,0
3807,34,38205.93,115,2,0.36,0,approved,1.0,1
3808,31,15293.9,28,2,0.476,4,rejected,,0
3809,33,28486.59,104,4,0.325,1,approved,1.0,1
3810,25,46270.06,179,2,0.43,0,approved,1.0,1
3811,61,69481.16,175,1,0.178,1,approved,1.0,1
3812,48,15790.84,239,0,0.165,0,approved,1.0,1
3813,68,90614.13,191,2,0.629,2,approved,1.0,1
3814,70,29944.1,96,6,0.019,1,rejected,,0
3815,20,24542.52,197,4,0.437,1,approved,0.0,0
3816,61,53270.72,228,2,0.468,1,approved,1.0,1
3817,23,78119.74,24,3,0.111,2,approved,0.0,0
3818,26,24769.16,91,2,0.124,2,approved,1.0,1
3819,21,44242.53,165,2,0.066,1,approved,1.0,1
3820,66,21122.93,86,5,0.232,0,rejected,,0
3821,48,10840.64,222,3,0.326,0,approved,1.0,1
3822,30,60947.08,177,4,0.478,1,approved,0.0,0
3823,59,46217.77,88,4,0.318,2,approved,0.0,0
3824,64,50388.77,104,3,0.218,0,approved,1.0,1
3825,31,29455.96,106,5,0.331,3,approved,0.0,0
3826,70,32682.58,225,2,0.145,1,approved,1.0,1
3827,70,15684.01,16,0,0.205,1,rejected,,1
3828,43,59099.39,12,5,0.225,1,rejected,,0
3829,28,46352.23,138,2,0.192,0,approved,1.0,1
3830,58,31105.62,191,2,0.475,0,approved,0.0,0
3831,59,41317.77,138,1,0.485,4,rejected,,1
3832,45,51633.1,146,5,0.678,1,rejected,,0
3833,60,38260.35,106,2,0.172,0,approved,1.0,1
3834,42,42792.08,26,3,0.231,1,rejected,,0
3835,68,30512.9,40,1,0.236,0,rejected,,0
3836,45,43204.21,22,2,0.648,0,rejected,,0
3837,22,159667.23,55,1,0.366,2,approved,1.0,1
3838,37,27957.28,128,4,0.139,1,rejected,,0
3839,62,63220.15,36,5,0.704,0,approved,0.0,0
3840,38,78868.1,89,1,0.172,2,approved,0.0,0
3841,56,18934.69,89,4,0.008,0,approved,1.0,1
3842,28,44103.02,195,2,0.114,0,approved,1.0,1
3843,33,28726.81,14,1,0.185,1,approved,0.0,0
3844,54,31144.92,167,2,0.493,2,rejected,,1
3845,67,53687.55,195,3,0.158,5,approved,1.0,1
3846,73,54388.1,13,4,0.445,0,approved,1.0,1
3847,19,82162.83,60,3,0.637,0,approved,0.0,0
3848,27,49445.43,98,2,0.364,2,approved,1.0,1
3849,50,48024.91,128,6,0.168,3,approved,0.0,0
3850,40,41777.3,191,0,0.407,0,approved,1.0,1
3851,72,27047.99,108,1,0.337,0,approved,1.0,1
3852,34,25874.82,234,3,0.175,2,approved,1.0,1
3853,48,42960.48,138,0,0.11,1,approved,1.0,1
3854,62,14518.18,211,3,0.361,1,approved,1.0,1
3855,58,45749.52,138,2,0.533,4,rejected,,0
3856,38,31390.6,239,2,0.272,2,approved,1.0,1
3857,62,30744.94,18,3,0.204,1,approved,0.0,0
3858,18,31331.49,77,4,0.333,2,rejected,,1
3859,22,52509.83,31,4,0.284,2,rejected,,0
3860,35,10093.2,2,4,0.113,1,approved,1.0,1
3861,64,40893.91,120,1,0.516,0,approved,1.0,1
3862,45,37675.39,195,1,0.208,1,approved,1.0,1
3863,23,16179.98,17,1,0.294,2,rejected,,0
3864,27,33058.87,176,2,0.151,1,approved,1.0,1
3865,22,23532.21,64,3,0.071,3,approved,0.0,0
3866,27,23980.51,191,5,0.116,2,approved,1.0,1
3867,68,53211.58,107,2,0.393,1,approved,1.0,1
3868,26,15073.08,113,2,0.548,1,rejected,,1
3869,40,16576.01,43,5,0.133,1,rejected,,1
3870,66,69543.26,203,4,0.602,0,approved,1.0,1
3871,32,13041.36,119,2,0.21,0,approved,1.0,1
3872,28,27255.95,209,0,0.226,1,approved,0.0,0
3873,41,70640.4,109,5,0.408,1,approved,0.0,0
3874,46,36575.99,19,4,0.234,1,rejected,,0
3875,41,37306.6,225,2,0.26,0,approved,1.0,1
3876,38,67057.13,134,2,0.438,2,approved,1.0,1
3877,23,51176.92,68,2,0.188,2,rejected,,1
3878,74,59555.88,190,2,0.234,7,approved,1.0,1
3879,20,22820.96,148,3,0.204,0,approved,1.0,1
3880,58,23179.55,120,5,0.097,1,approved,1.0,1
3881,74,36481.65,202,1,0.315,1,approved,1.0,1
3882,45,118535.03,106,1,0.381,0,approved,1.0,1
3883,22,22350.0,64,5,0.384,1,rejected,,0
3884,69,34304.68,77,7,0.091,0,approved,1.0,1
3885,29,42540.8,58,3,0.062,1,approved,1.0,1
3886,31,38199.81,133,5,0.346,3,rejected,,0
3887,28,27048.76,55,4,0.265,1,rejected,,0
3888,20,43555.79,38,2,0.162,0,rejected,,0
3889,46,26999.85,186,3,0.452,0,approved,1.0,1
3890,33,41519.26,45,4,0.684,3,rejected,,0
3891,56,21685.02,174,2,0.302,1,approved,1.0,1
3892,49,32656.18,208,4,0.165,2,approved,0.0,0
3893,32,37503.14,65,2,0.085,1,approved,1.0,1
3894,73,15990.75,216,4,0.265,1,approved,1.0,1
3895,36,23399.39,104,1,0.081,1,approved,0.0,0
3896,39,88910.55,79,5,0.104,3,approved,1.0,1
3897,40,35507.35,168,5,0.14,1,approved,1.0,1
3898,53,45550.94,124,3,0.67,0,approved,1.0,1
3899,69,65115.24,15,3,0.349,2,rejected,,0
3900,48,49376.51,202,2,0.249,0,approved,1.0,1
3901,65,26338.19,218,4,0.207,1,approved,1.0,1
3902,57,45354.38,24,2,0.715,2,rejected,,0
3903,32,54953.21,185,4,0.5,0,approved,1.0,1
3904,43,48175.17,94,3,0.666,2,rejected,,0
3905,57,21660.99,25,3,0.577,1,rejected,,0
3906,33,26911.83,146,3,0.182,2,approved,0.0,0
3907,55,20909.39,173,6,0.138,0,approved,1.0,1
3908,48,25934.89,54,0,0.238,0,rejected,,0
3909,33,16720.63,68,4,0.329,1,approved,0.0,0
3910,41,27974.22,150,7,0.106,0,approved,1.0,1
3911,39,118931.81,13,4,0.388,1,approved,1.0,1
3912,20,42239.19,120,5,0.305,2,approved,1.0,1
3913,48,52894.89,196,4,0.057,2,approved,1.0,1
3914,72,29121.05,188,2,0.412,1,approved,1.0,1
3915,51,20001.23,43,3,0.439,1,rejected,,0
3916,73,36523.09,189,3,0.658,2,rejected,,0
3917,64,11223.38,129,1,0.134,0,approved,0.0,0
3918,27,28995.34,132,0,0.269,0,approved,0.0,0
3919,45,42358.53,109,4,0.219,1,approved,1.0,1
3920,70,86443.75,105,3,0.355,0,approved,1.0,1
3921,39,29824.01,108,1,0.26,5,approved,0.0,0
3922,64,97085.35,170,0,0.202,0,approved,1.0,1
3923,56,24765.86,91,2,0.294,2,approved,0.0,0
3924,62,67242.27,133,0,0.334,0,approved,1.0,1
3925,40,21800.96,85,3,0.043,0,approved,1.0,1
3926,57,32383.43,123,4,0.35,1,rejected,,1
3927,53,32817.92,50,6,0.036,2,rejected,,0
3928,54,33953.04,183,3,0.203,2,approved,0.0,0
3929,28,22735.53,60,2,0.073,1,approved,1.0,1
3930,51,38789.81,215,8,0.125,1,approved,1.0,1
3931,47,20935.54,68,7,0.46,3,rejected,,0
3932,29,35649.15,96,6,0.735,1,rejected,,1
3933,73,40389.74,224,7,0.456,2,rejected,,1
3934,74,62775.38,102,3,0.31,4,rejected,,0
3935,54,27562.59,214,3,0.391,0,approved,1.0,1
3936,68,36775.86,102,7,0.175,0,approved,0.0,0
3937,25,18541.99,125,3,0.278,0,approved,1.0,1
3938,19,64388.1,226,3,0.409,4,approved,1.0,1
3939,69,69354.42,17,4,0.256,4,approved,1.0,1
3940,73,27815.95,183,1,0.371,1,rejected,,1
3941,40,65386.57,121,2,0.398,1,approved,0.0,0
3942,49,49132.52,12,1,0.283,1,rejected,,0
3943,38,43247.7,97,2,0.14,1,approved,1.0,1
3944,61,85564.75,168,3,0.478,0,approved,1.0,1
3945,31,14755.86,56,1,0.259,2,rejected,,0
3946,65,27113.8,164,4,0.521,1,approved,0.0,0
3947,35,43123.09,89,5,0.336,0,rejected,,1
3948,33,50113.66,192,3,0.492,2,approved,1.0,1
3949,20,39208.59,197,2,0.605,2,approved,1.0,1
3950,24,42331.45,83,0,0.447,2,rejected,,1
3951,35,37327.85,90,6,0.113,0,approved,0.0,0
3952,47,70313.92,53,2,0.572,2,approved,1.0,1
3953,31,43435.5,28,3,0.074,2,rejected,,0
3954,49,49422.28,158,5,0.279,1,approved,1.0,1
3955,26,35785.85,57,2,0.148,3,rejected,,1
3956,33,41441.05,130,4,0.334,1,approved,1.0,1
3957,38,27115.87,153,4,0.194,1,approved,1.0,1
3958,43,51549.75,239,3,0.219,0,approved,1.0,1
3959,28,37692.32,137,3,0.023,1,approved,1.0,1
3960,24,11241.67,91,4,0.088,1,rejected,,1
3961,27,33333.73,76,2,0.398,1,rejected,,1
3962,63,49244.94,40,2,0.313,0,approved,0.0,0
3963,70,37239.62,130,3,0.321,2,approved,0.0,0
3964,71,67408.74,85,4,0.218,0,approved,1.0,1
3965,37,27768.12,138,0,0.271,2,approved,1.0,1
3966,18,11326.71,171,4,0.05,0,approved,1.0,1
3967,26,95538.87,235,3,0.488,2,approved,1.0,1
3968,36,61791.83,235,4,0.631,1,approved,1.0,1
3969,37,70631.73,210,3,0.113,1,approved,1.0,1
3970,40,23969.18,206,5,0.621,2,approved,0.0,0
3971,21,50601.74,152,1,0.407,2,approved,0.0,0
3972,27,45085.73,30,3,0.276,0,approved,1.0,1
3973,66,13300.67,64,3,0.817,0,rejected,,1
3974,73,24038.52,97,4,0.35,1,rejected,,0
3975,56,24637.28,22,2,0.345,0,rejected,,0
3976,31,16938.42,64,3,0.169,2,rejected,,1
3977,33,59584.56,203,0,0.303,1,approved,1.0,1
3978,61,79060.64,83,5,0.471,0,approved,0.0,0
3979,70,19345.34,132,3,0.508,1,approved,0.0,0
3980,38,52531.69,226,0,0.201,1,approved,1.0,1
3981,71,43726.59,90,3,0.106,1,approved,0.0,0
3982,57,19239.11,69,2,0.278,0,approved,1.0,1
3983,41,15980.68,51,5,0.275,2,rejected,,1
3984,22,19641.08,50,2,0.384,0,rejected,,1
3985,49,13259.27,214,0,0.378,1,approved,1.0,1
3986,34,15715.78,163,5,0.315,1,approved,0.0,0
3987,32,30587.76,26,1,0.28,0,rejected,,1
3988,55,27076.49,130,6,0.099,2,approved,1.0,1
3989,53,40262.04,43,4,0.211,2,approved,1.0,1
3990,28,66617.34,30,4,0.305,3,approved,0.0,0
3991,33,24753.05,4,3,0.155,3,rejected,,0
3992,40,22523.56,110,2,0.15,1,approved,0.0,0
3993,68,31223.44,196,8,0.22,1,approved,0.0,0
3994,74,52760.35,15,1,0.261,1,rejected,,1
3995,41,22901.26,33,4,0.315,1,rejected,,0
3996,52,33453.68,108,2,0.356,0,approved,0.0,0
3997,68,16638.28,143,6,0.113,2,rejected,,1
3998,24,19347.74,125,2,0.136,1,approved,0.0,0
3999,38,36581.55,138,3,0.048,0,approved,1.0,1
4000,20,25831.44,114,2,0.41,2,rejected,,0
4001,48,21188.15,162,4,0.281,3,rejected,,0
4002,37,13263.32,194,4,0.163,2,approved,0.0,0
4003,53,11735.91,151,1,0.521,0,approved,1.0,1
4004,71,32267.23,223,5,0.352,3,approved,1.0,1
4005,67,26322.79,224,4,0.12,0,approved,0.0,0
4006,72,25016.73,161,3,0.158,2,approved,1.0,1
4007,43,50231.96,5,3,0.307,0,rejected,,1
4008,31,36556.04,131,4,0.363,1,approved,0.0,0
4009,48,53858.03,144,1,0.091,1,approved,1.0,1
4010,45,19063.49,72,7,0.373,2,rejected,,0
4011,53,55851.5,116,3,0.158,2,approved,1.0,1
4012,60,49400.29,122,3,0.325,0,approved,1.0,1
4013,73,18990.03,192,3,0.409,3,approved,1.0,1
4014,71,39934.68,55,2,0.436,1,rejected,,1
4015,35,50268.08,199,6,0.319,0,approved,1.0,1
4016,30,22463.85,130,3,0.26,0,approved,1.0,1
4017,57,19909.09,219,7,0.411,2,approved,0.0,0
4018,45,56275.03,190,4,0.399,0,approved,0.0,0
4019,65,27352.11,203,3,0.552,1,approved,1.0,1
4020,46,37392.16,203,4,0.672,0,approved,1.0,1
4021,57,28724.48,34,5,0.438,4,rejected,,0
4022,72,7280.98,213,3,0.426,1,approved,0.0,0
4023,35,23813.99,68,3,0.523,1,rejected,,0
4024,39,28199.18,181,3,0.294,2,approved,0.0,0
4025,33,25526.95,181,3,0.264,3,approved,0.0,0
4026,36,31143.42,125,3,0.215,1,approved,0.0,0
4027,58,19955.26,90,1,0.276,0,rejected,,1
4028,41,81609.1,7,4,0.194,0,approved,0.0,0
4029,61,25281.12,150,3,0.172,1,approved,1.0,1
4030,30,46607.93,219,4,0.293,0,approved,1.0,1
4031,33,119334.86,194,5,0.64,0,approved,1.0,1
4032,41,65253.27,48,3,0.376,0,approved,1.0,1
4033,73,27145.45,88,4,0.635,0,rejected,,0
4034,61,51289.86,92,1,0.499,1,approved,1.0,1
4035,60,24311.38,19,4,0.369,0,rejected,,0
4036,41,74665.79,4,7,0.155,0,approved,1.0,1
4037,19,54806.9,78,2,0.151,0,approved,1.0,1
4038,23,34396.65,107,4,0.2,2,approved,1.0,1
4039,24,40183.1,233,4,0.138,1,approved,1.0,1
4040,25,21482.21,88,2,0.255,1,rejected,,0
4041,45,27177.54,4,3,0.29,0,rejected,,0
4042,50,68922.68,164,4,0.286,1,approved,0.0,0
4043,61,45167.44,123,2,0.163,0,approved,1.0,1
4044,37,115950.38,220,3,0.447,0,approved,1.0,1
4045,41,34951.34,136,3,0.406,3,approved,0.0,0
4046,52,92037.34,227,6,0.043,3,approved,1.0,1
4047,59,14006.81,218,4,0.433,0,approved,1.0,1
4048,26,33656.38,227,3,0.017,0,approved,1.0,1
4049,35,50691.23,194,1,0.474,2,approved,1.0,1
4050,38,89608.65,69,0,0.346,0,approved,1.0,1
4051,60,30246.87,150,6,0.057,0,approved,1.0,1
4052,71,13053.96,35,6,0.111,3,rejected,,0
4053,64,50762.09,79,1,0.447,3,rejected,,0
4054,20,20684.04,193,2,0.334,0,approved,1.0,1
4055,36,13839.03,23,1,0.154,0,rejected,,1
4056,62,116130.0,223,4,0.086,1,approved,1.0,1
4057,37,21632.16,214,5,0.133,0,approved,1.0,1
4058,65,77627.36,22,4,0.211,1,approved,1.0,1
4059,74,22944.86,124,1,0.168,3,rejected,,0
4060,48,85318.13,219,3,0.548,1,approved,1.0,1
4061,32,36412.2,34,4,0.057,4,rejected,,0
4062,62,41804.61,141,8,0.337,0,approved,1.0,1
4063,28,23838.15,46,5,0.164,0,approved,0.0,0
4064,55,39237.24,42,4,0.332,2,rejected,,0
4065,32,27027.85,100,1,0.16,0,approved,1.0,1
4066,25,35787.62,78,5,0.326,2,rejected,,1
4067,40,32821.2,51,1,0.249,0,approved,1.0,1
4068,47,65821.23,217,3,0.247,3,approved,1.0,1
4069,46,27623.82,96,3,0.456,0,approved,1.0,1
4070,26,49549.09,112,2,0.063,2,approved,1.0,1
4071,38,62985.47,190,3,0.512,0,approved,0.0,0
4072,21,40335.12,42,4,0.674,0,rejected,,0
4073,47,24984.18,186,0,0.099,2,approved,1.0,1
4074,31,25952.02,160,5,0.376,4,approved,1.0,1
4075,66,44406.75,224,0,0.177,2,approved,1.0,1
4076,51,20899.21,205,5,0.15,1,approved,1.0,1
4077,40,38401.97,154,2,0.208,0,approved,1.0,1
4078,36,20496.38,142,2,0.226,3,approved,1.0,1
4079,68,33603.0,21,3,0.254,3,approved,0.0,0
4080,30,49518.5,76,5,0.507,0,approved,1.0,1
4081,60,43165.46,126,1,0.801,1,rejected,,0
4082,39,28976.02,162,3,0.37,0,approved,1.0,1
4083,70,39898.16,189,3,0.284,1,approved,1.0,1
4084,28,88298.55,146,5,0.201,0,approved,1.0,1
4085,66,82024.58,233,8,0.042,1,approved,1.0,1
4086,26,80664.3,99,1,0.336,0,approved,1.0,1
4087,38,39647.78,157,4,0.341,2,rejected,,0
4088,38,120159.91,193,4,0.652,1,approved,1.0,1
4089,25,17297.16,193,3,0.196,1,approved,1.0,1
4090,19,23536.55,78,2,0.415,0,approved,0.0,0
4091,25,62012.92,199,2,0.318,2,approved,1.0,1
4092,57,31551.54,88,0,0.177,1,approved,0.0,0
4093,22,44027.8,28,3,0.333,2,rejected,,0
4094,52,52882.31,104,4,0.347,1,approved,0.0,0
4095,66,31489.55,167,4,0.305,0,approved,1.0,1
4096,55,54037.76,45,2,0.356,1,rejected,,1
4097,29,44809.97,236,6,0.126,1,approved,1.0,1
4098,61,55906.56,172,2,0.175,1,approved,1.0,1
4099,54,16846.13,71,5,0.082,3,rejected,,1
4100,31,27574.92,180,4,0.125,2,approved,0.0,0
4101,22,13735.27,14,3,0.108,0,approved,0.0,0
4102,65,33797.1,120,3,0.403,1,rejected,,0
4103,33,68325.02,100,5,0.292,0,approved,1.0,1
4104,36,32655.86,141,1,0.152,0,approved,1.0,1
4105,25,42811.18,234,5,0.203,0,approved,1.0,1
4106,37,27181.4,188,6,0.481,1,approved,1.0,1
4107,50,39496.1,83,7,0.083,1,approved,1.0,1
4108,63,35994.32,128,3,0.207,0,approved,1.0,1
4109,59,78814.47,180,4,0.61,1,approved,0.0,0
4110,58,40372.83,193,4,0.28,1,approved,1.0,1
4111,43,54357.5,96,3,0.476,0,rejected,,0
4112,61,20831.33,169,2,0.257,0,approved,0.0,0
4113,36,19331.23,223,6,0.247,3,approved,1.0,1
4114,54,48190.63,17,3,0.038,1,approved,1.0,1
4115,45,43283.43,38,2,0.103,2,approved,0.0,0
4116,39,49861.33,213,1,0.349,0,approved,0.0,0
4117,20,38717.21,198,5,0.126,0,approved,1.0,1
4118,48,19583.69,149,2,0.316,1,rejected,,0
4119,44,37838.36,202,4,0.049,1,approved,0.0,0
4120,46,22700.05,147,2,0.228,0,approved,1.0,1
4121,48,34185.36,24,1,0.091,4,rejected,,1
4122,28,18209.62,101,3,0.632,0,rejected,,1
4123,60,31529.11,226,5,0.43,0,approved,0.0,0
4124,60,68871.4,26,4,0.447,3,rejected,,0
4125,50,37275.84,59,0,0.107,2,rejected,,0
4126,57,40584.63,235,1,0.647,1,approved,1.0,1
4127,28,30172.57,100,4,0.153,2,approved,0.0,0
4128,39,64631.59,93,2,0.387,0,approved,1.0,1
4129,62,21425.13,195,3,0.648,0,approved,0.0,0
4130,71,37953.62,144,3,0.228,0,approved,1.0,1
4131,23,33026.38,69,2,0.291,0,rejected,,1
4132,40,44154.92,161,6,0.057,1,approved,1.0,1
4133,71,29669.86,82,2,0.177,0,approved,1.0,1
4134,26,96554.52,14,2,0.14,2,approved,1.0,1
4135,45,23864.23,52,1,0.441,1,rejected,,1
4136,74,11385.02,78,2,0.294,0,approved,0.0,0
4137,57,43969.41,67,1,0.114,3,approved,0.0,0
4138,61,32253.41,134,3,0.377,4,rejected,,0
4139,68,42015.16,155,4,0.256,2,approved,0.0,0
4140,51,28483.0,71,2,0.444,1,rejected,,0
4141,54,18129.9,72,6,0.557,1,rejected,,0
4142,52,28910.96,210,4,0.411,1,approved,1.0,1
4143,61,38884.41,163,2,0.431,1,approved,1.0,1
4144,35,27108.84,60,7,0.078,2,rejected,,1
4145,48,36002.14,135,2,0.208,1,approved,1.0,1
4146,51,37880.0,192,0,0.298,4,approved,1.0,1
4147,23,46489.26,19,5,0.495,2,rejected,,1
4148,68,71463.16,111,3,0.08,1,approved,1.0,1
4149,32,44629.0,40,2,0.186,3,rejected,,0
4150,30,23442.56,98,1,0.607,2,rejected,,0
4151,61,40011.46,178,3,0.404,2,rejected,,0
4152,27,31546.04,54,4,0.254,0,approved,0.0,0
4153,69,61967.17,90,3,0.378,1,approved,1.0,1
4154,62,67304.64,115,7,0.202,1,approved,1.0,1
4155,51,56621.72,192,3,0.266,0,approved,1.0,1
4156,56,58523.67,10,1,0.424,1,rejected,,1
4157,55,23015.99,222,1,0.514,3,approved,1.0,1
4158,29,21032.67,1,1,0.209,2,rejected,,0
4159,35,17613.8,166,2,0.21,0,approved,0.0,0
4160,56,26649.34,139,1,0.255,1,approved,0.0,0
4161,34,41531.82,152,4,0.097,3,approved,0.0,0
4162,59,55974.59,135,4,0.198,4,approved,1.0,1
4163,27,20367.33,9,5,0.146,1,rejected,,0
4164,34,11162.26,149,1,0.306,2,rejected,,1
4165,51,56189.16,99,4,0.577,1,rejected,,0
4166,35,64847.51,77,5,0.082,0,approved,0.0,0
4167,37,15907.59,166,1,0.665,2,rejected,,1
4168,26,17219.01,80,1,0.307,1,rejected,,1
4169,52,54704.23,16,0,0.357,1,rejected,,0
4170,49,18033.4,223,3,0.585,1,approved,0.0,0
4171,39,16790.17,44,4,0.314,0,rejected,,0
4172,54,102784.94,185,4,0.241,0,approved,0.0,0
4173,18,18434.67,136,5,0.314,2,rejected,,0
4174,49,27609.8,97,2,0.099,2,approved,1.0,1
4175,52,17906.13,228,6,0.154,3,approved,1.0,1
4176,33,25152.89,160,3,0.186,1,rejected,,1
4177,41,39475.44,158,4,0.175,3,approved,0.0,0
4178,46,19683.74,65,2,0.171,1,approved,0.0,0
4179,61,64737.4,2,2,0.463,1,approved,1.0,1
4180,36,21919.57,3,2,0.316,1,rejected,,0
4181,62,56868.66,102,3,0.227,0,approved,1.0,1
4182,37,39573.64,52,4,0.501,0,rejected,,0
4183,33,38486.63,120,2,0.125,1,approved,1.0,1
4184,43,91392.81,187,1,0.327,2,approved,1.0,1
4185,27,29218.92,81,2,0.196,1,rejected,,1
4186,41,24468.93,135,4,0.31,1,approved,0.0,0
4187,31,43015.24,184,3,0.152,1,approved,1.0,1
4188,36,39994.11,101,6,0.063,2,approved,1.0,1
4189,60,34292.84,216,3,0.234,1,approved,1.0,1
4190,41,45279.57,19,3,0.191,1,approved,0.0,0
4191,62,41191.62,28,3,0.077,2,rejected,,0
4192,22,43330.05,5,5,0.212,2,rejected,,0
4193,26,39903.88,237,4,0.298,2,approved,1.0,1
4194,30,57213.27,54,3,0.152,1,approved,1.0,1
4195,37,51257.45,231,2,0.142,0,approved,1.0,1
4196,74,47639.09,6,0,0.317,4,rejected,,1
4197,72,49677.26,71,1,0.101,0,approved,1.0,1
4198,53,15572.84,160,3,0.318,0,rejected,,1
4199,61,33724.86,142,8,0.03,0,approved,1.0,1
4200,44,56117.04,70,4,0.299,1,approved,0.0,0
4201,48,11667.91,40,2,0.331,0,rejected,,0
4202,19,16170.32,120,2,0.191,0,approved,1.0,1
4203,59,59493.83,145,4,0.388,0,approved,1.0,1
4204,27,50188.81,30,2,0.114,1,rejected,,0
4205,59,48338.23,9,1,0.117,0,approved,0.0,0
4206,20,39609.53,189,3,0.289,1,approved,1.0,1
4207,22,54453.02,130,2,0.044,1,approved,1.0,1
4208,34,41828.38,33,5,0.066,1,approved,0.0,0
4209,74,29009.68,200,4,0.166,0,approved,0.0,0
4210,54,58310.03,138,4,0.285,2,approved,1.0,1
4211,22,27802.92,127,3,0.051,1,approved,1.0,1
4212,49,86606.05,74,1,0.081,0,approved,1.0,1
4213,33,51063.19,84,4,0.205,0,approved,0.0,0
4214,19,48671.68,102,3,0.3,0,approved,1.0,1
4215,58,86435.24,136,1,0.141,0,approved,0.0,0
4216,52,52821.69,45,3,0.12,0,approved,1.0,1
4217,48,42127.93,89,2,0.098,2,approved,0.0,0
4218,19,51494.39,7,3,0.228,0,rejected,,1
4219,59,38880.21,2,3,0.482,1,rejected,,1
4220,27,38473.23,133,5,0.21,1,approved,0.0,0
4221,70,34267.92,238,2,0.258,1,approved,0.0,0
4222,27,35711.82,156,8,0.356,1,approved,1.0,1
4223,56,60665.66,51,2,0.484,3,rejected,,0
4224,67,16869.99,160,2,0.129,2,approved,0.0,0
4225,59,19187.92,157,0,0.361,1,approved,1.0,1
4226,29,13286.49,26,3,0.146,0,rejected,,1
4227,50,54929.24,94,1,0.225,1,rejected,,0
4228,67,42480.32,162,4,0.238,0,approved,1.0,1
4229,74,88755.55,158,2,0.712,1,approved,1.0,1
4230,51,75318.72,29,3,0.163,0,approved,1.0,1
4231,24,46459.63,37,5,0.267,3,rejected,,1
4232,56,71638.83,99,2,0.201,1,approved,1.0,1
4233,37,33934.77,136,2,0.165,1,approved,1.0,1
4234,49,28157.96,46,1,0.28,0,approved,1.0,1
4235,70,39802.11,15,2,0.407,0,rejected,,0
4236,53,28709.79,145,4,0.152,1,approved,1.0,1
4237,23,37499.64,55,3,0.224,2,rejected,,1
4238,22,37533.22,86,3,0.315,0,approved,1.0,1
4239,57,18594.19,76,2,0.128,1,rejected,,1
4240,41,100281.38,97,2,0.205,1,approved,0.0,0
4241,48,31455.21,194,2,0.098,0,approved,1.0,1
4242,32,12483.24,197,3,0.078,1,approved,1.0,1
4243,46,37449.34,217,3,0.115,0,approved,0.0,0
4244,59,40165.55,69,4,0.118,1,approved,0.0,0
4245,37,30044.4,170,1,0.265,2,approved,0.0,0
4246,22,72954.77,124,1,0.539,1,approved,1.0,1
4247,29,24098.56,189,4,0.463,2,approved,0.0,0
4248,62,64260.33,78,6,0.416,0,approved,1.0,1
4249,27,30997.51,221,3,0.362,1,approved,1.0,1
4250,22,50305.9,125,2,0.047,4,approved,0.0,0
4251,25,40271.73,174,4,0.173,0,approved,1.0,1
4252,38,54427.2,127,2,0.406,1,approved,0.0,0
4253,66,29665.24,201,3,0.139,2,approved,1.0,1
4254,47,50106.71,189,2,0.296,0,approved,1.0,1
4255,53,66384.08,187,1,0.318,2,approved,1.0,1
4256,69,28742.64,202,3,0.255,2,approved,0.0,0
4257,40,20109.72,144,3,0.209,1,approved,0.0,0
4258,61,29434.65,20,5,0.297,5,rejected,,0
4259,32,59870.13,121,1,0.413,2,approved,1.0,1
4260,20,38123.19,178,4,0.133,1,approved,0.0,0
4261,49,8819.31,87,4,0.237,0,approved,1.0,1
4262,65,42363.25,180,2,0.392,0,approved,1.0,1
4263,31,86449.91,103,4,0.159,2,approved,1.0,1
4264,60,24850.84,121,1,0.244,0,approved,0.0,0
4265,33,59678.22,25,2,0.145,1,rejected,,1
4266,29,15433.98,79,3,0.403,0,rejected,,1
4267,54,99203.68,99,1,0.18,1,approved,1.0,1
4268,57,24253.26,28,4,0.686,3,rejected,,0
4269,39,12084.89,140,3,0.059,2,approved,1.0,1
4270,51,36027.24,85,3,0.137,0,approved,0.0,0
4271,25,43095.58,54,2,0.286,2,rejected,,0
4272,43,34195.39,139,1,0.226,0,approved,1.0,1
4273,33,27919.33,190,2,0.171,1,approved,1.0,1
4274,65,24055.73,93,3,0.398,1,rejected,,0
4275,74,35513.05,212,3,0.466,2,approved,0.0,0
4276,33,36362.26,70,3,0.148,0,approved,0.0,0
4277,74,29518.44,89,4,0.134,3,rejected,,1
4278,22,44211.58,12,2,0.017,2,rejected,,0
4279,60,44460.47,216,2,0.258,0,approved,0.0,0
4280,70,127007.72,207,4,0.219,3,approved,1.0,1
4281,66,22687.04,47,4,0.108,2,rejected,,0
4282,68,55786.63,144,5,0.261,1,approved,1.0,1
4283,57,69573.17,94,5,0.164,1,approved,1.0,1
4284,66,46009.38,16,2,0.286,1,rejected,,1
4285,54,64645.73,152,3,0.328,2,approved,1.0,1
4286,38,82180.66,19,0,0.235,1,approved,1.0,1
4287,43,31565.57,135,4,0.23,1,approved,0.0,0
4288,60,43329.17,113,4,0.222,1,approved,1.0,1
4289,72,65356.85,165,5,0.067,1,approved,1.0,1
4290,24,31475.18,60,1,0.127,1,approved,0.0,0
4291,35,65479.4,199,2,0.432,0,approved,1.0,1
4292,73,31075.53,72,0,0.074,3,approved,0.0,0
4293,33,32075.87,72,7,0.262,1,rejected,,0
4294,46,23559.95,118,0,0.075,2,approved,0.0,0
4295,67,86757.6,37,2,0.601,1,rejected,,0
4296,62,42012.4,207,2,0.505,1,approved,1.0,1
4297,34,38396.27,10,3,0.066,0,approved,1.0,1
4298,55,35289.72,136,4,0.368,0,approved,1.0,1
4299,45,21430.19,59,3,0.281,0,approved,0.0,0
4300,33,47588.72,90,2,0.222,2,approved,0.0,0
4301,30,34283.79,142,2,0.068,2,approved,0.0,0
4302,23,47524.03,18,4,0.347,0,rejected,,0
4303,67,35501.0,94,4,0.163,1,rejected,,1
4304,55,36725.04,15,3,0.433,2,rejected,,0
4305,49,23855.55,158,4,0.282,1,approved,0.0,0
4306,22,77131.64,86,2,0.577,0,approved,1.0,1
4307,31,22028.69,226,2,0.226,1,approved,1.0,1
4308,46,45428.87,104,2,0.204,1,approved,1.0,1
4309,36,67538.06,149,5,0.688,3,approved,1.0,1
4310,47,29816.98,141,4,0.111,2,approved,0.0,0
4311,61,144698.62,80,1,0.514,1,approved,1.0,1
4312,29,57642.53,201,5,0.212,2,approved,0.0,0
4313,24,25380.76,68,5,0.139,0,approved,0.0,0
4314,74,13767.06,179,1,0.499,2,rejected,,0
4315,20,40872.32,99,5,0.133,1,approved,1.0,1
4316,65,37120.56,177,2,0.27,1,approved,1.0,1
4317,48,43500.0,163,6,0.441,0,approved,1.0,1
4318,41,37358.76,124,2,0.389,3,approved,0.0,0
4319,27,32234.38,3,3,0.136,0,rejected,,0
4320,73,61873.94,137,2,0.141,1,approved,1.0,1
4321,43,26229.08,52,3,0.452,4,rejected,,0
4322,36,53922.44,183,8,0.382,1,approved,0.0,0
4323,21,75423.24,146,4,0.13,0,approved,1.0,1
4324,71,25607.61,84,1,0.065,1,approved,1.0,1
4325,61,27765.12,118,3,0.294,1,approved,0.0,0
4326,21,19911.75,84,2,0.401,2,rejected,,1
4327,42,47636.61,196,1,0.135,0,approved,1.0,1
4328,54,25475.24,54,1,0.722,0,rejected,,0
4329,37,39445.05,175,4,0.241,3,approved,0.0,0
4330,63,21250.02,69,3,0.19,2,rejected,,0
4331,34,30725.59,144,2,0.377,1,approved,1.0,1
4332,25,10094.33,59,4,0.259,0,approved,0.0,0
4333,47,28353.82,73,5,0.172,0,approved,0.0,0
4334,55,39680.91,10,1,0.191,1,rejected,,1
4335,68,32998.73,220,2,0.32,0,approved,1.0,1
4336,32,50818.05,231,5,0.403,0,approved,1.0,1
4337,67,39704.98,152,3,0.638,0,approved,0.0,0
4338,42,28086.65,141,4,0.53,1,approved,0.0,0
4339,38,16785.66,31,1,0.627,0,rejected,,0
4340,48,32528.74,39,2,0.509,0,approved,0.0,0
4341,24,49451.53,88,4,0.029,0,approved,1.0,1
4342,37,26453.75,132,4,0.441,2,approved,0.0,0
4343,66,86517.76,127,0,0.449,0,approved,0.0,0
4344,56,32590.8,181,3,0.122,1,approved,1.0,1
4345,29,30310.8,156,7,0.14,3,approved,1.0,1
4346,25,14908.31,18,6,0.449,2,rejected,,0
4347,73,30604.24,126,3,0.273,2,rejected,,1
4348,40,34531.04,98,4,0.006,1,approved,1.0,1
4349,21,43162.24,214,0,0.212,2,approved,1.0,1
4350,39,62130.29,200,2,0.375,1,approved,1.0,1
4351,62,29204.99,147,5,0.329,1,approved,1.0,1
4352,47,26836.2,61,3,0.183,1,rejected,,1
4353,69,65020.81,206,3,0.246,4,rejected,,0
4354,37,32177.97,20,3,0.344,1,rejected,,1
4355,21,41245.69,22,4,0.629,4,rejected,,0
4356,50,34788.31,133,5,0.162,1,approved,1.0,1
4357,37,34063.79,64,1,0.541,0,rejected,,0
4358,69,37716.11,218,2,0.167,2,approved,0.0,0
4359,21,71457.21,217,5,0.604,0,approved,1.0,1
4360,65,34263.92,183,4,0.314,0,approved,1.0,1
4361,60,46857.17,225,1,0.344,0,approved,1.0,1
4362,69,38850.23,143,3,0.501,2,rejected,,0
4363,35,17871.0,199,3,0.093,1,approved,1.0,1
4364,48,31718.0,78,5,0.279,0,rejected,,0
4365,53,58519.92,59,4,0.29,1,approved,1.0,1
4366,24,38131.05,2,3,0.289,1,rejected,,1
4367,18,16055.84,105,3,0.613,2,rejected,,0
4368,61,22050.2,141,7,0.404,1,approved,1.0,1
4369,61,49503.38,84,3,0.589,0,approved,1.0,1
4370,47,38823.33,42,3,0.522,1,rejected,,0
4371,26,47501.85,207,1,0.086,1,approved,1.0,1
4372,50,15766.05,194,6,0.664,0,approved,1.0,1
4373,19,16013.38,193,3,0.311,0,approved,1.0,1
4374,19,17779.4,143,0,0.343,2,rejected,,0
4375,60,68168.34,34,2,0.343,1,approved,0.0,0
4376,53,48790.37,19,6,0.399,3,approved,0.0,0
4377,58,21268.85,39,0,0.197,0,approved,0.0,0
4378,26,23393.87,57,5,0.157,1,approved,0.0,0
4379,50,37835.95,154,4,0.353,1,approved,1.0,1
4380,56,34816.77,35,5,0.094,2,rejected,,1
4381,48,18060.38,214,4,0.29,4,approved,1.0,1
4382,30,24974.73,126,1,0.249,0,approved,1.0,1
4383,72,30026.15,206,6,0.61,0,approved,1.0,1
4384,20,25742.2,189,3,0.389,1,approved,0.0,0
4385,21,24913.96,44,2,0.206,1,rejected,,1
4386,27,27032.63,147,6,0.216,0,approved,1.0,1
4387,68,56943.47,214,6,0.19,1,approved,0.0,0
4388,45,38350.15,215,2,0.173,1,approved,0.0,0
4389,36,54620.58,24,4,0.459,0,approved,1.0,1
4390,37,86775.72,109,1,0.211,0,approved,1.0,1
4391,39,32232.73,45,2,0.065,3,rejected,,0
4392,52,16955.95,126,2,0.359,0,approved,1.0,1
4393,42,21128.13,238,3,0.306,2,approved,1.0,1
4394,38,25130.35,79,1,0.053,1,rejected,,1
4395,34,42291.85,10,3,0.187,1,rejected,,1
4396,62,67035.09,83,5,0.508,0,approved,1.0,1
4397,72,23379.43,214,3,0.466,2,approved,0.0,0
4398,61,58512.36,60,3,0.427,2,rejected,,1
4399,57,15748.41,156,4,0.278,1,approved,1.0,1
4400,48,74747.18,12,2,0.526,1,approved,1.0,1
4401,44,86982.02,73,3,0.202,2,approved,1.0,1
4402,59,18725.96,228,2,0.588,2,approved,1.0,1
4403,38,53628.27,239,3,0.083,1,approved,1.0,1
4404,47,39850.7,39,5,0.218,2,rejected,,0
4405,57,30434.16,132,1,0.296,1,approved,0.0,0
4406,20,22827.25,167,2,0.104,1,approved,1.0,1
4407,35,13415.84,8,0,0.128,4,rejected,,0
4408,23,20489.77,161,3,0.113,1,approved,1.0,1
4409,29,12624.94,128,4,0.162,1,rejected,,1
4410,31,45744.62,141,4,0.267,0,approved,1.0,1
4411,34,33508.38,218,2,0.427,0,approved,1.0,1
4412,69,87677.13,187,2,0.422,0,approved,1.0,1
4413,36,21895.63,82,1,0.561,3,rejected,,0
4414,51,69013.9,17,2,0.348,1,rejected,,1
4415,69,33389.92,66,2,0.46,4,rejected,,0
4416,41,58479.68,216,4,0.013,1,approved,1.0,1
4417,34,26924.83,185,1,0.28,0,approved,1.0,1
4418,71,16623.38,12,1,0.278,0,rejected,,0
4419,44,14565.61,75,2,0.537,2,rejected,,0
4420,21,48140.55,59,4,0.44,2,approved,0.0,0
4421,25,32508.6,33,3,0.242,3,rejected,,1
4422,44,37581.18,0,3,0.063,2,rejected,,0
4423,20,29609.6,175,4,0.106,3,approved,0.0,0
4424,30,23076.2,103,3,0.111,1,rejected,,1
4425,44,15244.09,116,1,0.396,0,approved,1.0,1
4426,19,62261.64,39,3,0.25,0,rejected,,0
4427,63,90973.72,54,4,0.146,1,approved,1.0,1
4428,20,17846.38,161,2,0.382,1,approved,0.0,0
4429,38,25663.97,75,2,0.302,0,approved,1.0,1
4430,53,49837.2,56,2,0.402,1,rejected,,0
4431,26,20295.39,171,5,0.214,0,approved,1.0,1
4432,50,47170.85,33,2,0.32,2,rejected,,0
4433,32,82644.45,2,5,0.293,0,approved,1.0,1
4434,68,33649.39,232,3,0.384,0,approved,1.0,1
4435,52,35351.4,87,2,0.46,2,approved,1.0,1
4436,44,29817.87,58,5,0.401,1,rejected,,1
4437,58,42179.0,224,5,0.19,2,approved,0.0,0
4438,66,30527.97,16,4,0.725,0,rejected,,0
4439,22,40352.47,161,3,0.331,2,approved,1.0,1
4440,63,40356.26,181,4,0.403,2,approved,1.0,1
4441,61,20429.29,91,3,0.167,2,rejected,,1
4442,44,29300.0,180,5,0.384,0,approved,1.0,1
4443,30,79239.57,205,3,0.273,2,approved,0.0,0
4444,49,27235.24,119,5,0.423,1,approved,0.0,0
4445,38,38222.39,124,0,0.306,0,approved,1.0,1
4446,37,31504.22,206,4,0.182,1,approved,1.0,1
4447,50,68016.35,231,2,0.144,0,approved,1.0,1
4448,61,30477.37,17,1,0.074,0,rejected,,1
4449,50,19036.38,161,2,0.379,0,approved,1.0,1
4450,51,37153.85,152,3,0.394,0,approved,1.0,1
4451,30,49534.46,95,4,0.198,2,rejected,,1
4452,56,32039.82,21,3,0.038,2,rejected,,0
4453,65,38628.25,15,2,0.053,3,rejected,,1
4454,55,59601.95,16,6,0.171,1,rejected,,0
4455,46,53010.44,69,6,0.167,4,approved,0.0,0
4456,35,51221.72,68,2,0.196,1,approved,1.0,1
4457,60,102757.61,119,2,0.172,4,approved,1.0,1
4458,65,73422.38,6,2,0.607,1,approved,0.0,0
4459,60,27889.92,96,2,0.144,3,approved,0.0,0
4460,58,19666.48,205,4,0.195,1,approved,1.0,1
4461,55,94955.98,174,0,0.465,0,approved,1.0,1
4462,28,56628.3,100,5,0.187,2,rejected,,1
4463,25,48859.56,42,0,0.249,1,rejected,,1
4464,53,39948.24,3,5,0.185,0,approved,0.0,0
4465,30,23886.56,213,2,0.156,0,approved,1.0,1
4466,59,32032.76,184,4,0.451,1,approved,1.0,1
4467,20,17258.19,187,3,0.21,2,approved,1.0,1
4468,33,36248.22,160,5,0.524,1,approved,1.0,1
4469,36,20292.81,182,3,0.083,1,approved,1.0,1
4470,22,41684.84,82,4,0.275,3,approved,0.0,0
4471,20,32212.4,235,3,0.458,1,approved,1.0,1
4472,18,22864.64,76,5,0.081,1,approved,1.0,1
4473,44,20454.08,12,2,0.562,1,rejected,,0
4474,60,9894.12,65,1,0.305,0,rejected,,0
4475,68,34032.57,121,2,0.128,1,approved,1.0,1
4476,64,20371.14,222,7,0.168,0,approved,1.0,1
4477,44,55730.48,57,5,0.302,1,approved,1.0,1
4478,59,26912.74,207,4,0.501,0,approved,1.0,1
4479,62,55704.11,39,3,0.339,1,rejected,,1
4480,24,63233.17,43,0,0.458,1,rejected,,1
4481,26,42063.17,149,3,0.147,0,approved,1.0,1
4482,54,38019.27,179,6,0.225,1,approved,0.0,0
4483,25,29197.28,40,2,0.391,0,rejected,,0
4484,48,25389.66,86,4,0.242,0,approved,1.0,1
4485,25,46695.03,56,6,0.407,0,approved,1.0,1
4486,65,51375.51,79,1,0.29,0,approved,1.0,1
4487,66,97204.44,69,3,0.217,3,approved,0.0,0
4488,37,53868.08,77,0,0.599,2,rejected,,0
4489,36,47015.98,176,0,0.08,2,approved,1.0,1
4490,18,18717.18,104,3,0.33,3,rejected,,1
4491,28,38596.92,204,3,0.302,0,approved,0.0,0
4492,33,45528.09,189,5,0.038,1,approved,1.0,1
4493,23,37541.34,69,0,0.315,2,rejected,,1
4494,67,31810.7,131,5,0.124,1,approved,1.0,1
4495,65,24098.43,110,3,0.644,2,approved,0.0,0
4496,60,18194.04,180,1,0.097,0,approved,1.0,1
4497,59,35735.13,138,2,0.4,2,rejected,,0
4498,47,21524.86,100,2,0.566,1,approved,1.0,1
4499,59,39795.25,134,2,0.328,0,approved,1.0,1
4500,67,39547.49,35,9,0.234,2,approved,0.0,0
4501,70,42769.82,167,2,0.471,0,approved,1.0,1
4502,29,41369.34,98,6,0.44,5,rejected,,0
4503,62,54075.28,144,0,0.079,3,approved,1.0,1
4504,45,33047.35,224,3,0.435,2,approved,1.0,1
4505,44,53200.85,78,1,0.24,1,approved,1.0,1
4506,20,40168.92,136,1,0.132,0,approved,1.0,1
4507,66,37345.11,126,2,0.442,2,approved,0.0,0
4508,48,26270.68,156,1,0.209,3,approved,0.0,0
4509,48,54994.99,85,5,0.465,0,rejected,,1
4510,69,29016.81,59,4,0.142,1,approved,1.0,1
4511,53,59514.38,124,4,0.221,3,approved,0.0,0
4512,30,36654.42,41,2,0.424,3,rejected,,0
4513,67,51811.29,80,6,0.1,0,approved,1.0,1
4514,43,56590.99,51,7,0.329,1,rejected,,0
4515,38,75346.96,238,1,0.081,2,approved,1.0,1
4516,36,28272.15,195,3,0.209,2,approved,1.0,1
4517,72,21585.82,7,3,0.479,0,rejected,,0
4518,65,48027.23,28,2,0.602,1,rejected,,1
4519,74,28091.38,117,6,0.498,1,approved,1.0,1
4520,57,11790.45,33,3,0.103,1,rejected,,0
4521,33,40513.67,165,6,0.03,1,approved,1.0,1
4522,45,20338.82,91,4,0.268,0,approved,0.0,0
4523,28,41426.38,176,4,0.334,0,approved,1.0,1
4524,25,66631.88,36,3,0.343,1,rejected,,1
4525,33,32570.22,30,0,0.088,0,approved,1.0,1
4526,49,81724.68,139,2,0.044,1,approved,1.0,1
4527,32,11543.2,166,2,0.536,4,rejected,,0
4528,39,59860.74,182,5,0.06,2,approved,1.0,1
4529,41,39600.25,48,4,0.295,0,approved,0.0,0
4530,36,30136.9,119,3,0.106,2,rejected,,1
4531,50,20274.47,20,3,0.311,0,rejected,,0
4532,32,40180.61,188,4,0.294,0,approved,1.0,1
4533,69,25716.02,218,2,0.028,0,approved,1.0,1
4534,31,75520.52,56,4,0.312,0,approved,1.0,1
4535,40,28318.04,54,1,0.26,1,rejected,,0
4536,53,40936.57,228,2,0.23,2,approved,1.0,1
4537,60,50221.4,72,3,0.231,1,approved,0.0,0
4538,47,33108.55,164,2,0.117,2,approved,1.0,1
4539,26,21798.96,224,1,0.232,2,approved,1.0,1
4540,35,37562.52,92,4,0.323,1,approved,1.0,1
4541,52,21565.58,180,3,0.204,2,approved,1.0,1
4542,67,24228.53,177,8,0.431,3,approved,0.0,0
4543,34,25992.29,24,2,0.123,1,rejected,,1
4544,30,38546.13,12,2,0.348,1,rejected,,1
4545,37,44419.12,223,4,0.361,1,approved,1.0,1
4546,47,85845.47,158,3,0.481,2,approved,0.0,0
4547,65,29470.25,119,9,0.452,1,approved,0.0,0
4548,66,45398.37,51,5,0.173,0,approved,1.0,1
4549,37,22358.4,60,3,0.175,3,rejected,,0
4550,50,12963.3,6,5,0.552,2,rejected,,1
4551,54,32664.18,34,2,0.243,3,rejected,,0
4552,73,68581.33,24,2,0.15,2,rejected,,1
4553,50,27778.68,155,2,0.273,2,approved,0.0,0
4554,74,28415.66,101,4,0.496,2,rejected,,1
4555,19,39492.53,75,3,0.451,2,rejected,,0
4556,22,43539.57,232,5,0.072,1,approved,1.0,1
4557,32,107587.52,64,4,0.286,1,approved,0.0,0
4558,30,22902.95,166,3,0.105,1,approved,1.0,1
4559,34,34759.34,100,3,0.065,2,rejected,,1
4560,37,53736.9,24,5,0.273,1,rejected,,1
4561,34,44435.91,210,4,0.16,1,approved,1.0,1
4562,39,19570.48,149,2,0.294,2,rejected,,1
4563,44,18641.59,114,3,0.245,2,rejected,,0
4564,74,35409.71,119,2,0.197,2,approved,0.0,0
4565,49,62667.59,1,1,0.291,0,approved,0.0,0
4566,33,10994.73,109,5,0.259,0,rejected,,0
4567,48,76375.91,163,4,0.068,0,approved,1.0,1
4568,32,53225.66,21,3,0.265,0,approved,0.0,0
4569,22,27575.15,239,0,0.336,5,approved,0.0,0
4570,64,71438.6,51,1,0.177,1,approved,1.0,1
4571,22,98576.09,21,2,0.136,1,approved,0.0,0
4572,58,24374.64,175,2,0.277,2,approved,0.0,0
4573,59,27995.64,100,0,0.111,4,rejected,,1
4574,46,19150.14,44,3,0.086,1,rejected,,1
4575,44,58114.03,230,2,0.048,4,approved,0.0,0
4576,70,28404.51,146,5,0.209,0,approved,1.0,1
4577,41,25516.72,101,2,0.234,1,approved,1.0,1
4578,21,20295.8,90,1,0.118,0,approved,1.0,1
4579,34,90204.0,234,2,0.249,2,approved,1.0,1
4580,60,28899.38,99,3,0.301,0,approved,0.0,0
4581,24,32041.06,30,4,0.54,2,rejected,,1
4582,47,36226.65,203,2,0.217,1,approved,1.0,1
4583,25,45273.14,4,3,0.267,1,rejected,,1
4584,21,70436.71,22,2,0.533,1,approved,0.0,0
4585,37,52518.11,140,3,0.345,0,approved,0.0,0
4586,63,28537.67,65,4,0.604,3,rejected,,0
4587,64,29396.47,118,1,0.459,2,approved,0.0,0
4588,70,37586.02,82,3,0.269,3,rejected,,1
4589,21,44111.87,23,2,0.205,2,approved,0.0,0
4590,21,61413.2,202,2,0.406,0,approved,1.0,1
4591,51,22205.18,221,0,0.115,1,approved,1.0,1
4592,56,26957.24,97,7,0.525,2,rejected,,1
4593,52,14645.59,189,1,0.243,1,approved,1.0,1
4594,24,34043.96,122,4,0.289,2,rejected,,0
4595,30,17841.14,152,4,0.303,3,rejected,,1
4596,25,47148.35,150,1,0.381,1,approved,1.0,1
4597,30,15801.26,17,2,0.192,1,rejected,,0
4598,48,27391.36,39,4,0.458,1,rejected,,0
4599,60,48287.69,156,2,0.282,0,approved,1.0,1
4600,18,29626.58,32,4,0.042,2,rejected,,1
4601,52,45042.43,221,4,0.173,0,approved,1.0,1
4602,22,40791.68,134,2,0.445,1,approved,0.0,0
4603,44,34758.49,218,5,0.365,3,approved,1.0,1
4604,57,23690.22,18,2,0.097,3,rejected,,0
4605,26,45018.87,220,2,0.311,2,approved,0.0,0
4606,39,20277.37,45,2,0.508,1,rejected,,0
4607,33,69286.39,45,3,0.339,2,rejected,,1
4608,71,21641.46,38,2,0.471,1,rejected,,1
4609,42,32362.93,211,3,0.073,0,approved,1.0,1
4610,56,38589.21,142,2,0.341,0,approved,1.0,1
4611,23,39840.07,85,1,0.443,2,approved,0.0,0
4612,49,28644.05,141,5,0.819,1,approved,1.0,1
4613,23,43627.47,110,3,0.386,1,approved,1.0,1
4614,30,43684.26,62,2,0.528,0,rejected,,0
4615,40,14062.57,116,3,0.101,1,approved,1.0,1
4616,25,31463.61,21,0,0.293,1,approved,0.0,0
4617,62,28216.3,20,3,0.164,0,rejected,,1
4618,53,68478.31,8,4,0.131,3,approved,0.0,0
4619,68,70250.16,115,2,0.28,2,approved,0.0,0
4620,47,46135.82,89,3,0.33,1,approved,0.0,0
4621,71,58030.89,181,2,0.259,0,approved,1.0,1
4622,70,55832.85,152,1,0.419,2,approved,0.0,0
4623,44,75718.77,163,4,0.287,1,approved,1.0,1
4624,34,56998.38,148,1,0.663,1,rejected,,0
4625,59,69001.35,36,3,0.126,1,approved,1.0,1
4626,53,21606.15,171,1,0.189,1,approved,0.0,0
4627,73,58332.08,69,2,0.298,0,approved,1.0,1
4628,45,22651.12,101,6,0.557,1,rejected,,1
4629,61,61801.48,119,4,0.333,1,approved,0.0,0
4630,28,42322.76,127,2,0.426,2,approved,1.0,1
4631,59,99574.5,190,4,0.164,1,approved,1.0,1
4632,74,31865.22,15,4,0.363,0,rejected,,0
4633,71,60202.6,74,4,0.249,0,approved,1.0,1
4634,39,64085.49,35,3,0.31,2,approved,0.0,0
4635,23,38849.55,201,7,0.476,1,approved,0.0,0
4636,31,41556.21,122,1,0.622,2,rejected,,0
4637,67,19245.43,79,5,0.335,2,rejected,,0
4638,33,34314.48,105,3,0.381,1,approved,1.0,1
4639,37,49108.94,152,5,0.313,1,approved,1.0,1
4640,53,20204.28,45,1,0.612,4,rejected,,0
4641,36,19143.47,199,2,0.089,0,approved,1.0,1
4642,43,66992.79,52,1,0.312,1,approved,1.0,1
4643,38,79338.46,19,3,0.103,1,approved,0.0,0
4644,63,51529.28,156,3,0.276,0,approved,1.0,1
4645,57,21296.91,111,4,0.492,4,rejected,,0
4646,34,16652.03,97,1,0.267,2,rejected,,1
4647,66,45001.88,30,0,0.223,1,rejected,,1
4648,44,57893.92,231,0,0.261,1,approved,1.0,1
4649,25,19661.66,129,3,0.352,0,approved,1.0,1
4650,59,51092.72,45,2,0.127,0,approved,0.0,0
4651,20,34533.09,39,3,0.284,1,approved,0.0,0
4652,22,39603.45,236,4,0.231,0,approved,1.0,1
4653,18,79860.71,129,1,0.076,3,approved,1.0,1
4654,54,40586.39,129,2,0.707,3,rejected,,0
4655,67,31121.54,231,2,0.356,3,rejected,,1
4656,27,39888.95,184,4,0.357,2,approved,0.0,0
4657,35,102058.03,151,2,0.257,1,approved,1.0,1
4658,66,55974.31,77,0,0.234,3,approved,0.0,0
4659,50,33732.39,149,0,0.152,1,approved,0.0,0
4660,38,25885.15,97,4,0.395,1,rejected,,1
4661,44,22896.68,105,3,0.411,2,rejected,,0
4662,49,42450.14,236,1,0.165,3,approved,0.0,0
4663,72,39665.85,5,3,0.259,0,rejected,,0
4664,42,42299.58,85,3,0.375,1,approved,0.0,0
4665,44,38655.14,57,2,0.3,0,rejected,,0
4666,73,36200.5,157,3,0.076,0,approved,0.0,0
4667,30,16718.18,158,2,0.315,1,approved,0.0,0
4668,48,30207.9,63,2,0.419,2,rejected,,0
4669,20,58018.02,135,6,0.396,1,approved,1.0,1
4670,21,27366.53,66,2,0.203,3,rejected,,1
4671,23,42471.55,12,6,0.418,3,rejected,,0
4672,51,30231.91,150,4,0.435,0,approved,0.0,0
4673,46,71777.71,77,5,0.221,2,approved,1.0,1
4674,49,18119.57,9,3,0.133,2,rejected,,1
4675,73,30600.4,64,2,0.013,0,approved,1.0,1
4676,50,61582.98,125,5,0.084,0,approved,1.0,1
4677,67,70560.93,234,7,0.373,0,approved,1.0,1
4678,44,39044.98,182,5,0.338,2,rejected,,1
4679,54,54468.14,105,5,0.191,1,approved,1.0,1
4680,61,59334.33,99,2,0.368,1,rejected,,1
4681,67,51986.19,49,6,0.164,0,approved,1.0,1
4682,23,37388.61,101,4,0.422,0,approved,1.0,1
4683,40,44261.45,48,5,0.441,0,approved,0.0,0
4684,45,37708.9,69,3,0.124,1,approved,0.0,0
4685,64,47344.7,198,6,0.166,2,approved,1.0,1
4686,56,24332.5,190,5,0.071,2,approved,0.0,0
4687,68,27761.09,130,1,0.168,1,approved,1.0,1
4688,58,54574.2,209,3,0.627,3,approved,0.0,0
4689,67,26084.31,149,4,0.229,0,approved,0.0,0
4690,26,13034.19,155,3,0.106,2,approved,0.0,0
4691,50,74337.09,235,1,0.232,2,approved,0.0,0
4692,54,60886.55,57,2,0.031,1,approved,1.0,1
4693,22,37790.61,201,3,0.149,0,approved,1.0,1
4694,36,63862.47,62,3,0.276,3,rejected,,0
4695,51,20094.61,158,4,0.408,2,approved,1.0,1
4696,63,41077.83,179,4,0.209,1,approved,1.0,1
4697,74,31433.38,221,1,0.294,2,approved,1.0,1
4698,29,27689.18,135,5,0.237,0,approved,1.0,1
4699,23,27871.88,239,3,0.719,0,approved,1.0,1
4700,74,55052.46,137,3,0.153,2,approved,0.0,0
4701,31,39300.51,17,4,0.661,0,rejected,,0
4702,60,21215.21,192,3,0.05,3,approved,1.0,1
4703,19,43907.18,88,4,0.514,4,rejected,,0
4704,32,44702.05,213,1,0.169,0,approved,1.0,1
4705,30,23500.62,27,4,0.218,2,rejected,,0
4706,54,38366.65,89,3,0.301,3,rejected,,0
4707,30,23524.96,188,3,0.565,1,approved,1.0,1
4708,29,38827.3,149,2,0.283,0,rejected,,1
4709,70,18280.19,187,2,0.052,1,approved,0.0,0
4710,44,41356.76,54,3,0.408,0,rejected,,0
4711,46,17779.94,230,2,0.141,1,approved,1.0,1
4712,37,70201.46,125,4,0.081,1,approved,1.0,1
4713,32,16211.69,60,3,0.225,2,approved,1.0,1
4714,54,30447.87,61,1,0.195,2,rejected,,0
4715,48,23954.5,40,3,0.329,1,rejected,,0
4716,65,30441.29,228,5,0.202,1,approved,1.0,1
4717,69,42250.49,234,1,0.351,2,approved,1.0,1
4718,29,60814.73,234,1,0.121,0,approved,1.0,1
4719,74,68985.37,45,1,0.538,2,approved,0.0,0
4720,42,49136.43,171,2,0.097,1,approved,1.0,1
4721,73,25937.6,202,3,0.363,0,approved,1.0,1
4722,39,18919.9,121,3,0.474,0,approved,1.0,1
4723,60,66446.49,149,3,0.218,4,approved,0.0,0
4724,68,103850.64,201,4,0.602,1,approved,1.0,1
4725,48,9179.21,205,4,0.115,3,approved,1.0,1
4726,46,24166.56,94,2,0.411,0,approved,0.0,0
4727,65,54619.26,0,3,0.057,0,approved,1.0,1
4728,33,18473.89,21,2,0.315,1,rejected,,0
4729,67,34135.41,195,5,0.342,2,approved,1.0,1
4730,74,17396.3,131,3,0.29,0,approved,0.0,0
4731,52,54521.11,203,0,0.358,1,approved,1.0,1
4732,40,31080.88,92,0,0.25,2,rejected,,1
4733,67,97914.0,79,5,0.33,2,approved,1.0,1
4734,30,36861.79,176,1,0.317,2,approved,1.0,1
4735,34,36822.24,30,4,0.104,1,approved,1.0,1
4736,65,46077.62,174,0,0.042,0,approved,1.0,1
4737,45,45562.27,195,1,0.274,0,approved,1.0,1
4738,41,19130.41,54,2,0.119,1,approved,0.0,0
4739,72,21020.31,87,5,0.212,0,approved,1.0,1
4740,49,33664.55,115,0,0.172,1,approved,1.0,1
4741,27,36773.74,137,1,0.401,0,approved,0.0,0
4742,27,11683.31,233,0,0.439,0,approved,1.0,1
4743,25,47178.64,7,4,0.381,3,rejected,,0
4744,39,51405.39,79,2,0.34,2,rejected,,0
4745,66,36183.69,219,4,0.067,1,approved,1.0,1
4746,52,38943.95,77,4,0.42,3,rejected,,0
4747,38,27466.18,226,8,0.196,1,approved,1.0,1
4748,28,29951.68,107,4,0.105,0,approved,1.0,1
4749,61,18313.59,147,3,0.029,1,approved,1.0,1
4750,53,26703.2,6,2,0.377,2,rejected,,0
4751,60,28234.58,122,3,0.196,1,approved,1.0,1
4752,66,60571.13,192,1,0.445,0,approved,1.0,1
4753,26,29256.6,238,1,0.476,5,approved,0.0,0
4754,39,30887.24,14,4,0.16,1,rejected,,0
4755,20,64454.37,8,1,0.36,0,rejected,,1
4756,30,26023.78,208,3,0.282,0,approved,0.0,0
4757,27,25362.88,137,3,0.417,2,rejected,,1
4758,20,41428.4,112,4,0.209,0,approved,1.0,1
4759,30,60521.89,153,2,0.451,0,approved,0.0,0
4760,26,57657.33,108,1,0.266,0,approved,0.0,0
4761,22,29211.23,119,2,0.278,1,approved,0.0,0
4762,63,24237.28,119,8,0.22,1,approved,0.0,0
4763,47,22791.43,119,2,0.407,2,rejected,,0
4764,33,33412.98,167,3,0.33,1,approved,0.0,0
4765,41,41981.49,119,3,0.443,0,approved,0.0,0
4766,23,130083.67,204,4,0.128,3,approved,1.0,1
4767,18,35335.34,37,5,0.287,2,rejected,,0
4768,61,32743.66,15,2,0.243,0,approved,0.0,0
4769,27,23489.37,137,5,0.181,1,approved,0.0,0
4770,62,59642.31,128,6,0.385,1,approved,0.0,0
4771,58,23463.79,31,7,0.161,1,rejected,,0
4772,40,55790.63,184,0,0.264,1,approved,1.0,1
4773,49,22039.7,184,2,0.127,0,approved,1.0,1
4774,36,28411.58,226,3,0.129,0,approved,1.0,1
4775,32,56005.03,49,3,0.402,0,approved,1.0,1
4776,19,42177.3,119,0,0.036,1,approved,1.0,1
4777,74,44114.37,142,1,0.173,0,approved,1.0,1
4778,45,19026.98,171,9,0.359,1,approved,1.0,1
4779,20,31936.93,215,1,0.215,1,approved,1.0,1
4780,20,51275.77,122,2,0.308,1,approved,1.0,1
4781,68,32377.77,230,4,0.392,1,approved,1.0,1
4782,74,27644.92,69,2,0.206,2,rejected,,0
4783,42,48541.69,239,4,0.244,1,approved,1.0,1
4784,34,33339.4,182,2,0.267,0,approved,0.0,0
4785,62,74376.6,57,1,0.28,2,approved,1.0,1
4786,67,51462.87,229,4,0.104,2,approved,0.0,0
4787,26,21789.7,149,6,0.159,1,approved,1.0,1
4788,62,37265.59,12,1,0.467,2,rejected,,0
4789,22,76038.49,200,1,0.241,0,approved,1.0,1
4790,37,19016.8,13,0,0.311,1,rejected,,0
4791,25,28252.93,27,6,0.034,1,rejected,,0
4792,66,37306.15,132,3,0.153,2,approved,0.0,0
4793,44,23811.98,234,3,0.676,0,approved,0.0,0
4794,48,22323.13,183,5,0.078,2,approved,1.0,1
4795,59,27300.98,92,8,0.099,0,approved,0.0,0
4796,68,18768.07,142,3,0.332,1,approved,1.0,1
4797,26,82698.36,106,5,0.481,1,approved,1.0,1
4798,63,30383.51,69,2,0.306,0,approved,0.0,0
4799,46,25982.91,216,1,0.093,2,approved,1.0,1
4800,30,58161.83,182,2,0.12,1,approved,1.0,1
4801,30,45181.93,128,1,0.286,0,approved,1.0,1
4802,70,39366.39,158,2,0.317,0,approved,1.0,1
4803,70,29366.94,37,1,0.779,1,rejected,,0
4804,37,15206.7,165,5,0.489,1,approved,1.0,1
4805,59,23493.39,96,2,0.095,1,approved,1.0,1
4806,58,47195.76,92,3,0.227,1,approved,0.0,0
4807,66,22701.17,95,4,0.165,1,approved,1.0,1
4808,33,31985.08,182,5,0.369,1,approved,0.0,0
4809,41,27754.78,53,3,0.081,2,approved,0.0,0
4810,38,21051.18,90,3,0.265,0,approved,0.0,0
4811,20,27486.96,42,2,0.261,3,rejected,,0
4812,19,51999.2,12,1,0.436,1,rejected,,0
4813,23,29051.49,47,2,0.402,0,rejected,,0
4814,48,59248.56,143,4,0.131,1,approved,1.0,1
4815,26,77544.38,84,2,0.496,1,approved,1.0,1
4816,32,20452.77,167,4,0.244,1,approved,1.0,1
4817,21,34050.32,52,4,0.152,0,approved,0.0,0
4818,23,51289.58,238,2,0.03,0,approved,1.0,1
4819,45,28021.18,193,1,0.176,0,approved,1.0,1
4820,19,49606.46,208,3,0.182,0,approved,1.0,1
4821,44,38472.31,163,2,0.319,1,approved,1.0,1
4822,33,21408.57,141,2,0.391,1,approved,1.0,1
4823,42,40209.55,188,3,0.432,0,approved,0.0,0
4824,56,54855.48,41,2,0.176,1,approved,1.0,1
4825,50,30303.97,222,6,0.213,1,approved,1.0,1
4826,64,18096.9,121,1,0.213,0,approved,1.0,1
4827,23,51148.55,179,2,0.439,0,approved,1.0,1
4828,51,57574.86,16,1,0.048,2,rejected,,1
4829,70,27173.06,183,1,0.005,2,approved,1.0,1
4830,30,28630.78,204,4,0.33,1,approved,1.0,1
4831,60,46929.41,16,5,0.265,1,approved,1.0,1
4832,18,44110.3,82,4,0.26,1,rejected,,0
4833,57,83259.82,78,3,0.619,3,rejected,,1
4834,50,25683.21,38,4,0.245,1,rejected,,0
4835,20,25872.99,42,3,0.1,1,approved,1.0,1
4836,41,50261.79,239,3,0.116,2,approved,1.0,1
4837,67,58280.27,228,5,0.483,0,approved,1.0,1
4838,43,39688.46,121,5,0.58,0,approved,0.0,0
4839,40,33862.91,149,5,0.568,2,approved,1.0,1
4840,66,60285.4,6,2,0.755,2,rejected,,0
4841,31,44927.58,99,3,0.079,0,approved,1.0,1
4842,20,47426.87,139,1,0.395,1,approved,1.0,1
4843,26,28010.03,225,4,0.225,2,approved,1.0,1
4844,26,39908.95,216,3,0.365,1,approved,0.0,0
4845,71,66982.33,37,2,0.352,1,approved,1.0,1
4846,53,58277.77,222,0,0.193,0,approved,1.0,1
4847,28,27243.24,155,6,0.379,0,approved,1.0,1
4848,18,24602.44,23,3,0.538,0,rejected,,0
4849,61,16359.57,191,1,0.195,2,approved,0.0,0
4850,45,32543.35,152,1,0.171,2,approved,1.0,1
4851,19,55039.56,188,3,0.274,1,approved,1.0,1
4852,24,15563.17,21,0,0.153,1,rejected,,1
4853,30,27389.59,87,4,0.304,1,rejected,,0
4854,59,21366.63,70,1,0.18,2,rejected,,0
4855,55,44218.64,104,3,0.48,1,approved,0.0,0
4856,25,20492.41,59,8,0.514,2,rejected,,1
4857,53,34468.94,141,1,0.318,1,approved,1.0,1
4858,64,22589.67,219,8,0.452,1,approved,0.0,0
4859,69,71220.56,35,2,0.143,2,rejected,,0
4860,50,35602.7,97,0,0.509,1,approved,1.0,1
4861,41,18538.97,49,1,0.343,0,approved,0.0,0
4862,69,29309.5,151,3,0.143,2,approved,0.0,0
4863,71,52069.42,51,2,0.194,0,approved,0.0,0
4864,25,71677.58,190,3,0.181,1,approved,1.0,1
4865,41,77067.37,180,3,0.357,1,approved,0.0,0
4866,32,32177.77,68,1,0.21,0,approved,0.0,0
4867,64,44219.37,52,2,0.399,0,rejected,,1
4868,49,69806.57,60,3,0.396,2,approved,0.0,0
4869,64,39320.05,191,2,0.329,2,approved,1.0,1
4870,30,82176.66,19,6,0.148,0,approved,1.0,1
4871,35,96151.95,178,6,0.135,3,approved,1.0,1
4872,45,32963.2,0,3,0.278,0,rejected,,0
4873,36,52659.45,51,2,0.384,1,rejected,,1
4874,32,28610.16,214,4,0.181,3,approved,0.0,0
4875,35,67393.98,46,1,0.362,1,rejected,,1
4876,41,54709.28,183,3,0.126,0,approved,1.0,1
4877,44,31120.7,187,1,0.092,2,approved,0.0,0
4878,56,37973.34,148,4,0.046,1,approved,1.0,1
4879,64,71431.1,221,1,0.085,1,approved,1.0,1
4880,46,27610.18,180,3,0.362,3,rejected,,1
4881,60,97388.47,40,2,0.197,0,approved,0.0,0
4882,69,29187.0,74,6,0.427,1,approved,1.0,1
4883,71,30878.3,203,3,0.32,2,approved,0.0,0
4884,55,62287.58,66,3,0.405,1,rejected,,0
4885,31,30382.65,133,2,0.172,1,approved,1.0,1
4886,35,53853.36,144,3,0.211,1,approved,1.0,1
4887,68,58053.94,195,5,0.432,2,approved,0.0,0
4888,60,32972.83,57,3,0.296,3,rejected,,1
4889,25,43129.65,54,5,0.195,0,approved,0.0,0
4890,34,29554.3,87,4,0.582,1,rejected,,0
4891,53,60820.93,122,3,0.192,3,approved,1.0,1
4892,73,26612.95,97,3,0.236,2,approved,0.0,0
4893,64,41998.6,204,1,0.375,0,approved,1.0,1
4894,22,71443.71,231,6,0.456,1,approved,1.0,1
4895,31,42495.16,164,2,0.247,1,approved,1.0,1
4896,42,23384.78,180,3,0.413,2,rejected,,1
4897,27,60565.75,61,3,0.24,2,rejected,,1
4898,33,18692.79,205,1,0.105,1,approved,1.0,1
4899,55,47286.95,146,3,0.322,1,approved,1.0,1
4900,54,31323.23,12,1,0.549,1,rejected,,1
4901,68,52739.66,52,2,0.264,2,rejected,,0
4902,65,60338.85,52,3,0.274,2,rejected,,0
4903,30,83308.37,110,4,0.334,1,approved,0.0,0
4904,72,44114.22,118,2,0.181,0,approved,1.0,1
4905,50,83723.18,210,3,0.46,1,approved,0.0,0
4906,42,51160.27,125,3,0.264,2,approved,1.0,1
4907,38,62681.83,150,2,0.403,1,approved,0.0,0
4908,53,19868.5,120,2,0.196,1,approved,0.0,0
4909,60,43451.44,121,2,0.33,1,approved,1.0,1
4910,70,94340.91,154,4,0.503,1,approved,1.0,1
4911,41,41517.94,184,2,0.111,1,approved,1.0,1
4912,48,27356.92,109,4,0.402,2,rejected,,0
4913,67,41398.77,126,5,0.365,1,approved,1.0,1
4914,25,38049.53,135,4,0.314,1,approved,0.0,0
4915,27,35444.87,188,5,0.169,2,approved,1.0,1
4916,62,28357.34,65,2,0.535,1,rejected,,1
4917,21,31332.99,176,2,0.385,0,approved,1.0,1
4918,74,28005.6,143,3,0.104,0,approved,1.0,1
4919,48,20109.31,190,0,0.05,4,approved,0.0,0
4920,18,42722.83,116,2,0.243,1,approved,0.0,0
4921,30,72512.93,96,2,0.466,0,approved,1.0,1
4922,50,18722.75,216,3,0.236,1,approved,1.0,1
4923,33,21053.05,207,7,0.482,0,approved,1.0,1
4924,63,26105.26,52,3,0.107,1,approved,1.0,1
4925,31,30463.74,189,3,0.183,3,approved,0.0,0
4926,56,28092.54,84,1,0.231,0,rejected,,0
4927,19,42233.36,123,4,0.129,0,approved,1.0,1
4928,66,28622.05,221,2,0.274,2,approved,1.0,1
4929,72,48667.3,102,3,0.374,1,approved,1.0,1
4930,56,28775.56,100,6,0.353,0,approved,1.0,1
4931,58,7375.38,84,3,0.637,1,rejected,,0
4932,34,71065.13,189,1,0.263,3,approved,1.0,1
4933,44,47501.11,34,1,0.127,3,rejected,,0
4934,45,6808.07,144,2,0.466,1,approved,1.0,1
4935,29,32600.33,196,3,0.278,1,approved,1.0,1
4936,69,50400.31,173,5,0.205,2,approved,1.0,1
4937,69,33758.63,124,2,0.627,2,approved,0.0,0
4938,27,58374.79,123,5,0.281,2,approved,1.0,1
4939,26,40842.59,220,4,0.171,0,approved,1.0,1
4940,23,11179.74,117,2,0.33,1,rejected,,0
4941,27,10682.34,149,4,0.087,3,approved,0.0,0
4942,32,63412.13,215,1,0.359,2,approved,1.0,1
4943,24,87039.85,60,1,0.239,0,approved,1.0,1
4944,59,26132.98,195,5,0.091,2,approved,1.0,1
4945,70,45374.99,147,2,0.177,2,approved,0.0,0
4946,21,37955.69,217,5,0.434,1,approved,1.0,1
4947,58,32523.38,32,2,0.276,0,approved,1.0,1
4948,62,25631.14,11,1,0.065,0,rejected,,0
4949,56,40518.92,114,3,0.363,1,approved,0.0,0
4950,73,24877.64,57,4,0.2,1,approved,1.0,1
4951,33,34049.86,189,3,0.147,2,approved,1.0,1
4952,31,21629.59,214,4,0.266,0,approved,1.0,1
4953,19,15172.46,180,0,0.115,1,approved,1.0,1
4954,65,38421.1,6,3,0.141,2,rejected,,1
4955,66,33033.38,45,6,0.395,0,rejected,,1
4956,50,47154.5,81,0,0.43,2,rejected,,1
4957,25,41150.34,174,1,0.044,3,approved,1.0,1
4958,32,39552.93,156,5,0.287,1,approved,1.0,1
4959,38,29344.9,35,2,0.163,2,rejected,,0
4960,59,31731.64,150,3,0.176,2,approved,0.0,0
4961,57,47829.61,116,2,0.172,1,approved,0.0,0
4962,34,24342.96,214,4,0.549,2,approved,1.0,1
4963,56,49505.52,42,4,0.102,1,rejected,,0
4964,67,42453.68,72,4,0.422,0,approved,1.0,1
4965,24,29780.84,19,2,0.568,1,rejected,,0
4966,43,28494.55,133,6,0.119,0,approved,1.0,1
4967,66,36276.88,92,3,0.5,1,rejected,,0
4968,55,27714.51,88,0,0.157,0,approved,0.0,0
4969,41,48998.97,158,1,0.509,0,approved,1.0,1
4970,63,54212.44,34,6,0.456,0,rejected,,0
4971,48,47135.25,53,1,0.173,1,approved,1.0,1
4972,29,48377.34,142,2,0.111,2,approved,0.0,0
4973,27,17233.3,52,5,0.166,0,rejected,,1
4974,20,78465.12,72,3,0.258,0,approved,1.0,1
4975,66,70584.97,196,4,0.379,5,approved,1.0,1
4976,52,41511.49,91,3,0.339,1,approved,1.0,1
4977,58,31877.31,7,4,0.434,2,rejected,,1
4978,41,20240.56,173,1,0.229,2,approved,1.0,1
4979,74,36665.33,16,5,0.574,0,rejected,,0
4980,23,37545.74,175,4,0.021,1,approved,1.0,1
4981,42,42841.38,51,4,0.68,2,rejected,,0
4982,30,42389.22,13,2,0.047,1,approved,0.0,0
4983,18,19313.92,192,1,0.405,3,rejected,,1
4984,53,46938.88,19,3,0.119,0,approved,0.0,0
4985,74,26320.74,17,2,0.018,0,approved,1.0,1
4986,47,37845.08,36,6,0.385,2,rejected,,1
4987,60,29537.02,107,5,0.205,0,approved,0.0,0
4988,26,28828.36,51,1,0.298,1,rejected,,1
4989,63,25392.28,124,5,0.266,0,approved,1.0,1
4990,46,33061.47,238,5,0.311,1,approved,0.0,0
4991,54,24734.51,186,1,0.544,2,rejected,,0
4992,62,44598.54,108,5,0.395,2,rejected,,1
4993,27,77613.53,79,3,0.487,2,approved,1.0,1
4994,64,56873.71,220,2,0.154,1,approved,1.0,1
4995,70,53255.24,238,1,0.108,2,approved,1.0,1
4996,74,26425.91,133,5,0.38,1,approved,1.0,1
4997,59,39842.28,15,1,0.331,0,rejected,,0
4998,34,59094.08,193,3,0.27,2,approved,1.0,1
4999,24,41805.04,225,1,0.307,2,approved,1.0,1
5000,35,40557.89,75,6,0.097,2,approved,1.0,1
5001,19,41084.69,192,6,0.263,3,approved,1.0,1
5002,52,37198.94,53,2,0.138,3,rejected,,0
5003,42,24051.4,9,4,0.086,1,rejected,,1
5004,26,24687.52,166,2,0.233,1,approved,1.0,1
5005,24,87500.94,156,2,0.032,1,approved,1.0,1
5006,45,34312.21,157,1,0.487,1,approved,1.0,1
5007,70,28493.77,156,5,0.073,2,approved,0.0,0
5008,33,18643.92,24,2,0.092,1,rejected,,0
5009,70,63387.37,181,5,0.258,1,approved,1.0,1
5010,49,44277.34,201,4,0.188,2,approved,1.0,1
5011,44,41085.22,227,4,0.021,1,approved,1.0,1
5012,64,32451.88,119,1,0.199,0,approved,1.0,1
5013,56,26838.03,133,4,0.524,2,rejected,,0
5014,56,41238.87,170,3,0.059,0,approved,1.0,1
5015,22,13201.42,63,2,0.539,0,rejected,,1
5016,62,34479.94,138,1,0.43,1,approved,0.0,0
5017,27,41959.59,30,3,0.182,2,approved,0.0,0
5018,45,26669.91,207,4,0.077,1,approved,1.0,1
5019,65,25888.04,158,1,0.286,0,rejected,,1
5020,61,21864.04,162,3,0.107,2,approved,1.0,1
5021,58,34531.33,101,6,0.189,2,approved,0.0,0
5022,61,42665.51,21,6,0.389,0,approved,1.0,1
5023,46,67369.24,25,3,0.149,1,approved,1.0,1
5024,46,69866.66,95,3,0.372,2,approved,0.0,0
5025,56,57382.98,192,2,0.171,2,approved,1.0,1
5026,37,38592.72,103,2,0.429,1,approved,0.0,0
5027,38,25333.73,165,1,0.197,0,approved,1.0,1
5028,40,47437.03,4,4,0.278,1,approved,1.0,1
5029,68,36466.6,119,2,0.173,1,approved,0.0,0
5030,44,49633.08,67,0,0.395,3,rejected,,0
5031,24,91535.75,81,0,0.381,1,approved,1.0,1
5032,57,39454.78,128,2,0.406,0,approved,1.0,1
5033,53,21203.61,71,4,0.089,2,rejected,,0
5034,52,17325.07,183,2,0.257,2,approved,0.0,0
5035,23,66525.84,216,4,0.316,1,approved,1.0,1
5036,61,52342.29,12,2,0.229,2,rejected,,1
5037,37,17037.37,233,6,0.332,1,approved,1.0,1
5038,74,36257.96,42,2,0.232,2,rejected,,1
5039,55,17168.72,192,6,0.362,1,approved,1.0,1
5040,51,26110.21,130,2,0.427,0,approved,0.0,0
5041,60,44248.51,184,1,0.316,3,approved,1.0,1
5042,73,39913.82,162,2,0.154,1,approved,0.0,0
5043,34,69985.76,186,9,0.378,0,approved,0.0,0
5044,66,17666.83,209,5,0.283,0,approved,1.0,1
5045,24,11484.09,45,2,0.273,1,rejected,,1
5046,61,83204.16,239,3,0.139,2,approved,0.0,0
5047,57,39386.24,202,3,0.758,1,rejected,,1
5048,64,41185.39,163,4,0.132,2,approved,0.0,0
5049,64,40380.51,189,4,0.158,4,approved,0.0,0
5050,22,21871.09,200,6,0.381,0,approved,0.0,0
5051,62,13454.55,18,1,0.301,2,rejected,,0
5052,30,26827.16,58,3,0.256,1,rejected,,1
5053,38,19810.62,232,3,0.199,1,approved,0.0,0
5054,61,15351.96,170,6,0.302,0,approved,1.0,1
5055,69,32442.29,185,5,0.095,1,approved,0.0,0
5056,52,22550.47,68,3,0.073,1,approved,0.0,0
5057,51,65221.17,194,4,0.547,1,approved,1.0,1
5058,29,62448.31,199,1,0.303,0,approved,1.0,1
5059,48,50933.71,158,4,0.204,0,approved,1.0,1
5060,60,28781.0,170,2,0.431,2,approved,1.0,1
5061,69,66869.06,209,6,0.32,1,approved,1.0,1
5062,42,13960.38,189,4,0.437,0,approved,0.0,0
5063,56,79886.67,96,7,0.371,1,approved,1.0,1
5064,35,42236.26,17,4,0.191,0,approved,1.0,1
5065,73,34102.29,18,2,0.245,0,approved,0.0,0
5066,72,39639.64,117,5,0.349,3,rejected,,1
5067,50,45597.99,163,4,0.363,0,approved,1.0,1
5068,56,46863.01,51,2,0.36,1,approved,1.0,1
5069,71,39662.42,19,1,0.329,0,rejected,,1
5070,28,71634.71,88,6,0.139,0,approved,1.0,1
5071,47,45547.82,32,3,0.204,1,approved,0.0,0
5072,30,38468.29,195,4,0.167,2,approved,1.0,1
5073,52,16440.2,231,4,0.518,0,approved,0.0,0
5074,61,17956.17,88,4,0.343,2,approved,0.0,0
5075,53,30175.15,208,2,0.327,0,approved,1.0,1
5076,19,35802.16,141,3,0.398,3,rejected,,1
5077,23,32232.05,104,0,0.074,4,rejected,,0
5078,64,31979.02,12,6,0.171,2,rejected,,0
5079,59,62454.11,79,1,0.352,1,approved,0.0,0
5080,18,69758.36,171,4,0.462,0,approved,1.0,1
5081,59,24219.16,1,1,0.471,3,rejected,,0
5082,42,13743.42,197,3,0.156,1,approved,1.0,1
5083,20,49966.82,155,2,0.051,1,approved,1.0,1
5084,66,21539.66,86,4,0.292,1,approved,0.0,0
5085,59,22297.7,26,4,0.433,2,rejected,,0
5086,42,27794.13,165,4,0.251,0,approved,0.0,0
5087,19,80401.72,154,4,0.158,2,approved,1.0,1
5088,42,73393.59,143,6,0.254,1,approved,1.0,1
5089,50,43644.59,10,1,0.234,0,rejected,,0
5090,43,32295.86,139,0,0.326,1,approved,0.0,0
5091,73,73972.92,32,4,0.18,1,approved,1.0,1
5092,34,54500.07,200,1,0.235,2,approved,1.0,1
5093,42,20758.42,196,4,0.615,0,approved,0.0,0
5094,59,71038.3,6,3,0.539,1,rejected,,1
5095,44,26926.12,26,5,0.326,0,rejected,,1
5096,32,28447.33,145,2,0.204,3,rejected,,1
5097,43,33155.13,39,3,0.093,1,approved,0.0,0
5098,61,33409.84,175,1,0.519,0,approved,1.0,1
5099,46,20422.74,51,1,0.126,2,rejected,,1
5100,70,98227.43,236,2,0.167,0,approved,1.0,1
5101,22,16302.51,66,4,0.413,0,rejected,,1
5102,21,34616.49,100,4,0.048,0,approved,1.0,1
5103,19,17829.02,182,4,0.319,3,approved,0.0,0
5104,18,68061.17,58,6,0.235,2,rejected,,1
5105,33,29168.97,238,4,0.095,0,approved,1.0,1
5106,60,43711.77,207,2,0.435,1,approved,0.0,0
5107,58,26193.74,181,4,0.447,2,approved,0.0,0
5108,61,26733.73,29,2,0.286,0,rejected,,0
5109,59,27694.34,50,2,0.168,1,approved,0.0,0
5110,31,33524.59,128,5,0.216,0,approved,1.0,1
5111,31,43463.95,15,3,0.632,1,rejected,,1
5112,36,36752.7,135,5,0.24,0,approved,0.0,0
5113,23,21068.55,98,1,0.277,0,rejected,,1
5114,30,71339.36,142,6,0.231,0,approved,1.0,1
5115,23,35600.15,46,3,0.235,3,rejected,,0
5116,27,29782.91,106,4,0.443,1,rejected,,1
5117,48,39074.0,231,5,0.204,1,approved,1.0,1
5118,35,37638.28,94,3,0.286,2,rejected,,1
5119,29,42311.9,20,3,0.231,0,rejected,,1
5120,22,38699.1,18,1,0.152,1,rejected,,1
5121,21,57323.69,173,3,0.185,2,approved,1.0,1
5122,42,27677.14,129,1,0.142,1,approved,1.0,1
5123,53,34866.93,0,1,0.348,0,rejected,,0
5124,61,39348.09,53,5,0.278,1,approved,1.0,1
5125,68,45701.06,35,5,0.293,2,rejected,,0
5126,57,103445.89,28,4,0.645,0,approved,1.0,1
5127,65,37993.55,232,1,0.311,2,approved,1.0,1
5128,36,28279.62,31,4,0.168,3,approved,0.0,0
5129,21,50632.09,17,5,0.344,0,rejected,,0
5130,37,69615.41,92,1,0.409,1,approved,1.0,1
5131,47,28497.39,231,3,0.087,2,approved,0.0,0
5132,69,46613.49,77,0,0.383,2,rejected,,0
5133,66,32795.15,75,5,0.172,0,approved,1.0,1
5134,56,84238.93,70,3,0.258,2,approved,0.0,0
5135,39,48440.5,87,4,0.301,2,rejected,,1
5136,35,25282.34,76,4,0.281,1,approved,0.0,0
5137,32,33164.76,235,4,0.086,1,approved,1.0,1
5138,36,36669.59,119,2,0.052,2,approved,0.0,0
5139,24,73699.14,8,0,0.342,2,approved,0.0,0
5140,23,29670.36,134,1,0.113,0,approved,1.0,1
5141,46,35172.01,48,4,0.309,1,approved,1.0,1
5142,40,59020.62,119,2,0.266,2,approved,1.0,1
5143,43,15831.39,107,2,0.32,0,approved,0.0,0
5144,25,72501.81,98,2,0.422,2,approved,0.0,0
5145,63,188847.04,146,6,0.105,3,approved,1.0,1
5146,25,41986.16,70,3,0.411,2,rejected,,0
5147,49,47902.4,2,1,0.296,0,rejected,,0
5148,23,61515.24,85,1,0.39,0,approved,1.0,1
5149,63,39206.44,77,4,0.56,0,rejected,,1
5150,27,36170.93,156,8,0.004,2,approved,1.0,1
5151,54,30863.57,217,4,0.198,2,approved,1.0,1
5152,37,58100.12,100,2,0.169,0,approved,1.0,1
5153,48,22584.82,127,2,0.324,5,rejected,,0
5154,25,37627.08,194,4,0.24,1,approved,1.0,1
5155,43,54232.31,202,2,0.026,1,approved,1.0,1
5156,42,45528.73,129,2,0.399,0,approved,1.0,1
5157,38,33404.72,13,4,0.32,0,approved,0.0,0
5158,47,23564.96,211,1,0.304,1,approved,1.0,1
5159,36,41201.42,19,1,0.644,2,rejected,,0
5160,51,32416.37,114,5,0.623,0,rejected,,0
5161,49,24274.3,52,1,0.457,2,rejected,,0
5162,20,19281.94,24,2,0.124,1,rejected,,1
5163,20,17639.77,116,2,0.171,1,approved,1.0,1
5164,22,26163.04,179,3,0.265,2,rejected,,1
5165,62,21926.64,123,3,0.388,1,approved,0.0,0
5166,42,32497.13,74,4,0.701,2,rejected,,1
5167,72,25205.75,179,1,0.387,0,approved,0.0,0
5168,23,28931.71,176,7,0.174,1,approved,0.0,0
5169,54,22391.87,112,1,0.497,0,approved,1.0,1
5170,21,70482.21,10,2,0.553,0,approved,1.0,1
5171,34,21433.88,208,2,0.318,0,approved,1.0,1
5172,74,65120.99,107,2,0.211,3,approved,0.0,0
5173,23,39603.53,129,2,0.201,1,approved,0.0,0
5174,35,67564.52,2,5,0.487,1,rejected,,0
5175,65,16861.5,60,0,0.193,1,rejected,,1
5176,26,55457.86,186,5,0.519,1,approved,0.0,0
5177,22,32429.54,46,3,0.336,2,rejected,,1
5178,60,24905.39,52,1,0.229,1,approved,1.0,1
5179,40,22454.52,136,8,0.139,2,approved,1.0,1
5180,43,22031.02,209,5,0.368,1,approved,0.0,0
5181,60,49300.34,238,2,0.423,0,approved,0.0,0
5182,72,43507.61,49,6,0.388,1,approved,0.0,0
5183,32,37372.41,162,2,0.242,1,approved,0.0,0
5184,26,58550.25,222,3,0.054,0,approved,1.0,1
5185,70,37205.41,159,6,0.332,1,approved,1.0,1
5186,28,28137.13,115,2,0.212,3,rejected,,1
5187,23,35030.3,83,0,0.043,0,approved,1.0,1
5188,69,14723.36,39,3,0.325,2,rejected,,0
5189,57,35460.77,209,3,0.397,0,approved,0.0,0
5190,73,17707.26,12,3,0.067,1,rejected,,0
5191,42,40173.69,210,4,0.169,0,approved,1.0,1
5192,72,26192.73,54,1,0.193,2,rejected,,0
5193,63,43031.76,52,4,0.445,0,approved,1.0,1
5194,73,40306.2,93,2,0.339,0,rejected,,0
5195,47,52891.06,56,1,0.278,2,rejected,,1
5196,18,27400.06,33,5,0.175,1,rejected,,1
5197,26,36792.32,124,3,0.196,1,approved,1.0,1
5198,60,44345.12,130,3,0.282,0,approved,1.0,1
5199,38,43450.95,209,0,0.088,0,approved,0.0,0
5200,21,26434.0,195,3,0.383,1,approved,0.0,0
5201,27,46313.5,88,4,0.304,0,approved,1.0,1
5202,42,33556.62,10,2,0.273,1,rejected,,1
5203,58,24075.96,77,2,0.432,1,approved,1.0,1
5204,44,13656.46,192,7,0.211,1,approved,0.0,0
5205,48,51377.33,208,3,0.515,2,approved,0.0,0
5206,33,76542.86,108,3,0.217,0,approved,1.0,1
5207,74,23120.19,25,1,0.321,4,rejected,,0
5208,55,22458.89,86,1,0.291,2,rejected,,0
5209,28,64026.07,192,3,0.31,0,approved,1.0,1
5210,30,56535.43,95,2,0.476,0,approved,0.0,0
5211,39,57205.18,13,3,0.431,2,rejected,,0
5212,47,42046.86,55,2,0.316,1,rejected,,0
5213,68,42475.42,167,1,0.351,3,approved,1.0,1
5214,37,26395.61,2,3,0.289,1,rejected,,1
5215,22,110018.97,184,1,0.282,1,approved,1.0,1
5216,53,28858.23,37,5,0.159,1,rejected,,0
5217,57,23076.98,17,1,0.193,1,rejected,,1
5218,50,54392.56,62,4,0.425,1,rejected,,1
5219,71,29363.79,54,1,0.354,5,rejected,,1
5220,25,27596.01,142,1,0.311,1,approved,1.0,1
5221,65,73134.12,49,1,0.396,0,approved,0.0,0
5222,50,28543.17,49,2,0.352,0,approved,1.0,1
5223,56,70907.07,146,2,0.424,0,approved,1.0,1
5224,27,43280.28,35,4,0.379,2,rejected,,1
5225,41,20070.0,215,2,0.307,1,approved,1.0,1
5226,41,37115.32,90,3,0.308,2,rejected,,1
5227,41,31005.74,210,8,0.178,0,approved,0.0,0
5228,53,31331.24,165,6,0.164,3,approved,1.0,1
5229,33,39759.71,50,2,0.129,3,approved,0.0,0
5230,63,13662.46,97,2,0.401,1,rejected,,1
5231,48,36632.31,181,3,0.338,0,approved,1.0,1
5232,61,56281.74,61,1,0.287,1,approved,1.0,1
5233,34,43914.39,36,4,0.499,0,approved,0.0,0
5234,69,27410.75,103,3,0.113,1,rejected,,1
5235,30,65829.95,175,1,0.391,0,approved,1.0,1
5236,57,42501.13,3,1,0.311,0,approved,0.0,0
5237,30,48150.72,27,1,0.59,0,rejected,,1
5238,35,38022.45,7,3,0.54,0,rejected,,1
5239,43,80202.69,190,5,0.228,1,approved,1.0,1
5240,42,99090.94,21,1,0.151,2,approved,1.0,1
5241,38,14854.3,137,4,0.309,2,approved,1.0,1
5242,42,17939.77,63,0,0.189,1,rejected,,1
5243,18,31794.27,159,6,0.118,2,approved,1.0,1
5244,39,27450.47,54,3,0.178,0,rejected,,0
5245,22,79896.56,30,2,0.485,0,approved,1.0,1
5246,43,33866.43,78,3,0.158,0,approved,1.0,1
5247,53,32029.3,151,1,0.751,0,approved,0.0,0
5248,61,15661.54,66,3,0.128,3,rejected,,0
5249,44,37474.88,182,3,0.215,1,approved,1.0,1
5250,47,50550.02,147,1,0.387,2,approved,0.0,0
5251,44,51915.15,199,2,0.153,1,approved,1.0,1
5252,74,19212.08,226,2,0.426,1,approved,0.0,0
5253,45,39119.21,189,3,0.284,1,approved,0.0,0
5254,67,85825.39,169,2,0.254,1,approved,1.0,1
5255,26,76474.3,28,3,0.174,2,approved,1.0,1
5256,50,53431.06,231,1,0.375,0,approved,1.0,1
5257,25,57402.14,64,2,0.236,0,approved,0.0,0
5258,29,20323.38,176,2,0.147,0,approved,1.0,1
5259,59,20478.67,103,2,0.241,0,rejected,,0
5260,40,29914.32,19,5,0.589,1,rejected,,0
5261,69,21975.06,11,3,0.442,2,rejected,,0
5262,26,13692.19,142,7,0.38,2,rejected,,1
5263,69,30681.46,194,4,0.438,1,approved,1.0,1
5264,30,59511.59,204,6,0.732,1,approved,1.0,1
5265,37,44400.87,179,3,0.582,0,approved,0.0,0
5266,62,33383.45,160,6,0.416,0,approved,0.0,0
5267,70,53116.67,5,2,0.392,2,rejected,,0
5268,70,35020.93,176,3,0.401,2,approved,0.0,0
5269,43,23017.1,58,6,0.25,2,rejected,,0
5270,58,45688.06,121,3,0.2,2,approved,0.0,0
5271,35,34537.36,53,2,0.123,1,approved,0.0,0
5272,23,43003.79,233,5,0.489,2,approved,1.0,1
5273,41,34824.38,56,3,0.238,0,approved,0.0,0
5274,48,18298.5,177,1,0.29,2,approved,0.0,0
5275,60,48288.7,168,2,0.195,2,approved,1.0,1
5276,67,19854.84,204,4,0.404,1,approved,0.0,0
5277,53,46300.37,19,4,0.244,3,rejected,,1
5278,28,35961.51,65,3,0.15,2,rejected,,1
5279,23,27533.71,185,5,0.237,3,approved,1.0,1
5280,32,35715.53,15,1,0.1,1,approved,1.0,1
5281,66,39405.17,8,2,0.398,1,rejected,,0
5282,70,31913.68,165,2,0.361,2,approved,1.0,1
5283,26,28721.55,48,0,0.458,2,rejected,,1
5284,64,46895.52,186,5,0.281,1,approved,1.0,1
5285,31,21241.9,104,2,0.301,2,approved,1.0,1
5286,64,10132.86,50,4,0.086,1,rejected,,0
5287,67,25285.6,173,5,0.527,2,rejected,,0
5288,47,43384.13,181,3,0.206,1,approved,1.0,1
5289,50,60098.01,148,2,0.625,0,approved,1.0,1
5290,52,48674.46,154,2,0.425,0,approved,1.0,1
5291,48,51135.07,229,3,0.273,2,approved,1.0,1
5292,68,61351.53,69,6,0.593,3,rejected,,0
5293,57,17228.62,216,2,0.444,5,approved,0.0,0
5294,58,17289.09,3,2,0.053,1,approved,1.0,1
5295,57,24404.49,75,2,0.68,1,rejected,,0
5296,40,50296.41,196,2,0.251,0,approved,1.0,1
5297,60,25254.11,194,5,0.266,2,approved,1.0,1
5298,49,42527.34,184,3,0.173,2,approved,1.0,1
5299,29,23448.66,128,2,0.136,1,approved,0.0,0
5300,69,38693.65,4,4,0.265,0,approved,0.0,0
5301,54,36874.62,117,2,0.295,0,approved,1.0,1
5302,58,52275.87,42,3,0.267,2,rejected,,0
5303,49,37112.54,135,2,0.292,1,approved,1.0,1
5304,47,45648.47,2,4,0.08,0,approved,0.0,0
5305,18,48531.64,104,6,0.215,1,approved,1.0,1
5306,25,15598.61,233,5,0.271,0,approved,0.0,0
5307,23,53466.97,22,0,0.41,0,approved,0.0,0
5308,24,85654.52,90,3,0.312,0,approved,1.0,1
5309,67,18454.7,41,2,0.246,2,rejected,,1
5310,20,27072.38,146,4,0.4,1,approved,1.0,1
5311,31,78278.8,43,1,0.248,1,approved,1.0,1
5312,23,26539.68,214,7,0.137,1,approved,1.0,1
5313,27,41293.47,80,2,0.261,1,approved,1.0,1
5314,39,28405.58,132,5,0.317,2,rejected,,1
5315,33,37645.72,61,1,0.365,3,rejected,,0
5316,43,35923.51,65,1,0.126,2,rejected,,1
5317,43,16089.43,97,4,0.23,4,rejected,,0
5318,23,23465.13,183,2,0.141,0,approved,1.0,1
5319,28,43866.97,217,1,0.153,0,approved,1.0,1
5320,31,18956.03,180,2,0.25,1,approved,1.0,1
5321,43,34600.46,225,1,0.139,0,approved,1.0,1
5322,43,16100.08,20,4,0.397,0,rejected,,1
5323,68,44695.27,169,1,0.273,3,approved,0.0,0
5324,66,40695.01,120,2,0.315,1,approved,1.0,1
5325,44,28957.11,183,3,0.494,0,approved,1.0,1
5326,60,41158.56,75,3,0.359,0,approved,1.0,1
5327,53,170562.17,178,2,0.1,2,approved,1.0,1
5328,72,24832.43,144,1,0.679,0,approved,0.0,0
5329,73,20843.12,28,2,0.58,3,rejected,,0
5330,50,14207.21,212,6,0.678,2,approved,0.0,0
5331,67,32495.44,222,2,0.325,2,approved,1.0,1
5332,35,89697.29,84,4,0.267,0,approved,1.0,1
5333,59,23001.59,3,4,0.321,1,rejected,,0
5334,62,34718.88,215,2,0.03,3,approved,1.0,1
5335,40,58571.67,32,6,0.146,0,approved,1.0,1
5336,57,37031.95,14,5,0.293,2,rejected,,0
5337,23,22620.81,54,3,0.175,1,approved,0.0,0
5338,58,21412.29,83,1,0.319,1,rejected,,0
5339,53,29687.97,17,3,0.46,0,rejected,,0
5340,49,25975.23,218,2,0.28,3,approved,0.0,0
5341,60,18279.16,15,1,0.202,1,rejected,,0
5342,23,32401.6,132,1,0.235,0,approved,1.0,1
5343,63,36696.26,71,2,0.24,0,approved,0.0,0
5344,31,48246.63,7,1,0.044,0,approved,0.0,0
5345,61,93329.22,9,2,0.593,1,rejected,,1
5346,72,25448.67,39,2,0.152,2,approved,0.0,0
5347,21,69419.07,85,5,0.307,1,approved,1.0,1
5348,26,79419.17,25,3,0.343,1,rejected,,0
5349,18,39751.92,203,1,0.238,0,approved,1.0,1
5350,43,20321.54,216,2,0.331,2,approved,1.0,1
5351,46,23849.37,0,3,0.454,0,rejected,,0
5352,22,30981.89,27,4,0.392,0,approved,0.0,0
5353,33,94758.2,89,3,0.442,2,approved,1.0,1
5354,49,47435.79,107,1,0.63,1,rejected,,1
5355,64,36755.42,206,4,0.212,1,approved,1.0,1
5356,44,26011.09,158,4,0.093,0,approved,1.0,1
5357,30,29918.66,11,2,0.049,1,approved,0.0,0
5358,33,87232.32,62,1,0.287,3,rejected,,1
5359,57,30278.82,56,1,0.646,2,rejected,,0
5360,43,51655.54,30,4,0.436,2,rejected,,0
5361,74,20405.99,219,2,0.146,2,approved,1.0,1
5362,31,60857.08,77,0,0.296,0,approved,0.0,0
5363,28,54626.44,162,3,0.096,0,approved,1.0,1
5364,31,28879.42,135,3,0.131,4,rejected,,0
5365,34,19191.31,232,4,0.448,0,approved,1.0,1
5366,73,40236.62,176,3,0.241,1,approved,0.0,0
5367,24,31184.83,24,4,0.221,2,rejected,,1
5368,63,21704.01,153,3,0.321,1,approved,0.0,0
5369,71,34082.29,130,2,0.349,2,approved,1.0,1
5370,30,113911.14,92,3,0.254,3,approved,1.0,1
5371,33,35323.78,92,5,0.124,0,approved,1.0,1
5372,21,21544.18,176,6,0.085,3,rejected,,1
5373,59,54418.93,41,1,0.609,0,rejected,,0
5374,27,17242.14,181,4,0.371,3,approved,0.0,0
5375,18,45404.88,54,7,0.135,1,approved,0.0,0
5376,19,51161.01,19,3,0.491,1,rejected,,0
5377,46,38268.37,74,1,0.255,0,approved,0.0,0
5378,28,37497.36,146,6,0.065,3,approved,1.0,1
5379,44,23514.0,71,7,0.372,0,rejected,,0
5380,35,10574.78,84,3,0.489,2,rejected,,0
5381,27,59274.01,195,4,0.415,0,approved,1.0,1
5382,60,30041.02,231,4,0.302,1,approved,0.0,0
5383,49,49185.97,133,1,0.043,2,approved,0.0,0
5384,50,58739.77,198,7,0.302,0,approved,0.0,0
5385,40,42023.59,69,2,0.33,2,rejected,,0
5386,23,39892.26,233,4,0.262,1,approved,0.0,0
5387,20,19276.87,168,4,0.353,2,approved,1.0,1
5388,70,31814.01,58,3,0.344,0,approved,1.0,1
5389,60,28610.15,47,4,0.01,0,approved,0.0,0
5390,59,29757.77,87,3,0.308,2,rejected,,1
5391,47,131472.56,100,0,0.439,1,approved,1.0,1
5392,47,17757.35,225,3,0.382,1,approved,0.0,0
5393,37,61197.25,177,2,0.186,0,approved,1.0,1
5394,50,31102.7,116,8,0.263,2,approved,1.0,1
5395,60,21897.09,160,4,0.063,0,approved,1.0,1
5396,53,29773.97,122,2,0.421,1,approved,0.0,0
5397,30,21451.81,236,4,0.185,0,approved,1.0,1
5398,52,31134.65,177,3,0.139,1,approved,1.0,1
5399,52,12450.86,12,3,0.235,1,rejected,,0
5400,66,22557.99,225,3,0.506,0,approved,1.0,1
5401,34,42614.98,107,7,0.362,3,approved,0.0,0
5402,58,18624.86,10,1,0.222,0,rejected,,1
5403,74,26518.76,47,3,0.443,1,rejected,,0
5404,57,54698.74,150,4,0.372,5,rejected,,0
5405,54,58228.12,72,2,0.212,0,approved,1.0,1
5406,55,34654.09,133,4,0.188,2,approved,0.0,0
5407,36,32507.07,173,1,0.201,1,approved,1.0,1
5408,58,19481.48,142,2,0.382,1,approved,0.0,0
5409,34,37004.43,100,1,0.178,3,rejected,,0
5410,30,71024.74,176,0,0.549,3,approved,0.0,0
5411,45,40393.22,41,2,0.215,2,rejected,,0
5412,61,34187.54,38,4,0.133,3,rejected,,0
5413,30,13777.87,161,3,0.281,0,approved,1.0,1
5414,42,27092.22,69,3,0.323,3,rejected,,0
5415,25,30594.48,105,3,0.229,0,approved,1.0,1
5416,58,42059.4,133,2,0.219,0,approved,1.0,1
5417,40,30892.14,86,7,0.217,1,approved,0.0,0
5418,74,39339.82,83,5,0.18,1,approved,0.0,0
5419,45,22954.61,20,5,0.553,2,rejected,,0
5420,69,64334.13,208,1,0.274,4,approved,1.0,1
5421,60,25449.72,152,1,0.36,1,rejected,,1
5422,69,22438.79,153,2,0.189,2,approved,1.0,1
5423,50,53702.11,149,3,0.258,0,approved,0.0,0
5424,46,36782.7,50,1,0.08,1,approved,1.0,1
5425,29,41460.61,144,4,0.268,0,approved,1.0,1
5426,24,64722.77,47,1,0.228,2,approved,0.0,0
5427,65,43476.88,130,4,0.27,1,approved,1.0,1
5428,22,15861.21,153,3,0.546,2,approved,0.0,0
5429,74,48238.98,59,5,0.476,0,approved,0.0,0
5430,73,12788.81,68,1,0.251,3,rejected,,0
5431,35,61219.74,127,5,0.099,3,approved,1.0,1
5432,51,41451.43,127,4,0.471,1,approved,0.0,0
5433,65,62870.57,126,2,0.12,0,approved,1.0,1
5434,48,44954.97,141,3,0.125,0,approved,1.0,1
5435,60,36563.45,197,6,0.284,1,approved,1.0,1
5436,56,69621.37,146,0,0.181,1,approved,1.0,1
5437,45,20012.69,13,2,0.523,0,rejected,,0
5438,43,23919.97,182,1,0.309,0,approved,1.0,1
5439,50,30181.67,170,1,0.483,1,approved,1.0,1
5440,50,47206.35,131,0,0.213,0,approved,0.0,0
5441,34,112281.46,73,3,0.045,1,approved,1.0,1
5442,61,15331.08,57,4,0.106,1,approved,0.0,0
5443,69,58081.66,231,2,0.083,1,approved,1.0,1
5444,55,28151.99,100,5,0.415,2,rejected,,0
5445,68,40945.79,88,6,0.132,3,rejected,,1
5446,29,25248.87,82,2,0.269,2,rejected,,0
5447,26,25553.39,186,4,0.639,0,approved,0.0,0
5448,60,25019.45,184,4,0.324,1,approved,1.0,1
5449,28,41197.98,12,3,0.109,4,rejected,,1
5450,65,47521.68,30,2,0.169,1,rejected,,0
5451,26,26079.96,34,8,0.167,2,approved,1.0,1
5452,44,22170.41,222,4,0.336,2,approved,1.0,1
5453,32,21038.2,20,2,0.65,1,rejected,,0
5454,42,14268.35,43,7,0.247,0,approved,1.0,1
5455,73,29062.59,157,7,0.34,2,approved,1.0,1
5456,45,39584.3,47,4,0.402,0,approved,1.0,1
5457,67,45033.22,204,1,0.424,2,approved,1.0,1
5458,30,35782.47,56,8,0.411,0,approved,1.0,1
5459,33,54759.68,214,4,0.288,1,approved,1.0,1
5460,52,38608.02,170,4,0.218,2,approved,1.0,1
5461,62,67934.84,73,3,0.225,0,approved,1.0,1
5462,71,152918.59,128,2,0.094,1,approved,1.0,1
5463,18,32482.49,94,2,0.222,5,rejected,,1
5464,44,154293.17,160,2,0.226,0,approved,1.0,1
5465,19,18980.28,59,3,0.386,0,approved,1.0,1
5466,49,61503.05,35,5,0.283,0,approved,1.0,1
5467,71,22037.63,59,5,0.465,0,rejected,,0
5468,32,54710.18,223,3,0.137,3,approved,1.0,1
5469,23,14566.86,123,2,0.126,1,approved,0.0,0
5470,48,22829.78,36,4,0.424,0,rejected,,1
5471,28,23145.67,110,7,0.582,0,rejected,,0
5472,22,27284.7,44,4,0.513,2,rejected,,0
5473,40,24955.94,9,2,0.158,1,rejected,,0
5474,46,29087.28,196,2,0.508,0,approved,1.0,1
5475,71,102470.3,110,2,0.053,2,approved,1.0,1
5476,26,18155.33,117,2,0.063,1,approved,1.0,1
5477,68,23404.7,142,1,0.284,3,rejected,,1
5478,23,45425.45,69,1,0.27,1,approved,1.0,1
5479,46,78959.38,138,4,0.45,0,approved,1.0,1
5480,44,26001.51,199,6,0.121,0,approved,1.0,1
5481,66,29909.52,65,4,0.108,0,approved,1.0,1
5482,74,23526.98,147,3,0.257,1,approved,0.0,0
5483,20,15910.64,73,4,0.274,3,rejected,,0
5484,42,104095.94,175,5,0.478,4,approved,0.0,0
5485,60,41716.88,92,3,0.121,3,approved,1.0,1
5486,21,29672.78,194,4,0.321,0,approved,1.0,1
5487,28,29570.0,195,5,0.22,1,approved,0.0,0
5488,20,36216.79,50,1,0.244,2,approved,0.0,0
5489,28,72978.21,6,2,0.144,1,approved,1.0,1
5490,65,26595.26,36,2,0.432,1,rejected,,0
5491,20,82538.19,170,3,0.149,1,approved,1.0,1
5492,61,23341.59,134,3,0.285,0,approved,1.0,1
5493,27,51486.46,126,2,0.277,2,approved,0.0,0
5494,61,16944.37,11,2,0.372,0,rejected,,0
5495,24,11435.74,56,5,0.294,2,rejected,,1
5496,21,47992.72,65,4,0.154,0,approved,1.0,1
5497,41,26685.34,45,4,0.08,1,approved,1.0,1
5498,73,17281.09,99,1,0.245,2,approved,0.0,0
5499,43,30848.35,170,0,0.107,3,approved,1.0,1
5500,31,22370.48,237,1,0.292,2,approved,1.0,1
5501,70,49952.56,90,6,0.431,1,approved,0.0,0
5502,47,39742.8,105,2,0.354,1,approved,0.0,0
5503,62,23348.92,214,5,0.17,0,approved,1.0,1
5504,23,35685.28,94,8,0.43,1,rejected,,1
5505,30,41764.29,79,2,0.122,3,approved,0.0,0
5506,20,55104.94,35,5,0.123,0,approved,1.0,1
5507,41,23825.33,91,0,0.614,0,rejected,,0
5508,63,28651.19,191,5,0.212,2,approved,0.0,0
5509,53,32156.46,99,7,0.354,2,rejected,,0
5510,25,29048.3,149,5,0.065,3,approved,0.0,0
5511,70,45063.51,18,4,0.41,0,approved,0.0,0
5512,59,40176.13,64,1,0.159,0,approved,0.0,0
5513,43,83601.54,17,3,0.097,5,rejected,,0
5514,19,18819.93,49,2,0.507,0,approved,0.0,0
5515,26,19896.41,71,3,0.447,0,rejected,,1
5516,20,38527.29,228,3,0.163,2,approved,1.0,1
5517,72,20688.33,142,4,0.233,1,approved,0.0,0
5518,48,65357.42,238,2,0.374,2,approved,0.0,0
5519,57,18502.69,12,3,0.284,5,rejected,,0
5520,65,42455.79,11,7,0.436,3,rejected,,0
5521,30,16965.54,138,6,0.307,1,approved,1.0,1
5522,69,40627.54,48,6,0.264,2,rejected,,0
5523,52,11370.48,73,2,0.253,2,rejected,,1
5524,74,93984.61,186,4,0.432,0,approved,1.0,1
5525,46,43660.63,235,2,0.233,1,approved,1.0,1
5526,20,39769.73,82,7,0.199,2,approved,1.0,1
5527,30,84702.59,142,1,0.248,1,approved,1.0,1
5528,69,19131.18,81,1,0.227,3,rejected,,0
5529,58,20312.5,117,2,0.452,1,approved,1.0,1
5530,73,79303.58,12,3,0.425,0,approved,0.0,0
5531,36,92936.7,230,3,0.115,0,approved,0.0,0
5532,73,21866.46,230,2,0.169,0,approved,1.0,1
5533,35,17837.18,140,1,0.273,1,approved,1.0,1
5534,66,58917.98,12,2,0.263,1,approved,0.0,0
5535,64,54369.83,85,4,0.139,0,approved,1.0,1
5536,56,15340.02,202,2,0.078,1,approved,1.0,1
5537,59,51695.07,236,1,0.339,0,approved,1.0,1
5538,29,30469.49,11,1,0.435,2,rejected,,0
5539,65,22004.6,59,2,0.09,4,rejected,,0
5540,55,57614.82,109,3,0.168,1,approved,1.0,1
5541,19,40652.6,152,2,0.427,1,approved,1.0,1
5542,51,40307.22,152,2,0.221,0,approved,1.0,1
5543,34,31051.51,174,1,0.369,1,approved,1.0,1
5544,73,30032.82,131,2,0.364,1,approved,1.0,1
5545,54,27218.88,229,2,0.042,1,approved,1.0,1
5546,61,89404.33,120,1,0.076,1,approved,1.0,1
5547,58,42312.94,26,0,0.086,1,approved,0.0,0
5548,61,56055.56,238,1,0.045,1,approved,0.0,0
5549,28,52056.53,176,3,0.309,1,approved,0.0,0
5550,37,45385.42,100,1,0.389,5,rejected,,0
5551,67,34037.59,131,1,0.206,0,approved,1.0,1
5552,29,20269.58,86,2,0.21,1,approved,1.0,1
5553,49,20117.54,147,5,0.093,0,approved,0.0,0
5554,57,16925.99,15,4,0.366,0,rejected,,0
5555,71,83363.34,157,1,0.254,0,approved,0.0,0
5556,62,30138.33,130,1,0.253,2,approved,1.0,1
5557,28,32877.68,164,0,0.198,3,rejected,,1
5558,71,26984.05,20,0,0.487,6,rejected,,0
5559,18,38317.61,156,1,0.106,3,approved,1.0,1
5560,68,25295.95,4,3,0.264,2,rejected,,0
5561,74,23219.69,44,3,0.161,0,approved,1.0,1
5562,27,22533.62,55,4,0.467,1,rejected,,1
5563,61,39164.2,136,2,0.137,2,approved,0.0,0
5564,33,75919.51,189,3,0.374,0,approved,1.0,1
5565,30,48015.12,2,1,0.063,0,approved,1.0,1
5566,25,24961.3,9,1,0.176,1,rejected,,1
5567,51,32340.06,214,0,0.219,3,approved,1.0,1
5568,37,43511.35,35,3,0.506,3,rejected,,0
5569,72,75102.03,49,3,0.152,0,approved,1.0,1
5570,32,58065.79,87,1,0.356,1,approved,1.0,1
5571,31,22958.12,37,3,0.354,2,rejected,,1
5572,60,57281.78,50,2,0.087,0,approved,1.0,1
5573,57,46419.26,200,5,0.129,0,approved,1.0,1
5574,18,72406.78,235,1,0.4,3,approved,1.0,1
5575,35,47259.08,239,3,0.445,2,approved,1.0,1
5576,24,34416.5,152,2,0.013,0,approved,1.0,1
5577,32,34539.59,70,3,0.282,1,rejected,,1
5578,34,53329.41,215,2,0.341,0,approved,1.0,1
5579,19,36418.83,214,1,0.188,0,approved,0.0,0
5580,70,54713.96,34,3,0.062,2,rejected,,1
5581,72,45365.55,6,2,0.284,1,approved,1.0,1
5582,36,18271.95,230,1,0.321,0,approved,1.0,1
5583,44,11459.31,212,1,0.139,0,approved,1.0,1
5584,48,31107.56,169,3,0.21,0,approved,1.0,1
5585,27,71279.28,152,1,0.049,0,approved,1.0,1
5586,61,23943.52,69,2,0.155,0,approved,0.0,0
5587,45,51111.77,227,1,0.264,2,approved,1.0,1
5588,41,28762.7,228,4,0.188,0,approved,1.0,1
5589,22,22062.46,35,4,0.438,1,rejected,,0
5590,57,51885.17,29,3,0.245,2,rejected,,1
5591,35,135148.32,160,2,0.448,2,approved,1.0,1
5592,66,30640.39,221,4,0.23,0,approved,1.0,1
5593,20,28806.61,125,3,0.071,2,approved,1.0,1
5594,52,47657.24,83,1,0.375,0,approved,1.0,1
5595,55,30745.4,36,3,0.054,2,approved,0.0,0
5596,26,38067.25,29,4,0.456,2,rejected,,0
5597,25,42084.6,199,3,0.193,0,approved,1.0,1
5598,70,17039.56,26,2,0.256,2,rejected,,0
5599,46,20402.19,235,2,0.566,1,approved,1.0,1
5600,45,58439.06,226,3,0.34,0,approved,1.0,1
5601,41,34112.55,194,5,0.404,1,approved,1.0,1
5602,44,50868.01,81,4,0.14,2,approved,1.0,1
5603,40,31331.73,165,1,0.116,1,approved,0.0,0
5604,41,13961.67,127,0,0.159,1,approved,0.0,0
5605,45,101292.18,92,4,0.34,0,approved,1.0,1
5606,29,43056.72,141,4,0.247,1,approved,1.0,1
5607,30,39342.91,234,5,0.44,2,approved,1.0,1
5608,35,42162.79,192,1,0.102,3,approved,1.0,1
5609,60,25484.46,22,4,0.268,1,rejected,,1
5610,59,39368.64,12,4,0.236,0,rejected,,1
5611,33,17960.46,166,1,0.155,0,approved,1.0,1
5612,54,42970.85,69,2,0.339,1,rejected,,0
5613,45,49501.13,121,3,0.022,1,approved,1.0,1
5614,19,15942.12,161,1,0.2,0,approved,1.0,1
5615,28,41600.98,177,6,0.134,0,approved,1.0,1
5616,20,44612.98,19,4,0.189,1,rejected,,1
5617,70,40465.98,80,1,0.565,1,rejected,,0
5618,18,35049.19,138,3,0.54,0,approved,1.0,1
5619,52,31026.11,222,2,0.376,2,approved,1.0,1
5620,31,39364.42,211,7,0.378,1,approved,1.0,1
5621,51,12689.76,167,0,0.189,2,approved,1.0,1
5622,47,46023.21,60,1,0.207,1,approved,0.0,0
5623,33,40247.51,33,3,0.131,0,approved,1.0,1
5624,57,70932.32,117,1,0.173,3,approved,1.0,1
5625,48,77527.54,5,4,0.041,3,rejected,,0
5626,25,20498.27,221,5,0.077,1,approved,1.0,1
5627,42,33980.67,229,3,0.304,0,approved,1.0,1
5628,73,55960.67,221,2,0.084,2,approved,1.0,1
5629,73,26079.73,26,2,0.248,0,rejected,,1
5630,20,40087.26,47,4,0.051,1,rejected,,1
5631,19,42080.05,15,1,0.101,1,approved,1.0,1
5632,63,44554.01,78,3,0.225,2,approved,0.0,0
5633,64,19166.1,210,2,0.227,2,approved,0.0,0
5634,67,30835.32,37,4,0.11,4,rejected,,0
5635,30,32330.35,223,4,0.319,1,approved,1.0,1
5636,45,71620.5,62,5,0.03,3,approved,0.0,0
5637,59,52463.78,16,4,0.113,1,approved,1.0,1
5638,62,23138.72,165,4,0.068,0,approved,1.0,1
5639,73,58746.22,160,4,0.445,2,approved,1.0,1
5640,67,27921.57,166,5,0.192,0,approved,1.0,1
5641,36,26364.48,25,3,0.357,1,rejected,,0
5642,72,37970.24,107,3,0.522,4,rejected,,0
5643,46,97667.96,122,2,0.115,0,approved,1.0,1
5644,52,27309.97,44,2,0.063,3,rejected,,0
5645,62,40718.72,157,2,0.637,0,approved,1.0,1
5646,39,57606.25,72,0,0.235,1,rejected,,1
5647,22,42630.06,63,3,0.314,2,approved,0.0,0
5648,18,16174.44,141,2,0.152,0,approved,1.0,1
5649,42,22434.03,113,4,0.077,1,approved,1.0,1
5650,73,33595.7,42,5,0.336,1,rejected,,0
5651,29,17471.98,128,1,0.384,0,approved,0.0,0
5652,31,35095.24,195,4,0.375,2,approved,1.0,1
5653,50,41687.73,134,2,0.06,1,approved,1.0,1
5654,62,24147.45,233,2,0.493,0,approved,1.0,1
5655,73,25094.82,144,2,0.318,3,approved,0.0,0
5656,53,41906.71,213,3,0.035,1,approved,1.0,1
5657,57,46029.13,33,7,0.339,0,rejected,,1
5658,72,82324.14,3,1,0.369,2,rejected,,1
5659,72,41914.64,141,1,0.097,0,approved,1.0,1
5660,44,66446.59,34,3,0.318,2,rejected,,0
5661,53,46630.1,116,1,0.553,1,approved,1.0,1
5662,43,20807.69,104,1,0.172,1,approved,0.0,0
5663,63,13619.18,103,5,0.422,1,approved,0.0,0
5664,26,33989.47,26,2,0.447,2,rejected,,0
5665,71,48679.26,101,1,0.175,1,approved,0.0,0
5666,27,28429.9,164,3,0.12,0,approved,1.0,1
5667,74,78668.08,16,2,0.376,1,rejected,,1
5668,70,70758.17,109,4,0.312,1,approved,1.0,1
5669,34,31325.7,4,4,0.167,1,approved,0.0,0
5670,48,68859.17,203,4,0.329,0,approved,1.0,1
5671,66,51910.08,35,6,0.806,1,rejected,,1
5672,18,41704.09,78,3,0.19,0,approved,1.0,1
5673,65,40731.25,68,3,0.264,2,approved,0.0,0
5674,48,68421.19,36,6,0.503,1,approved,1.0,1
5675,35,71457.39,66,2,0.389,1,rejected,,1
5676,70,47010.04,48,2,0.209,0,approved,0.0,0
5677,61,40054.98,125,3,0.466,1,approved,1.0,1
5678,60,41246.13,77,3,0.185,1,approved,0.0,0
5679,32,54138.41,75,5,0.312,0,approved,1.0,1
5680,44,45454.27,26,0,0.067,0,approved,0.0,0
5681,56,44932.77,216,3,0.338,2,approved,0.0,0
5682,53,22051.92,190,3,0.133,0,approved,1.0,1
5683,60,16353.74,43,2,0.164,2,rejected,,0
5684,70,48124.12,109,2,0.077,2,approved,1.0,1
5685,25,36759.56,29,0,0.203,1,rejected,,1
5686,36,58611.42,208,6,0.124,1,approved,1.0,1
5687,59,32434.0,180,4,0.233,2,approved,0.0,0
5688,33,47689.07,114,4,0.122,1,approved,1.0,1
5689,51,58103.65,164,5,0.199,0,approved,1.0,1
5690,56,44812.64,125,2,0.061,1,approved,0.0,0
5691,56,57056.27,178,4,0.121,0,approved,1.0,1
5692,28,25457.85,120,3,0.293,1,approved,1.0,1
5693,44,25936.21,93,2,0.073,1,approved,0.0,0
5694,32,18436.61,169,3,0.563,1,approved,1.0,1
5695,57,51672.49,208,1,0.405,0,approved,1.0,1
5696,49,74020.97,130,3,0.074,1,approved,1.0,1
5697,38,70105.86,154,4,0.157,1,approved,1.0,1
5698,31,58903.84,185,3,0.342,1,approved,1.0,1
5699,33,22652.53,12,2,0.11,2,rejected,,1
5700,27,5951.58,82,5,0.182,2,rejected,,0
5701,27,15711.87,44,2,0.244,1,rejected,,0
5702,43,51576.29,161,2,0.126,2,approved,0.0,0
5703,44,24542.34,9,3,0.355,2,rejected,,1
5704,21,68659.58,222,6,0.393,0,approved,0.0,0
5705,42,42042.34,8,6,0.156,4,rejected,,0
5706,68,87597.67,46,2,0.252,0,approved,0.0,0
5707,41,34659.31,81,3,0.411,1,rejected,,1
5708,62,23818.01,102,1,0.164,2,approved,0.0,0
5709,70,57516.75,50,5,0.254,0,approved,1.0,1
5710,34,70631.71,57,3,0.515,4,rejected,,0
5711,59,40366.79,30,3,0.533,1,rejected,,0
5712,42,49140.93,43,2,0.159,0,approved,0.0,0
5713,18,29225.69,90,0,0.479,1,rejected,,1
5714,36,119253.02,106,1,0.456,2,approved,1.0,1
5715,30,36055.92,93,1,0.362,0,rejected,,0
5716,29,25096.89,189,5,0.183,0,approved,1.0,1
5717,69,24954.73,216,8,0.36,1,approved,1.0,1
5718,26,81971.86,41,4,0.317,4,rejected,,1
5719,63,110115.42,128,4,0.412,2,approved,1.0,1
5720,28,42583.86,92,4,0.089,0,approved,1.0,1
5721,56,38934.7,81,3,0.394,1,approved,1.0,1
5722,23,25068.04,13,4,0.182,0,rejected,,0
5723,52,60954.65,96,4,0.138,3,rejected,,1
5724,48,63075.07,28,5,0.116,1,approved,1.0,1
5725,68,137365.61,230,2,0.272,2,approved,1.0,1
5726,30,24883.3,66,4,0.197,2,rejected,,1
5727,72,22557.04,50,3,0.389,0,approved,1.0,1
5728,30,76946.81,89,3,0.281,1,approved,1.0,1
5729,47,53290.59,133,4,0.074,1,approved,1.0,1
5730,65,59299.76,193,2,0.179,1,approved,1.0,1
5731,25,33574.75,80,4,0.183,0,approved,0.0,0
5732,31,12696.09,36,7,0.28,2,rejected,,0
5733,45,65566.59,141,5,0.182,2,approved,1.0,1
5734,26,36228.13,192,4,0.327,3,approved,0.0,0
5735,58,23172.65,11,3,0.215,3,rejected,,0
5736,37,30425.76,84,2,0.21,0,rejected,,0
5737,45,35937.84,226,6,0.114,1,approved,1.0,1
5738,72,74600.18,89,3,0.334,2,approved,1.0,1
5739,73,42749.81,143,0,0.19,0,approved,1.0,1
5740,21,28460.74,82,2,0.162,1,rejected,,0
5741,54,74698.98,121,3,0.418,0,approved,1.0,1
5742,19,17613.48,93,1,0.179,1,rejected,,1
5743,28,14352.03,211,3,0.531,3,approved,0.0,0
5744,66,59771.28,127,0,0.169,2,approved,1.0,1
5745,21,49758.47,80,2,0.164,2,approved,1.0,1
5746,67,29965.76,204,3,0.322,3,approved,1.0,1
5747,66,45215.46,159,3,0.494,3,rejected,,0
5748,34,41378.89,134,5,0.284,1,approved,1.0,1
5749,64,17794.02,75,2,0.288,0,approved,1.0,1
5750,21,24132.96,103,4,0.116,1,approved,0.0,0
5751,33,71835.63,20,4,0.195,2,rejected,,1
5752,37,35013.16,221,1,0.426,3,approved,1.0,1
5753,68,32804.32,141,5,0.056,2,approved,1.0,1
5754,62,33256.13,188,4,0.292,1,approved,1.0,1
5755,74,117689.41,216,3,0.415,0,approved,1.0,1
5756,48,33183.02,170,4,0.207,1,approved,0.0,0
5757,47,18365.14,21,1,0.135,0,approved,0.0,0
5758,41,66389.19,109,6,0.277,1,approved,1.0,1
5759,43,37380.69,232,1,0.298,1,approved,0.0,0
5760,69,79911.44,231,2,0.262,2,approved,1.0,1
5761,29,77974.97,16,5,0.226,0,approved,1.0,1
5762,52,45678.08,15,2,0.113,2,approved,1.0,1
5763,61,27054.21,30,2,0.315,1,rejected,,1
5764,45,61024.53,181,2,0.348,1,approved,1.0,1
5765,26,22108.51,225,3,0.084,0,approved,1.0,1
5766,62,36403.54,110,2,0.619,1,rejected,,0
5767,47,37607.57,182,2,0.791,2,approved,0.0,0
5768,24,33307.68,100,4,0.242,0,approved,1.0,1
5769,38,47207.69,33,3,0.201,2,approved,0.0,0
5770,28,66574.06,235,3,0.525,2,approved,1.0,1
5771,60,13249.65,126,1,0.304,0,approved,1.0,1
5772,40,26550.38,234,3,0.238,3,approved,1.0,1
5773,38,70571.24,167,1,0.261,2,approved,1.0,1
5774,39,48549.45,215,1,0.46,1,approved,0.0,0
5775,37,15544.54,94,6,0.212,2,rejected,,1
5776,48,30078.36,122,3,0.123,0,approved,1.0,1
5777,29,64921.24,142,3,0.392,1,approved,1.0,1
5778,71,53995.68,113,3,0.123,1,approved,1.0,1
5779,38,108784.05,75,8,0.413,0,approved,1.0,1
5780,41,32637.91,32,1,0.27,2,rejected,,0
5781,58,17059.32,111,1,0.163,1,approved,1.0,1
5782,18,63521.02,79,3,0.456,1,approved,1.0,1
5783,38,50455.76,35,2,0.118,3,rejected,,1
5784,52,56894.87,62,4,0.202,0,approved,1.0,1
5785,37,23828.29,155,1,0.472,1,approved,1.0,1
5786,26,20300.14,141,4,0.33,1,approved,1.0,1
5787,47,74570.85,183,1,0.118,0,approved,1.0,1
5788,69,33452.35,45,3,0.443,3,rejected,,0
5789,26,14289.52,20,4,0.373,1,rejected,,0
5790,51,76265.7,79,3,0.183,2,rejected,,1
5791,39,33040.53,2,3,0.231,2,rejected,,0
5792,53,49502.23,190,2,0.564,0,approved,1.0,1
5793,63,29725.06,146,4,0.673,2,rejected,,1
5794,53,21325.26,167,2,0.103,0,approved,0.0,0
5795,24,25034.14,106,2,0.604,1,rejected,,1
5796,65,42768.6,129,4,0.243,3,approved,0.0,0
5797,56,65080.12,82,3,0.535,0,approved,1.0,1
5798,27,26771.25,16,6,0.802,1,rejected,,1
5799,56,18093.07,225,1,0.234,2,approved,1.0,1
5800,40,37394.28,225,1,0.122,3,approved,1.0,1
5801,29,20764.02,186,4,0.066,1,approved,0.0,0
5802,42,55989.56,111,0,0.621,2,rejected,,0
5803,71,27437.83,13,3,0.094,2,rejected,,0
5804,35,46220.1,147,5,0.101,3,approved,0.0,0
5805,37,19571.63,51,5,0.206,1,rejected,,0
5806,18,26414.49,184,3,0.345,2,approved,0.0,0
5807,47,78792.53,29,6,0.154,2,rejected,,0
5808,33,54198.46,55,5,0.263,0,rejected,,0
5809,23,47636.92,167,2,0.037,1,approved,1.0,1
5810,52,62667.45,141,2,0.226,0,approved,1.0,1
5811,52,31203.2,12,4,0.33,1,rejected,,0
5812,41,64783.83,71,3,0.254,2,rejected,,0
5813,32,10944.17,188,6,0.169,1,approved,1.0,1
5814,64,25962.43,151,1,0.248,0,approved,1.0,1
5815,36,127773.58,120,1,0.153,0,approved,1.0,1
5816,59,82390.29,107,3,0.228,1,approved,1.0,1
5817,59,31093.61,200,3,0.477,0,approved,0.0,0
5818,73,28472.76,231,4,0.17,1,approved,1.0,1
5819,32,71063.32,239,3,0.125,0,approved,1.0,1
5820,51,29026.31,235,2,0.548,2,approved,1.0,1
5821,61,31431.84,200,1,0.348,0,approved,1.0,1
5822,61,55196.5,215,6,0.331,0,approved,1.0,1
5823,36,36364.07,62,2,0.413,1,rejected,,1
5824,28,65287.37,228,2,0.462,1,approved,1.0,1
5825,45,33497.2,165,3,0.54,0,approved,0.0,0
5826,20,19828.81,210,2,0.307,1,approved,1.0,1
5827,30,25237.94,208,2,0.638,3,rejected,,0
5828,32,6460.24,104,4,0.5,2,rejected,,1
5829,38,11525.67,181,4,0.477,2,approved,1.0,1
5830,37,35246.41,37,3,0.564,0,rejected,,0
5831,19,30948.12,175,3,0.112,1,approved,1.0,1
5832,21,36733.86,103,2,0.286,1,approved,0.0,0
5833,34,109529.95,237,2,0.193,1,approved,1.0,1
5834,65,20118.02,19,3,0.09,1,approved,1.0,1
5835,27,30359.25,68,5,0.494,0,approved,1.0,1
5836,31,62259.29,96,3,0.103,0,rejected,,1
5837,51,92067.3,74,5,0.784,0,rejected,,1
5838,73,53025.4,204,5,0.205,1,approved,1.0,1
5839,46,26023.22,19,6,0.135,1,rejected,,0
5840,45,28117.03,237,0,0.087,1,approved,1.0,1
5841,67,21814.02,30,3,0.561,0,rejected,,0
5842,69,11377.25,72,2,0.718,0,rejected,,0
5843,46,27927.41,119,5,0.189,3,approved,0.0,0
5844,38,41759.1,143,3,0.381,0,approved,1.0,1
5845,22,19199.12,163,7,0.486,1,approved,0.0,0
5846,51,32632.1,127,3,0.749,4,rejected,,0
5847,19,67785.7,113,4,0.048,2,approved,1.0,1
5848,50,65859.55,47,2,0.247,0,approved,1.0,1
5849,26,41261.42,135,2,0.749,1,approved,0.0,0
5850,43,37838.52,162,3,0.373,1,approved,1.0,1
5851,56,41699.66,58,2,0.125,4,rejected,,0
5852,53,41170.57,50,1,0.499,2,rejected,,0
5853,38,15635.12,28,1,0.142,1,rejected,,0
5854,40,50821.57,74,4,0.576,1,rejected,,1
5855,38,22116.47,86,4,0.273,0,approved,1.0,1
5856,25,58559.11,162,2,0.189,3,approved,0.0,0
5857,25,78731.8,78,7,0.495,3,approved,1.0,1
5858,74,32312.01,218,1,0.405,2,approved,0.0,0
5859,41,59004.8,209,6,0.332,2,approved,1.0,1
5860,24,30144.5,221,5,0.097,1,approved,1.0,1
5861,39,37720.51,17,4,0.172,0,rejected,,1
5862,32,43809.82,49,4,0.017,0,approved,1.0,1
5863,70,14325.07,168,4,0.271,0,approved,1.0,1
5864,22,43389.66,150,6,0.422,2,approved,0.0,0
5865,41,53338.91,39,4,0.244,1,rejected,,1
5866,57,37878.96,58,5,0.075,1,approved,1.0,1
5867,18,41657.61,123,2,0.045,1,approved,1.0,1
5868,48,32234.14,93,0,0.526,1,approved,1.0,1
5869,26,32111.62,24,6,0.641,0,rejected,,0
5870,56,34297.83,220,4,0.166,3,approved,1.0,1
5871,51,33229.92,43,4,0.261,1,rejected,,1
5872,69,45272.41,49,4,0.58,0,approved,0.0,0
5873,62,92384.24,236,2,0.143,0,approved,1.0,1
5874,38,65665.47,187,5,0.35,1,approved,0.0,0
5875,30,25319.72,191,4,0.406,1,approved,1.0,1
5876,41,40514.75,144,2,0.118,1,approved,1.0,1
5877,24,25550.26,6,2,0.37,0,rejected,,1
5878,55,17452.74,17,5,0.392,0,approved,0.0,0
5879,57,47257.09,199,1,0.241,1,approved,0.0,0
5880,41,128707.41,97,4,0.128,1,approved,1.0,1
5881,70,35193.71,105,2,0.263,1,approved,1.0,1
5882,24,54173.25,219,4,0.606,1,approved,1.0,1
5883,24,74703.15,37,8,0.121,0,approved,1.0,1
5884,70,57161.39,175,4,0.335,1,approved,1.0,1
5885,62,71264.86,213,1,0.223,1,approved,1.0,1
5886,58,46291.83,3,3,0.145,1,rejected,,0
5887,61,39151.61,3,4,0.54,2,rejected,,0
5888,33,18516.93,217,3,0.147,1,approved,1.0,1
5889,38,19929.39,164,2,0.188,1,approved,1.0,1
5890,70,96864.99,41,1,0.31,0,approved,1.0,1
5891,48,41174.08,41,2,0.318,2,rejected,,1
5892,66,31295.5,22,3,0.249,4,rejected,,0
5893,37,77534.43,20,2,0.098,0,approved,1.0,1
5894,27,70082.15,219,8,0.504,0,approved,1.0,1
5895,32,41877.46,203,5,0.011,1,approved,1.0,1
5896,58,48677.09,191,4,0.589,1,rejected,,1
5897,46,17204.36,83,2,0.27,2,rejected,,0
5898,57,21785.31,171,2,0.31,2,approved,1.0,1
5899,71,21243.3,213,1,0.268,2,approved,1.0,1
5900,34,34213.02,63,3,0.246,2,rejected,,0
5901,61,41293.03,45,2,0.314,1,approved,0.0,0
5902,41,68825.6,122,4,0.247,0,approved,0.0,0
5903,56,22778.66,133,1,0.449,0,approved,0.0,0
5904,23,74262.37,38,3,0.134,0,approved,0.0,0
5905,22,33767.98,67,2,0.151,0,approved,1.0,1
5906,71,23093.69,12,0,0.383,0,rejected,,0
5907,44,23553.03,26,1,0.279,1,rejected,,0
5908,57,49895.99,179,2,0.207,0,approved,1.0,1
5909,35,25278.1,81,3,0.373,0,rejected,,0
5910,45,43442.13,129,4,0.224,1,rejected,,1
5911,20,27749.88,215,1,0.182,0,approved,0.0,0
5912,59,35855.8,24,2,0.245,0,rejected,,0
5913,71,28568.53,134,4,0.417,0,approved,0.0,0
5914,66,31596.27,21,0,0.485,1,rejected,,1
5915,72,39346.59,232,2,0.61,1,approved,0.0,0
5916,73,23524.41,173,0,0.253,3,approved,1.0,1
5917,33,40394.9,133,2,0.059,0,approved,1.0,1
5918,70,76930.51,120,5,0.172,1,approved,0.0,0
5919,45,17530.95,236,4,0.216,2,approved,0.0,0
5920,50,29385.16,51,3,0.394,0,rejected,,1
5921,50,21027.28,25,3,0.238,0,rejected,,0
5922,23,53240.98,225,1,0.269,1,approved,1.0,1
5923,26,27165.9,32,3,0.157,2,rejected,,1
5924,54,117892.87,158,2,0.362,3,approved,1.0,1
5925,62,34291.22,4,1,0.233,1,rejected,,0
5926,27,53355.59,152,0,0.392,3,rejected,,1
5927,49,36131.37,124,3,0.087,0,approved,1.0,1
5928,47,28530.57,24,3,0.638,1,rejected,,0
5929,35,22323.52,171,1,0.209,1,approved,1.0,1
5930,24,28739.88,211,3,0.537,0,approved,1.0,1
5931,58,34778.16,162,0,0.371,2,approved,0.0,0
5932,47,23737.97,108,4,0.12,1,approved,0.0,0
5933,31,39103.12,70,3,0.042,0,approved,1.0,1
5934,35,19807.55,172,2,0.186,3,rejected,,0
5935,41,49911.46,93,1,0.401,1,approved,1.0,1
5936,24,35879.57,129,3,0.277,3,approved,0.0,0
5937,44,38828.19,142,3,0.133,1,approved,1.0,1
5938,58,55468.34,127,2,0.317,0,approved,1.0,1
5939,60,28704.18,54,0,0.602,5,rejected,,0
5940,42,60142.86,60,3,0.474,3,rejected,,0
5941,22,36850.33,222,1,0.351,2,approved,1.0,1
5942,45,28460.39,219,2,0.184,3,approved,1.0,1
5943,65,25859.52,146,4,0.031,1,approved,1.0,1
5944,71,51962.26,25,3,0.402,1,approved,1.0,1
5945,67,27081.24,173,1,0.305,0,approved,1.0,1
5946,25,30505.28,196,2,0.239,2,approved,1.0,1
5947,42,64661.65,192,4,0.171,0,approved,1.0,1
5948,72,77172.31,161,2,0.451,1,approved,1.0,1
5949,54,52849.57,164,2,0.595,2,approved,1.0,1
5950,45,32973.14,6,3,0.066,1,rejected,,1
5951,25,26643.71,157,1,0.348,3,approved,0.0,0
5952,53,67399.52,9,4,0.386,1,rejected,,0
5953,47,71432.72,27,4,0.263,3,rejected,,0
5954,31,40228.4,188,8,0.263,0,approved,1.0,1
5955,72,35572.23,0,1,0.254,5,rejected,,0
5956,55,33296.83,98,6,0.119,0,approved,1.0,1
5957,67,44612.15,96,2,0.263,0,approved,1.0,1
5958,41,30976.07,102,2,0.35,0,approved,1.0,1
5959,41,27602.6,6,3,0.138,4,rejected,,0
5960,64,16066.95,13,2,0.365,0,rejected,,1
5961,29,30324.09,17,3,0.219,1,rejected,,1
5962,45,32367.74,192,3,0.383,0,approved,1.0,1
5963,54,47825.21,141,8,0.214,2,approved,0.0,0
5964,35,54128.75,28,1,0.578,0,rejected,,1
5965,37,44710.8,117,2,0.383,1,approved,0.0,0
5966,50,42447.03,104,3,0.402,4,rejected,,1
5967,37,21720.18,166,3,0.34,1,approved,1.0,1
5968,72,21078.15,203,4,0.287,2,approved,0.0,0
5969,59,54348.16,43,4,0.246,0,approved,0.0,0
5970,73,45153.31,101,3,0.15,1,approved,1.0,1
5971,33,28429.91,88,3,0.241,3,approved,0.0,0
5972,47,35509.76,63,1,0.078,2,approved,1.0,1
5973,45,41517.21,37,2,0.326,0,rejected,,0
5974,38,83304.3,25,4,0.394,2,approved,1.0,1
5975,32,31537.58,73,2,0.256,3,rejected,,0
5976,69,24680.97,57,1,0.495,0,rejected,,1
5977,38,63324.92,120,2,0.207,4,approved,1.0,1
5978,43,30857.41,120,1,0.455,1,approved,0.0,0
5979,41,50276.38,221,1,0.127,2,approved,1.0,1
5980,57,43418.55,32,5,0.291,2,rejected,,0
5981,32,53494.33,197,3,0.275,2,approved,1.0,1
5982,60,47963.9,67,3,0.335,2,approved,0.0,0
5983,52,46426.58,163,4,0.275,2,approved,1.0,1
5984,21,42054.06,108,1,0.099,0,approved,1.0,1
5985,48,28417.36,17,3,0.339,1,approved,0.0,0
5986,41,27739.05,153,3,0.12,2,approved,0.0,0
5987,51,90853.47,176,2,0.151,0,approved,1.0,1
5988,33,41415.4,113,3,0.345,3,rejected,,1
5989,64,22109.79,183,2,0.234,0,approved,1.0,1
5990,19,42348.5,174,2,0.139,3,approved,1.0,1
5991,47,32562.71,191,1,0.544,1,approved,0.0,0
5992,19,37623.46,217,5,0.301,4,approved,1.0,1
5993,33,14703.34,154,4,0.275,4,rejected,,0
5994,34,47943.02,135,1,0.704,0,approved,1.0,1
5995,69,77256.97,186,2,0.206,0,approved,1.0,1
5996,44,45459.66,60,3,0.435,2,rejected,,0
5997,31,38062.87,94,4,0.156,3,rejected,,0
5998,21,60045.41,96,1,0.35,0,approved,0.0,0
5999,31,40770.69,180,2,0.045,2,approved,0.0,0
6000,68,29366.48,211,5,0.333,1,approved,1.0,1
6001,69,38513.46,153,3,0.288,2,approved,0.0,0
6002,47,18661.56,74,1,0.164,2,rejected,,0
6003,21,14892.28,69,4,0.402,2,rejected,,0
6004,47,19230.32,208,2,0.192,1,approved,1.0,1
6005,61,48953.01,54,3,0.259,1,approved,0.0,0
6006,49,37645.18,5,7,0.252,2,rejected,,0
6007,54,18477.83,109,5,0.303,0,rejected,,0
6008,29,40887.53,76,3,0.739,4,rejected,,0
6009,25,82992.02,225,2,0.404,1,approved,1.0,1
6010,50,54330.13,172,1,0.401,2,approved,1.0,1
6011,61,47494.14,73,1,0.559,1,rejected,,0
6012,65,49394.2,207,2,0.07,0,approved,1.0,1
6013,18,37245.01,166,2,0.469,1,approved,1.0,1
6014,56,61274.52,115,3,0.38,1,approved,1.0,1
6015,66,43282.83,116,3,0.075,0,approved,1.0,1
6016,19,52815.39,156,4,0.257,1,approved,1.0,1
6017,39,34511.61,106,1,0.447,4,rejected,,0
6018,65,20827.07,187,9,0.624,0,approved,1.0,1
6019,50,57827.36,228,0,0.443,4,approved,0.0,0
6020,48,44769.75,38,4,0.277,2,rejected,,0
6021,67,37072.17,1,2,0.264,1,rejected,,0
6022,45,35377.41,222,5,0.112,0,approved,1.0,1
6023,26,50214.35,235,1,0.042,1,approved,1.0,1
6024,48,97834.92,201,2,0.126,0,approved,1.0,1
6025,63,23353.0,19,1,0.405,0,rejected,,0
6026,18,31309.22,97,7,0.179,0,approved,0.0,0
6027,37,25698.58,214,6,0.106,4,approved,1.0,1
6028,24,49614.77,212,2,0.35,1,approved,1.0,1
6029,52,9291.86,38,2,0.533,0,rejected,,0
6030,27,94311.45,151,4,0.422,2,approved,1.0,1
6031,70,36946.32,185,5,0.358,5,approved,0.0,0
6032,50,32206.85,153,3,0.3,1,approved,0.0,0
6033,43,41083.76,39,4,0.17,2,rejected,,0
6034,72,59979.31,48,4,0.019,1,approved,1.0,1
6035,59,28540.11,172,3,0.388,1,approved,1.0,1
6036,52,39336.74,96,2,0.253,2,rejected,,1
6037,70,151707.49,92,3,0.342,2,approved,1.0,1
6038,46,25139.68,45,2,0.21,2,approved,0.0,0
6039,61,38567.48,122,1,0.264,1,approved,1.0,1
6040,19,59378.08,156,4,0.036,1,approved,1.0,1
6041,29,29501.14,150,5,0.243,1,approved,1.0,1
6042,60,35565.38,210,6,0.464,1,approved,1.0,1
6043,21,17915.44,230,4,0.066,1,approved,1.0,1
6044,66,16145.12,54,7,0.77,2,rejected,,0
6045,46,44357.84,90,2,0.185,2,approved,0.0,0
6046,28,18688.77,12,1,0.065,0,rejected,,0
6047,28,17443.3,89,3,0.228,2,rejected,,0
6048,53,24877.81,88,1,0.243,4,rejected,,1
6049,51,27636.01,9,5,0.281,0,rejected,,1
6050,54,75704.08,78,7,0.328,0,approved,0.0,0
6051,47,88076.6,34,1,0.565,2,rejected,,0
6052,69,62472.25,9,2,0.194,0,rejected,,1
6053,50,34035.12,17,0,0.115,0,rejected,,0
6054,18,66383.75,14,3,0.191,3,rejected,,1
6055,63,23705.06,173,4,0.25,2,approved,1.0,1
6056,41,40464.33,198,0,0.162,1,approved,1.0,1
6057,29,47646.19,166,6,0.094,2,approved,1.0,1
6058,50,36971.43,107,1,0.207,0,approved,1.0,1
6059,28,28349.54,204,6,0.466,2,approved,1.0,1
6060,48,36637.72,78,2,0.12,1,rejected,,1
6061,37,19255.54,168,3,0.138,2,approved,1.0,1
6062,37,39858.47,74,2,0.262,0,approved,1.0,1
6063,42,46987.88,0,3,0.393,0,rejected,,1
6064,70,57791.21,104,5,0.22,3,approved,0.0,0
6065,34,19333.17,113,2,0.246,1,rejected,,0
6066,61,43433.19,11,5,0.121,0,approved,1.0,1
6067,52,43218.77,21,5,0.318,1,rejected,,1
6068,26,51043.75,4,1,0.145,1,rejected,,0
6069,45,83129.98,230,4,0.277,3,approved,1.0,1
6070,53,35819.36,93,2,0.201,3,rejected,,0
6071,19,108615.95,93,1,0.376,1,approved,1.0,1
6072,40,45761.03,220,6,0.22,1,approved,1.0,1
6073,44,52074.12,184,4,0.123,1,approved,1.0,1
6074,51,47500.3,151,0,0.285,1,approved,1.0,1
6075,22,79422.94,151,2,0.154,1,approved,1.0,1
6076,50,52288.38,144,5,0.287,2,approved,1.0,1
6077,47,41640.89,121,2,0.137,3,approved,0.0,0
6078,61,17003.0,161,4,0.091,1,approved,1.0,1
6079,68,25744.55,12,5,0.273,0,approved,1.0,1
6080,69,38925.4,5,3,0.206,2,rejected,,1
6081,21,36493.65,209,3,0.211,0,approved,1.0,1
6082,52,40041.56,216,1,0.214,0,approved,1.0,1
6083,35,85116.62,99,3,0.482,2,approved,1.0,1
6084,47,14119.23,168,1,0.113,0,approved,0.0,0
6085,68,51661.52,232,2,0.626,1,approved,1.0,1
6086,34,19503.98,120,2,0.217,1,approved,1.0,1
6087,30,54553.25,0,2,0.226,1,rejected,,1
6088,64,59734.81,15,4,0.257,0,approved,1.0,1
6089,36,11704.59,187,2,0.272,2,approved,1.0,1
6090,73,60306.01,31,5,0.476,1,rejected,,0
6091,70,19257.98,236,1,0.035,3,approved,1.0,1
6092,36,55378.56,142,5,0.251,4,approved,0.0,0
6093,49,41254.1,88,1,0.402,0,approved,1.0,1
6094,37,45107.89,108,6,0.216,2,approved,1.0,1
6095,73,46633.42,85,2,0.257,6,rejected,,0
6096,34,15018.9,121,3,0.369,2,rejected,,1
6097,35,41516.27,227,1,0.561,2,approved,0.0,0
6098,74,12509.48,233,4,0.086,1,approved,1.0,1
6099,28,38919.35,224,5,0.11,1,approved,1.0,1
6100,24,31162.04,198,3,0.048,2,approved,0.0,0
6101,47,47650.92,67,3,0.288,0,approved,1.0,1
6102,56,90416.34,9,4,0.054,0,approved,1.0,1
6103,23,29426.5,194,4,0.142,1,approved,1.0,1
6104,50,52671.01,175,2,0.454,1,approved,1.0,1
6105,70,26124.61,225,2,0.187,1,approved,1.0,1
6106,58,34205.48,25,1,0.219,2,rejected,,0
6107,38,61779.13,27,3,0.151,1,approved,1.0,1
6108,59,22695.08,111,3,0.331,1,rejected,,1
6109,32,78912.1,80,3,0.285,2,approved,1.0,1
6110,63,12836.85,226,3,0.747,2,rejected,,1
6111,61,61974.55,78,4,0.214,2,approved,1.0,1
6112,58,36264.38,28,1,0.354,2,rejected,,0
6113,19,34414.75,41,3,0.137,1,rejected,,1
6114,28,31502.51,112,2,0.286,2,approved,1.0,1
6115,42,68258.64,43,5,0.259,0,approved,1.0,1
6116,63,57256.89,154,6,0.471,1,approved,0.0,0
6117,42,51466.85,69,0,0.258,2,rejected,,0
6118,53,26048.53,208,3,0.151,0,approved,1.0,1
6119,30,66911.84,55,6,0.549,0,rejected,,1
6120,72,65460.89,31,5,0.211,2,approved,1.0,1
6121,47,34954.6,142,4,0.258,0,approved,1.0,1
6122,25,74171.79,149,6,0.313,1,approved,1.0,1
6123,31,43531.73,180,8,0.212,1,approved,1.0,1
6124,37,19945.75,127,3,0.39,1,approved,0.0,0
6125,63,44147.25,171,1,0.321,1,approved,1.0,1
6126,25,41119.73,72,3,0.076,2,approved,1.0,1
6127,67,29479.15,65,3,0.475,0,rejected,,0
6128,58,25954.96,227,2,0.286,0,approved,1.0,1
6129,55,21439.53,158,2,0.229,2,approved,1.0,1
6130,72,26380.32,75,2,0.315,3,rejected,,1
6131,62,73993.64,3,4,0.234,0,approved,1.0,1
6132,19,68458.07,134,0,0.282,1,approved,1.0,1
6133,42,37165.38,42,2,0.244,0,approved,1.0,1
6134,44,25132.74,200,4,0.106,1,approved,0.0,0
6135,35,28399.22,39,2,0.212,0,rejected,,1
6136,61,46184.3,20,2,0.64,1,rejected,,1
6137,53,47809.8,23,1,0.261,1,approved,0.0,0
6138,31,78462.52,129,4,0.111,0,approved,1.0,1
6139,44,34548.71,180,4,0.169,2,approved,1.0,1
6140,30,17462.06,66,4,0.125,0,approved,1.0,1
6141,42,61279.02,168,4,0.327,0,approved,1.0,1
6142,28,59328.59,191,1,0.344,1,approved,1.0,1
6143,52,35758.26,156,1,0.376,0,approved,1.0,1
6144,27,43789.38,100,2,0.257,0,approved,1.0,1
6145,56,21783.08,100,3,0.309,1,rejected,,1
6146,24,24370.09,165,3,0.172,2,approved,1.0,1
6147,33,72093.84,169,2,0.201,2,approved,1.0,1
6148,61,35960.84,25,0,0.121,0,rejected,,0
6149,44,42230.34,144,3,0.387,1,approved,0.0,0
6150,34,22780.15,109,3,0.133,2,approved,1.0,1
6151,19,49785.05,94,4,0.256,1,approved,0.0,0
6152,41,27237.36,64,4,0.327,3,rejected,,1
6153,49,52523.32,119,4,0.412,3,rejected,,1
6154,58,46692.97,184,4,0.142,0,approved,0.0,0
6155,27,26499.58,38,3,0.098,0,approved,0.0,0
6156,50,41680.39,37,3,0.686,2,rejected,,0
6157,36,18521.17,87,6,0.225,1,rejected,,0
6158,61,13000.16,104,4,0.484,4,rejected,,0
6159,24,49383.0,176,2,0.395,1,approved,1.0,1
6160,18,35946.09,132,3,0.354,1,approved,1.0,1
6161,73,46655.64,38,3,0.163,2,rejected,,0
6162,34,37130.37,34,1,0.398,2,approved,0.0,0
6163,37,27649.44,119,5,0.714,1,rejected,,0
6164,28,45335.73,226,2,0.288,0,approved,1.0,1
6165,40,31995.6,9,0,0.164,0,approved,0.0,0
6166,18,62746.79,204,7,0.278,1,approved,1.0,1
6167,45,57386.77,168,3,0.119,0,approved,1.0,1
6168,49,36560.94,99,2,0.191,1,rejected,,1
6169,18,22769.46,141,6,0.463,2,rejected,,1
6170,18,43833.6,177,1,0.297,0,approved,1.0,1
6171,61,65150.41,228,6,0.327,0,approved,1.0,1
6172,73,92087.88,211,5,0.517,1,approved,1.0,1
6173,20,13261.99,113,1,0.537,3,approved,1.0,1
6174,47,90168.9,104,3,0.095,1,approved,0.0,0
6175,71,38565.69,0,4,0.477,0,rejected,,1
6176,25,38099.65,169,3,0.449,0,approved,1.0,1
6177,67,62544.0,112,2,0.025,0,approved,1.0,1
6178,56,32742.67,128,3,0.229,0,rejected,,1
6179,41,29847.5,58,7,0.017,2,rejected,,0
6180,58,27408.83,74,2,0.33,2,rejected,,0
6181,44,56642.52,70,1,0.27,0,approved,1.0,1
6182,45,39027.24,76,5,0.011,2,approved,0.0,0
6183,55,59471.11,137,4,0.471,2,approved,1.0,1
6184,56,29908.58,4,2,0.017,2,rejected,,0
6185,40,28949.11,163,0,0.288,0,approved,1.0,1
6186,40,32091.97,143,2,0.23,1,approved,1.0,1
6187,32,22790.55,136,2,0.26,0,approved,1.0,1
6188,51,88766.11,228,6,0.028,0,approved,1.0,1
6189,21,57485.28,27,4,0.218,1,rejected,,1
6190,63,90737.44,190,2,0.175,0,approved,1.0,1
6191,67,31877.23,112,4,0.175,4,rejected,,0
6192,41,19774.85,192,2,0.427,1,approved,0.0,0
6193,26,24646.34,23,3,0.045,2,rejected,,0
6194,37,31310.91,53,1,0.568,3,rejected,,0
6195,62,87300.25,171,5,0.359,3,approved,1.0,1
6196,47,20528.02,41,2,0.515,0,rejected,,0
6197,42,31786.19,53,2,0.441,1,approved,1.0,1
6198,67,63386.87,55,2,0.053,1,approved,1.0,1
6199,18,52880.28,129,2,0.066,1,approved,1.0,1
6200,39,63249.19,79,4,0.501,1,approved,0.0,0
6201,36,64516.53,212,3,0.359,0,approved,0.0,0
6202,38,23506.05,228,3,0.65,0,approved,1.0,1
6203,74,60095.38,35,1,0.47,1,approved,1.0,1
6204,23,31839.91,163,4,0.243,0,approved,1.0,1
6205,70,49534.29,219,3,0.423,0,approved,1.0,1
6206,21,115284.34,13,0,0.106,1,rejected,,0
6207,50,24550.58,45,4,0.361,3,rejected,,0
6208,54,42177.13,7,3,0.261,3,rejected,,0
6209,69,30303.3,36,3,0.179,3,rejected,,1
6210,64,100910.69,201,1,0.43,1,approved,1.0,1
6211,43,42803.97,123,3,0.113,1,approved,1.0,1
6212,52,26399.48,139,4,0.279,1,approved,1.0,1
6213,21,39905.33,210,2,0.258,0,approved,1.0,1
6214,58,31232.39,213,4,0.266,0,approved,1.0,1
6215,22,46310.11,16,0,0.298,1,approved,0.0,0
6216,42,19763.88,31,2,0.288,0,rejected,,1
6217,35,31309.87,154,5,0.497,1,approved,1.0,1
6218,61,44953.59,10,1,0.124,2,rejected,,0
6219,18,43689.19,177,3,0.254,1,approved,0.0,0
6220,50,15351.56,219,4,0.103,4,approved,1.0,1
6221,37,16568.73,193,6,0.519,1,approved,0.0,0
6222,22,25884.05,215,3,0.113,2,approved,1.0,1
6223,60,71051.43,172,1,0.497,2,approved,1.0,1
6224,27,67025.86,189,2,0.197,1,approved,1.0,1
6225,45,81804.27,2,2,0.573,1,rejected,,1
6226,23,30393.41,144,2,0.392,1,rejected,,1
6227,32,16532.57,3,6,0.392,2,rejected,,1
6228,20,60637.11,143,2,0.22,0,approved,0.0,0
6229,50,43240.14,156,1,0.457,2,approved,0.0,0
6230,38,11841.45,76,3,0.502,5,rejected,,0
6231,38,18787.59,174,0,0.189,1,approved,1.0,1
6232,35,21600.64,103,7,0.127,1,approved,0.0,0
6233,40,39339.61,78,3,0.427,1,rejected,,1
6234,19,30853.27,22,2,0.613,1,rejected,,0
6235,32,37421.21,107,0,0.245,3,rejected,,1
6236,38,43526.33,155,6,0.342,1,approved,1.0,1
6237,40,28019.35,216,2,0.324,2,approved,1.0,1
6238,38,73282.4,137,2,0.081,0,approved,1.0,1
6239,54,31815.84,119,4,0.325,1,approved,1.0,1
6240,57,62945.89,81,2,0.265,0,approved,0.0,0
6241,32,47074.71,118,0,0.532,0,approved,0.0,0
6242,20,12035.61,210,7,0.126,0,approved,1.0,1
6243,30,32922.86,199,0,0.142,2,approved,0.0,0
6244,34,35635.41,214,1,0.409,1,approved,1.0,1
6245,57,43854.24,43,2,0.206,0,approved,1.0,1
6246,69,34501.73,116,9,0.086,1,approved,0.0,0
6247,48,39017.76,7,1,0.242,3,rejected,,0
6248,36,35484.66,149,5,0.35,2,approved,0.0,0
6249,49,37749.47,116,5,0.332,0,approved,1.0,1
6250,70,36761.16,88,3,0.576,2,rejected,,1
6251,61,25349.6,115,1,0.276,3,rejected,,1
6252,38,31404.67,149,3,0.192,3,approved,0.0,0
6253,43,16095.31,112,2,0.243,0,approved,0.0,0
6254,50,50295.24,121,3,0.297,2,rejected,,1
6255,22,25158.4,236,2,0.094,2,approved,1.0,1
6256,39,93503.24,23,2,0.384,1,approved,0.0,0
6257,44,50663.7,179,5,0.043,1,approved,1.0,1
6258,64,18349.37,173,4,0.185,0,approved,1.0,1
6259,41,25139.37,57,2,0.523,0,rejected,,0
6260,57,34862.02,212,4,0.341,3,approved,1.0,1
6261,50,81419.16,24,1,0.221,2,approved,0.0,0
6262,66,57151.69,28,4,0.339,0,approved,0.0,0
6263,35,20314.08,63,4,0.29,2,approved,0.0,0
6264,18,16973.0,52,3,0.192,2,approved,0.0,0
6265,33,20857.05,123,3,0.451,0,approved,1.0,1
6266,29,10702.26,61,6,0.194,1,rejected,,0
6267,49,41240.86,53,3,0.39,2,rejected,,1
6268,42,29672.66,63,12,0.113,2,approved,1.0,1
6269,74,38498.2,227,4,0.135,0,approved,1.0,1
6270,55,42104.77,216,7,0.211,3,approved,1.0,1
6271,62,34501.99,122,3,0.23,2,rejected,,1
6272,53,17350.88,11,6,0.3,0,rejected,,1
6273,32,25198.86,119,2,0.129,0,approved,0.0,0
6274,68,33976.29,4,3,0.498,2,rejected,,0
6275,54,22855.85,170,8,0.124,0,approved,1.0,1
6276,62,42739.48,230,4,0.282,1,approved,1.0,1
6277,28,35810.89,177,4,0.116,2,approved,1.0,1
6278,34,58647.38,75,5,0.58,0,approved,0.0,0
6279,56,54578.57,113,2,0.036,2,approved,1.0,1
6280,54,17927.16,138,4,0.419,2,approved,0.0,0
6281,41,31939.79,210,2,0.26,2,approved,1.0,1
6282,62,38985.94,164,4,0.578,1,approved,1.0,1
6283,34,100318.46,169,2,0.212,0,approved,1.0,1
6284,70,19510.27,225,2,0.382,1,approved,1.0,1
6285,58,43331.33,179,4,0.29,0,approved,1.0,1
6286,72,47705.13,127,4,0.389,1,approved,1.0,1
6287,23,38229.33,61,3,0.093,1,approved,1.0,1
6288,26,43794.34,45,5,0.368,0,approved,1.0,1
6289,23,48015.4,169,3,0.274,2,approved,1.0,1
6290,50,49308.79,70,2,0.234,4,rejected,,0
6291,71,31823.14,103,2,0.461,3,rejected,,0
6292,59,40811.45,112,2,0.08,0,approved,1.0,1
6293,43,25423.32,103,2,0.375,0,approved,1.0,1
6294,38,42504.05,199,4,0.038,4,rejected,,1
6295,19,64998.1,192,4,0.157,0,approved,1.0,1
6296,61,88129.22,106,4,0.127,1,approved,1.0,1
6297,27,63574.1,28,4,0.13,1,approved,1.0,1
6298,73,42882.56,87,2,0.413,0,approved,0.0,0
6299,74,51610.96,156,4,0.16,0,approved,1.0,1
6300,57,29513.65,225,3,0.196,2,approved,1.0,1
6301,33,16809.02,160,5,0.19,4,rejected,,0
6302,71,85524.3,104,6,0.465,0,approved,1.0,1
6303,30,30871.33,141,4,0.382,0,approved,1.0,1
6304,64,19454.92,195,1,0.17,2,approved,1.0,1
6305,63,47165.2,199,3,0.556,2,approved,0.0,0
6306,26,21811.11,61,4,0.226,1,rejected,,0
6307,58,22670.22,125,9,0.154,0,approved,0.0,0
6308,38,42999.37,5,3,0.292,1,rejected,,1
6309,69,13569.62,182,3,0.048,1,approved,1.0,1
6310,41,41105.08,103,3,0.131,1,approved,1.0,1
6311,59,31529.17,169,3,0.488,0,approved,1.0,1
6312,28,21526.02,112,0,0.142,1,approved,1.0,1
6313,18,15718.0,21,3,0.116,4,rejected,,0
6314,56,12791.4,26,1,0.497,2,rejected,,0
6315,33,42960.75,44,4,0.339,1,rejected,,0
6316,72,26893.63,188,1,0.177,0,approved,1.0,1
6317,29,37165.34,4,3,0.278,1,rejected,,0
6318,24,45618.9,233,3,0.303,1,approved,1.0,1
6319,22,40831.84,86,4,0.597,1,rejected,,1
6320,69,32934.8,117,4,0.435,0,approved,1.0,1
6321,36,166225.12,108,3,0.084,2,approved,1.0,1
6322,39,32579.44,48,2,0.05,2,rejected,,1
6323,40,29630.35,171,2,0.199,0,approved,1.0,1
6324,43,134354.36,19,4,0.307,1,approved,0.0,0
6325,61,25424.83,107,3,0.287,1,approved,0.0,0
6326,45,66671.15,68,3,0.212,0,approved,1.0,1
6327,31,81968.0,165,3,0.319,4,approved,1.0,1
6328,69,27208.85,23,1,0.425,1,rejected,,0
6329,42,25810.56,78,1,0.515,2,approved,0.0,0
6330,59,62640.38,237,1,0.412,0,approved,1.0,1
6331,47,35769.16,184,4,0.265,1,approved,1.0,1
6332,22,22254.81,47,2,0.052,2,approved,1.0,1
6333,42,84022.49,16,4,0.055,0,rejected,,1
6334,41,15203.81,18,3,0.317,1,rejected,,0
6335,70,26559.44,90,5,0.339,0,approved,1.0,1
6336,66,40383.57,34,0,0.532,0,rejected,,1
6337,62,39975.79,207,4,0.409,2,approved,1.0,1
6338,56,28619.47,114,4,0.605,0,rejected,,0
6339,39,34390.09,158,1,0.308,2,approved,0.0,0
6340,40,59734.78,178,6,0.201,0,approved,1.0,1
6341,45,36763.89,78,3,0.517,5,rejected,,0
6342,69,28613.55,67,4,0.303,2,rejected,,0
6343,74,24985.5,189,2,0.04,2,approved,1.0,1
6344,54,32264.3,71,2,0.178,0,approved,1.0,1
6345,18,118240.15,14,2,0.346,1,approved,1.0,1
6346,26,56659.53,74,5,0.205,1,approved,0.0,0
6347,74,34528.52,127,2,0.143,0,approved,1.0,1
6348,37,42015.81,128,4,0.109,1,approved,1.0,1
6349,66,43437.76,185,1,0.141,0,approved,1.0,1
6350,50,35935.24,63,4,0.093,0,approved,1.0,1
6351,60,49212.39,121,0,0.198,1,approved,1.0,1
6352,47,37484.29,119,3,0.147,3,approved,1.0,1
6353,37,26463.34,3,0,0.137,2,rejected,,0
6354,54,44591.65,170,2,0.351,1,approved,1.0,1
6355,33,48537.47,111,5,0.219,2,approved,1.0,1
6356,39,50875.14,202,5,0.761,2,approved,0.0,0
6357,51,90077.5,99,4,0.26,1,approved,1.0,1
6358,42,32872.01,34,3,0.125,2,rejected,,0
6359,41,22447.58,235,2,0.557,0,approved,1.0,1
6360,72,37589.62,107,4,0.14,2,approved,1.0,1
6361,72,58015.73,24,4,0.305,0,approved,1.0,1
6362,49,54640.49,69,1,0.436,0,approved,1.0,1
6363,47,27982.98,182,1,0.175,0,approved,1.0,1
6364,71,87243.2,166,3,0.648,1,approved,1.0,1
6365,74,35994.29,7,3,0.192,0,rejected,,1
6366,63,50004.4,38,4,0.218,1,approved,0.0,0
6367,35,30206.71,18,2,0.289,1,rejected,,0
6368,39,27751.75,205,2,0.079,0,approved,1.0,1
6369,44,26427.91,230,4,0.154,0,approved,1.0,1
6370,48,45843.84,25,6,0.389,3,rejected,,1
6371,74,40797.76,175,5,0.065,3,approved,1.0,1
6372,65,15546.59,100,3,0.391,1,approved,0.0,0
6373,49,34282.0,236,4,0.176,3,approved,1.0,1
6374,72,29086.67,170,3,0.071,1,approved,1.0,1
6375,53,31483.27,34,1,0.576,0,rejected,,0
6376,52,40041.63,92,4,0.536,2,rejected,,0
6377,33,46254.21,24,3,0.094,3,rejected,,0
6378,72,29468.11,191,1,0.297,0,approved,0.0,0
6379,27,65618.19,57,4,0.209,0,approved,1.0,1
6380,19,28791.38,151,4,0.491,0,approved,1.0,1
6381,18,38092.64,121,4,0.076,3,approved,0.0,0
6382,36,36793.66,13,5,0.68,2,rejected,,0
6383,27,20978.88,121,5,0.752,1,approved,0.0,0
6384,58,49046.96,212,2,0.277,2,approved,1.0,1
6385,27,71899.15,200,3,0.219,3,approved,1.0,1
6386,21,31611.72,101,3,0.533,2,rejected,,0
6387,62,72675.19,57,4,0.22,2,approved,1.0,1
6388,51,50447.96,180,2,0.266,0,approved,1.0,1
6389,70,19791.49,153,1,0.173,0,approved,1.0,1
6390,38,66655.11,199,1,0.278,0,approved,1.0,1
6391,44,49129.22,179,6,0.059,2,approved,1.0,1
6392,58,52324.03,48,3,0.446,2,approved,1.0,1
6393,49,36830.12,5,2,0.251,1,approved,0.0,0
6394,18,24293.57,48,2,0.372,2,approved,1.0,1
6395,38,27327.87,117,2,0.233,3,rejected,,0
6396,26,19704.06,12,4,0.156,1,rejected,,0
6397,60,19764.09,238,6,0.339,0,approved,0.0,0
6398,71,12870.7,71,2,0.366,4,rejected,,0
6399,38,56086.22,100,3,0.408,2,approved,1.0,1
6400,28,74285.84,182,3,0.191,1,approved,1.0,1
6401,61,26890.41,81,4,0.308,3,rejected,,0
6402,67,31416.17,212,1,0.416,3,approved,0.0,0
6403,69,44009.31,190,1,0.332,0,approved,1.0,1
6404,27,60983.3,239,1,0.356,2,approved,1.0,1
6405,27,33639.23,186,4,0.137,1,approved,1.0,1
6406,42,46078.13,218,1,0.345,1,approved,0.0,0
6407,22,60789.94,74,2,0.279,2,rejected,,1
6408,28,27103.01,135,1,0.625,3,rejected,,1
6409,46,36360.18,202,7,0.259,0,approved,0.0,0
6410,55,22461.14,117,2,0.115,0,approved,1.0,1
6411,34,41796.51,206,4,0.319,2,rejected,,1
6412,68,11027.66,214,1,0.172,0,approved,0.0,0
6413,39,27451.84,225,0,0.11,1,approved,1.0,1
6414,26,30051.78,64,1,0.4,2,approved,1.0,1
6415,28,19547.04,17,1,0.243,2,rejected,,0
6416,28,40433.07,228,1,0.432,4,approved,1.0,1
6417,36,21734.66,213,2,0.486,3,approved,0.0,0
6418,20,23985.47,44,3,0.29,2,approved,0.0,0
6419,72,34490.98,105,4,0.225,0,approved,1.0,1
6420,59,31450.44,128,5,0.406,0,approved,1.0,1
6421,35,64744.77,141,2,0.244,2,approved,1.0,1
6422,40,54659.11,163,1,0.389,0,approved,1.0,1
6423,68,22603.8,204,3,0.151,3,approved,0.0,0
6424,27,30299.03,76,6,0.715,0,rejected,,0
6425,53,29300.55,181,0,0.529,3,rejected,,1
6426,60,27435.13,194,1,0.244,0,approved,1.0,1
6427,27,53274.12,167,1,0.277,1,approved,1.0,1
6428,59,13844.56,186,1,0.234,1,approved,1.0,1
6429,35,46743.11,63,8,0.393,1,rejected,,1
6430,31,26994.09,170,1,0.478,2,approved,1.0,1
6431,56,19464.85,230,1,0.079,2,approved,1.0,1
6432,23,27482.32,52,4,0.114,0,approved,0.0,0
6433,64,50395.88,177,1,0.261,4,rejected,,1
6434,19,37314.11,41,7,0.259,2,rejected,,1
6435,37,21650.04,68,6,0.269,0,rejected,,0
6436,66,22865.61,47,1,0.469,0,approved,1.0,1
6437,21,57856.19,217,4,0.365,2,approved,1.0,1
6438,21,48605.13,125,5,0.071,0,approved,1.0,1
6439,41,25035.83,141,6,0.315,0,approved,1.0,1
6440,55,31092.53,236,2,0.129,0,approved,1.0,1
6441,31,20656.4,121,4,0.243,0,approved,1.0,1
6442,69,61501.87,192,2,0.118,0,approved,1.0,1
6443,30,24582.27,141,2,0.36,1,approved,1.0,1
6444,46,41230.19,151,4,0.349,1,approved,1.0,1
6445,24,18110.24,121,2,0.225,1,approved,0.0,0
6446,46,41493.54,35,3,0.106,1,approved,1.0,1
6447,18,34173.84,112,1,0.277,0,approved,1.0,1
6448,38,35933.42,222,4,0.491,0,approved,1.0,1
6449,24,66971.66,130,3,0.137,1,approved,1.0,1
6450,33,78608.9,114,1,0.172,1,approved,1.0,1
6451,62,85203.48,103,5,0.109,3,rejected,,1
6452,26,56339.51,172,4,0.273,1,approved,1.0,1
6453,56,24545.5,204,5,0.083,0,approved,1.0,1
6454,51,45598.3,123,3,0.345,1,approved,1.0,1
6455,30,16595.08,57,1,0.267,3,rejected,,0
6456,21,67766.52,196,5,0.07,4,approved,1.0,1
6457,72,46257.78,224,2,0.289,0,approved,1.0,1
6458,23,40021.74,204,5,0.131,2,approved,1.0,1
6459,40,80927.9,197,2,0.203,1,approved,1.0,1
6460,45,88574.71,37,5,0.083,0,approved,1.0,1
6461,32,36844.12,168,3,0.42,0,approved,1.0,1
6462,24,47834.79,217,4,0.391,2,approved,1.0,1
6463,18,42556.6,6,2,0.133,2,rejected,,1
6464,26,22301.57,75,2,0.269,2,rejected,,0
6465,46,24761.29,169,3,0.364,0,approved,1.0,1
6466,69,12546.42,4,4,0.525,2,rejected,,0
6467,52,17286.43,8,1,0.28,2,rejected,,0
6468,68,47084.72,206,4,0.353,0,approved,1.0,1
6469,18,36330.19,196,5,0.255,3,approved,0.0,0
6470,44,40205.91,79,2,0.209,0,approved,0.0,0
6471,46,24100.89,230,1,0.15,2,approved,0.0,0
6472,24,34203.59,95,3,0.331,0,approved,1.0,1
6473,22,43719.04,208,8,0.371,0,approved,1.0,1
6474,20,26886.95,81,4,0.34,0,rejected,,0
6475,31,52244.55,10,0,0.231,1,rejected,,1
6476,21,41454.11,217,5,0.337,2,approved,1.0,1
6477,37,70076.84,149,5,0.458,1,approved,1.0,1
6478,36,29489.58,130,4,0.042,1,approved,1.0,1
6479,40,67672.23,22,4,0.114,4,rejected,,0
6480,66,44212.48,147,1,0.114,1,approved,0.0,0
6481,40,33384.55,87,0,0.308,2,rejected,,0
6482,37,41631.82,235,3,0.109,3,approved,1.0,1
6483,55,27991.89,159,4,0.395,0,approved,1.0,1
6484,23,21537.27,111,2,0.293,0,approved,1.0,1
6485,28,42779.54,197,0,0.047,1,approved,1.0,1
6486,23,27304.53,218,7,0.302,1,approved,1.0,1
6487,18,42574.22,118,2,0.037,0,approved,0.0,0
6488,49,76689.08,7,2,0.078,2,approved,1.0,1
6489,39,28937.47,31,3,0.212,4,rejected,,0
6490,42,21494.64,196,1,0.523,2,rejected,,0
6491,44,64310.07,194,4,0.388,3,approved,1.0,1
6492,28,43835.74,167,1,0.352,1,approved,1.0,1
6493,34,31671.44,36,8,0.219,4,rejected,,0
6494,66,36613.57,151,5,0.176,0,approved,1.0,1
6495,72,43651.2,120,7,0.108,1,approved,1.0,1
6496,48,102292.34,70,4,0.425,0,approved,0.0,0
6497,33,27888.33,130,3,0.172,2,approved,0.0,0
6498,74,86938.93,64,2,0.064,1,approved,1.0,1
6499,44,35239.03,163,5,0.13,2,approved,0.0,0
6500,34,21491.15,135,3,0.089,2,approved,0.0,0
6501,67,34948.68,32,3,0.245,0,rejected,,1
6502,22,61404.68,94,3,0.315,1,rejected,,0
6503,26,35260.1,38,5,0.19,0,approved,0.0,0
6504,44,27738.83,41,6,0.179,3,rejected,,0
6505,18,143939.79,167,6,0.266,0,approved,1.0,1
6506,44,15781.21,221,6,0.021,2,approved,1.0,1
6507,49,23897.88,189,3,0.039,1,approved,1.0,1
6508,35,62340.16,224,8,0.035,3,approved,1.0,1
6509,74,37417.48,165,2,0.402,1,approved,1.0,1
6510,22,23755.02,21,2,0.584,2,rejected,,0
6511,59,17772.66,124,3,0.215,1,approved,1.0,1
6512,42,60851.51,5,3,0.085,1,rejected,,1
6513,60,19128.85,139,3,0.334,2,approved,1.0,1
6514,71,39586.16,221,3,0.322,0,approved,1.0,1
6515,39,61288.26,62,3,0.264,0,approved,1.0,1
6516,50,16610.92,51,3,0.285,1,rejected,,1
6517,65,64662.35,232,5,0.118,1,approved,1.0,1
6518,58,27667.56,87,6,0.201,1,rejected,,0
6519,26,23509.21,170,2,0.298,2,approved,0.0,0
6520,50,34109.7,132,2,0.436,2,approved,0.0,0
6521,71,18940.96,79,2,0.567,0,rejected,,0
6522,69,44822.8,61,1,0.46,3,rejected,,0
6523,43,41775.73,203,2,0.196,1,approved,1.0,1
6524,41,47979.65,66,1,0.215,1,approved,1.0,1
6525,63,59967.69,135,0,0.365,0,approved,1.0,1
6526,22,34247.09,34,4,0.081,4,rejected,,1
6527,72,33410.32,52,6,0.429,0,approved,0.0,0
6528,48,22496.0,55,1,0.349,1,rejected,,1
6529,56,48645.48,199,4,0.032,1,approved,1.0,1
6530,70,27908.16,197,2,0.165,2,approved,1.0,1
6531,73,28443.25,111,0,0.672,2,rejected,,1
6532,59,23172.56,19,1,0.425,1,rejected,,0
6533,57,30537.18,234,2,0.132,1,approved,1.0,1
6534,51,29062.03,10,0,0.144,2,rejected,,0
6535,74,17628.44,211,4,0.272,1,approved,0.0,0
6536,29,15281.75,229,3,0.093,0,approved,1.0,1
6537,55,25995.32,49,2,0.662,1,rejected,,0
6538,47,40346.67,52,4,0.219,3,rejected,,0
6539,53,43644.91,29,3,0.071,1,approved,0.0,0
6540,18,19527.48,130,3,0.239,2,approved,1.0,1
6541,49,42663.79,23,8,0.33,1,rejected,,0
6542,32,32276.24,172,2,0.166,0,approved,1.0,1
6543,25,56264.61,70,0,0.348,2,approved,0.0,0
6544,53,27307.6,184,5,0.381,0,approved,0.0,0
6545,40,75380.24,229,3,0.42,2,approved,1.0,1
6546,20,29623.71,154,4,0.094,1,approved,1.0,1
6547,19,34020.97,129,3,0.218,1,approved,1.0,1
6548,65,17373.54,200,6,0.131,0,approved,1.0,1
6549,42,42904.82,199,3,0.499,1,approved,0.0,0
6550,67,28686.21,233,4,0.049,2,approved,0.0,0
6551,42,15801.98,171,1,0.4,2,approved,0.0,0
6552,19,40669.04,56,7,0.048,0,approved,1.0,1
6553,65,36787.28,37,2,0.402,2,approved,1.0,1
6554,51,35721.17,195,4,0.53,1,approved,1.0,1
6555,19,88805.84,202,2,0.061,1,approved,1.0,1
6556,45,17768.32,152,2,0.388,3,approved,1.0,1
6557,28,78175.69,233,5,0.558,1,approved,1.0,1
6558,69,83937.36,207,4,0.149,1,approved,1.0,1
6559,42,9743.13,22,2,0.31,0,approved,1.0,1
6560,48,26388.55,31,2,0.075,1,approved,1.0,1
6561,62,57330.85,115,1,0.522,1,rejected,,0
6562,22,30662.32,90,2,0.365,3,rejected,,1
6563,22,12182.72,205,3,0.148,1,approved,1.0,1
6564,19,30389.12,180,4,0.079,0,approved,1.0,1
6565,39,58571.98,158,4,0.567,2,approved,0.0,0
6566,53,83675.52,29,6,0.124,0,approved,1.0,1
6567,18,29664.17,171,2,0.595,2,approved,1.0,1
6568,54,86532.07,236,4,0.132,0,approved,1.0,1
6569,74,64407.63,224,2,0.28,0,approved,1.0,1
6570,55,22550.18,48,4,0.134,2,approved,0.0,0
6571,61,52788.87,103,5,0.541,0,approved,1.0,1
6572,33,54902.06,59,7,0.095,0,approved,1.0,1
6573,19,30603.66,182,5,0.346,2,approved,0.0,0
6574,64,31134.22,30,4,0.32,1,rejected,,0
6575,41,46202.18,24,2,0.073,2,rejected,,0
6576,33,56833.45,204,3,0.43,2,approved,1.0,1
6577,22,30072.4,123,2,0.299,1,approved,1.0,1
6578,74,60464.69,205,2,0.37,2,approved,1.0,1
6579,68,71453.42,67,2,0.157,1,approved,0.0,0
6580,59,21798.9,55,0,0.4,1,rejected,,0
6581,57,46866.6,231,3,0.104,1,approved,1.0,1
6582,24,33561.15,76,1,0.237,0,approved,0.0,0
6583,43,24086.99,74,1,0.296,2,rejected,,0
6584,18,54691.75,113,3,0.239,3,rejected,,1
6585,73,15947.72,231,2,0.369,2,approved,0.0,0
6586,38,33791.7,16,3,0.208,0,approved,0.0,0
6587,64,156894.55,141,1,0.183,2,approved,1.0,1
6588,31,24178.68,148,5,0.171,0,approved,1.0,1
6589,57,42004.4,183,5,0.123,1,approved,1.0,1
6590,45,14628.7,200,2,0.313,1,approved,0.0,0
6591,49,23469.63,131,4,0.657,2,rejected,,0
6592,37,54720.2,182,3,0.077,0,approved,1.0,1
6593,47,47885.19,170,2,0.721,1,approved,0.0,0
6594,51,23490.98,47,2,0.242,0,approved,0.0,0
6595,48,17473.16,235,1,0.247,0,approved,1.0,1
6596,62,74078.58,223,4,0.342,1,approved,1.0,1
6597,29,45058.45,151,7,0.292,0,approved,1.0,1
6598,36,32404.71,108,3,0.212,0,approved,0.0,0
6599,51,32890.29,237,5,0.327,1,approved,1.0,1
6600,44,21751.24,52,4,0.17,1,rejected,,0
6601,48,16113.3,111,1,0.309,0,approved,1.0,1
6602,20,58049.39,166,1,0.094,1,approved,0.0,0
6603,52,52215.19,91,4,0.067,1,approved,0.0,0
6604,43,34510.03,26,3,0.396,0,rejected,,1
6605,36,17233.84,95,4,0.221,1,approved,1.0,1
6606,38,28216.51,79,3,0.197,0,approved,1.0,1
6607,32,34014.39,188,0,0.194,1,approved,1.0,1
6608,49,36250.4,194,1,0.023,1,approved,1.0,1
6609,32,52867.02,222,2,0.159,3,approved,0.0,0
6610,20,37559.33,77,1,0.049,0,approved,1.0,1
6611,27,120769.31,41,5,0.538,0,approved,0.0,0
6612,28,37857.21,149,2,0.257,2,approved,0.0,0
6613,37,30470.55,84,2,0.222,2,rejected,,1
6614,37,37426.69,158,4,0.176,0,approved,1.0,1
6615,27,20516.88,100,4,0.18,2,approved,1.0,1
6616,41,48106.19,93,3,0.316,0,approved,1.0,1
6617,33,41494.19,160,6,0.015,4,rejected,,1
6618,23,41327.85,197,3,0.343,0,approved,1.0,1
6619,26,46599.51,94,5,0.511,1,rejected,,0
6620,68,23525.95,153,7,0.218,1,approved,1.0,1
6621,68,40661.77,106,4,0.189,1,approved,1.0,1
6622,46,34725.14,10,5,0.316,0,rejected,,0
6623,32,26368.88,192,9,0.175,0,approved,1.0,1
6624,72,30579.36,171,2,0.332,2,approved,1.0,1
6625,38,25535.33,57,2,0.303,3,rejected,,0
6626,29,75374.87,65,2,0.061,0,approved,1.0,1
6627,73,62360.09,153,2,0.472,0,approved,1.0,1
6628,48,33027.73,199,2,0.422,1,approved,0.0,0
6629,18,17285.74,50,0,0.836,2,rejected,,0
6630,42,36089.19,219,1,0.782,4,approved,0.0,0
6631,72,23259.9,153,1,0.394,0,approved,1.0,1
6632,23,29094.16,161,5,0.387,0,approved,1.0,1
6633,60,42514.28,101,3,0.438,0,rejected,,1
6634,59,34530.69,199,2,0.172,0,approved,0.0,0
6635,73,47908.52,94,3,0.111,2,approved,1.0,1
6636,43,28292.52,223,4,0.171,3,approved,0.0,0
6637,29,28711.9,10,1,0.127,0,rejected,,1
6638,65,49677.65,77,0,0.301,2,rejected,,1
6639,65,12507.54,64,3,0.179,4,rejected,,0
6640,48,177628.75,19,4,0.222,1,approved,1.0,1
6641,34,30079.41,139,3,0.582,0,approved,1.0,1
6642,66,28459.98,39,2,0.087,2,rejected,,0
6643,56,15943.51,233,1,0.241,2,approved,1.0,1
6644,64,34231.69,148,3,0.386,1,rejected,,1
6645,56,34725.99,9,7,0.065,0,approved,1.0,1
6646,27,24881.23,125,8,0.243,3,approved,1.0,1
6647,37,48333.84,65,2,0.242,1,approved,0.0,0
6648,37,28071.26,187,1,0.183,0,approved,1.0,1
6649,32,49280.8,171,5,0.181,2,approved,1.0,1
6650,39,44806.0,33,2,0.361,3,rejected,,0
6651,22,34815.09,145,4,0.454,2,approved,0.0,0
6652,56,16635.93,81,5,0.376,0,approved,1.0,1
6653,66,40324.61,78,3,0.025,2,approved,0.0,0
6654,56,26442.51,92,4,0.547,0,rejected,,0
6655,49,89722.74,80,0,0.152,1,approved,1.0,1
6656,30,31923.18,151,2,0.379,0,approved,1.0,1
6657,64,44904.9,139,2,0.387,0,approved,0.0,0
6658,68,31734.58,18,1,0.274,0,rejected,,1
6659,63,27639.53,43,0,0.169,1,rejected,,0
6660,41,20782.92,59,4,0.072,0,approved,1.0,1
6661,42,23448.6,172,4,0.038,0,approved,0.0,0
6662,59,32373.48,204,4,0.075,0,approved,1.0,1
6663,39,42980.2,168,1,0.234,3,approved,1.0,1
6664,73,40530.44,174,1,0.144,1,approved,1.0,1
6665,58,63932.33,166,0,0.332,0,approved,1.0,1
6666,27,28327.06,195,3,0.063,2,approved,1.0,1
6667,64,42042.13,135,1,0.116,0,approved,0.0,0
6668,69,31539.63,184,1,0.441,1,approved,1.0,1
6669,40,52322.05,71,5,0.027,2,rejected,,1
6670,48,37041.4,75,3,0.199,3,rejected,,0
6671,21,41388.99,41,2,0.499,1,approved,0.0,0
6672,54,29251.44,29,1,0.269,0,rejected,,0
6673,57,48647.19,180,2,0.616,0,approved,1.0,1
6674,39,54168.21,204,1,0.172,2,approved,1.0,1
6675,20,47347.4,42,6,0.324,1,approved,0.0,0
6676,68,23645.78,143,2,0.525,1,rejected,,1
6677,36,20114.61,150,3,0.275,1,approved,0.0,0
6678,71,35485.76,56,4,0.507,0,rejected,,1
6679,20,29705.04,124,3,0.195,0,approved,1.0,1
6680,58,18231.28,46,1,0.277,1,rejected,,0
6681,25,34899.31,87,2,0.135,1,approved,1.0,1
6682,26,44557.44,33,1,0.101,3,rejected,,0
6683,60,23092.06,39,4,0.2,1,rejected,,1
6684,64,41650.0,231,3,0.096,0,approved,1.0,1
6685,22,26352.41,138,4,0.431,1,approved,0.0,0
6686,42,41391.85,22,0,0.343,0,rejected,,0
6687,42,27746.23,135,2,0.239,0,approved,1.0,1
6688,68,32672.08,81,4,0.097,4,rejected,,0
6689,46,28357.8,150,5,0.519,1,rejected,,0
6690,51,12098.24,57,5,0.502,1,rejected,,0
6691,62,101832.96,14,2,0.264,0,approved,1.0,1
6692,42,17222.13,13,7,0.418,0,rejected,,0
6693,51,68293.47,74,2,0.511,2,rejected,,1
6694,67,47986.89,89,2,0.289,3,rejected,,1
6695,63,27954.04,238,3,0.505,1,approved,1.0,1
6696,47,23373.47,232,3,0.479,0,approved,1.0,1
6697,22,22105.52,52,5,0.175,1,approved,0.0,0
6698,28,50543.13,130,2,0.269,2,approved,1.0,1
6699,65,27122.08,54,4,0.262,2,rejected,,0
6700,43,39860.61,106,2,0.198,4,approved,0.0,0
6701,69,35375.19,182,3,0.64,1,approved,0.0,0
6702,68,47047.1,159,1,0.166,0,approved,0.0,0
6703,26,51644.25,239,4,0.261,1,approved,1.0,1
6704,39,76451.13,24,4,0.231,1,approved,0.0,0
6705,34,39227.15,177,4,0.222,1,approved,0.0,0
6706,60,41884.0,221,4,0.402,1,approved,1.0,1
6707,73,26721.35,232,6,0.663,1,approved,1.0,1
6708,49,24042.14,195,1,0.519,1,approved,1.0,1
6709,46,26375.4,201,3,0.401,1,approved,0.0,0
6710,30,25448.63,194,1,0.297,0,approved,1.0,1
6711,67,30713.42,42,2,0.146,3,rejected,,0
6712,71,36350.8,215,5,0.316,1,approved,0.0,0
6713,37,67247.93,131,2,0.096,1,approved,0.0,0
6714,60,23531.55,14,1,0.535,2,rejected,,0
6715,18,31513.29,42,5,0.12,1,rejected,,0
6716,44,44158.28,59,6,0.105,1,rejected,,0
6717,57,87960.91,100,2,0.335,1,approved,1.0,1
6718,74,29717.8,49,6,0.15,0,approved,1.0,1
6719,32,51405.02,167,4,0.338,0,approved,0.0,0
6720,74,54844.46,32,2,0.39,0,rejected,,1
6721,34,35787.66,149,4,0.084,0,approved,1.0,1
6722,18,80444.56,85,1,0.551,3,rejected,,0
6723,24,26750.74,209,3,0.399,1,approved,0.0,0
6724,57,76605.1,110,7,0.254,0,approved,1.0,1
6725,72,38009.98,208,4,0.046,1,approved,1.0,1
6726,73,24546.98,129,2,0.395,2,approved,1.0,1
6727,60,45787.77,174,2,0.491,2,approved,1.0,1
6728,33,12641.44,58,3,0.17,1,rejected,,1
6729,26,78216.37,186,3,0.094,1,approved,1.0,1
6730,39,19310.33,115,2,0.51,2,rejected,,1
6731,27,6433.4,137,3,0.473,1,rejected,,0
6732,39,41784.97,86,8,0.329,1,approved,1.0,1
6733,27,18856.94,61,5,0.263,0,rejected,,1
6734,54,60269.63,218,3,0.037,1,approved,1.0,1
6735,42,14415.84,113,2,0.164,1,approved,1.0,1
6736,39,20295.82,32,5,0.24,0,rejected,,1
6737,56,58920.58,94,3,0.284,0,approved,0.0,0
6738,62,36529.39,2,1,0.309,0,rejected,,1
6739,23,77230.82,116,2,0.375,0,approved,1.0,1
6740,49,50586.46,89,2,0.534,1,approved,0.0,0
6741,61,42325.7,18,3,0.251,0,rejected,,1
6742,27,63423.56,229,5,0.353,5,approved,1.0,1
6743,45,20447.25,200,5,0.564,0,rejected,,0
6744,72,15634.09,99,5,0.494,1,rejected,,1
6745,73,36009.97,90,4,0.216,1,approved,0.0,0
6746,48,41019.18,43,2,0.59,2,approved,0.0,0
6747,32,33092.54,156,6,0.392,0,approved,0.0,0
6748,37,31467.73,56,2,0.436,0,approved,1.0,1
6749,41,36443.91,101,4,0.079,1,approved,1.0,1
6750,51,122973.08,197,3,0.146,0,approved,1.0,1
6751,40,70351.11,185,3,0.281,2,approved,0.0,0
6752,68,31009.07,229,6,0.26,0,approved,1.0,1
6753,40,14167.24,106,4,0.361,3,rejected,,0
6754,61,24506.15,138,2,0.406,2,rejected,,0
6755,37,53778.49,178,1,0.38,0,approved,0.0,0
6756,47,30387.41,97,3,0.108,2,approved,1.0,1
6757,48,22039.28,89,3,0.27,0,rejected,,1
6758,43,17970.74,6,0,0.109,3,rejected,,0
6759,33,31181.75,23,3,0.082,1,approved,1.0,1
6760,33,35146.48,71,5,0.511,0,approved,0.0,0
6761,33,64668.47,88,3,0.113,1,approved,0.0,0
6762,62,62241.19,54,2,0.162,0,approved,1.0,1
6763,43,39263.03,168,1,0.387,3,approved,0.0,0
6764,49,68243.41,177,3,0.387,3,approved,0.0,0
6765,42,9870.15,82,6,0.149,1,rejected,,0
6766,55,44077.92,41,1,0.188,0,approved,1.0,1
6767,43,34330.68,123,4,0.413,3,approved,0.0,0
6768,57,26909.43,170,1,0.191,1,approved,1.0,1
6769,22,95669.59,48,2,0.108,1,approved,1.0,1
6770,68,36335.05,155,3,0.284,1,approved,1.0,1
6771,27,14644.43,177,2,0.484,2,approved,0.0,0
6772,69,24748.13,208,4,0.387,1,approved,1.0,1
6773,66,59169.1,198,5,0.203,3,approved,1.0,1
6774,47,38980.54,227,3,0.183,3,approved,1.0,1
6775,65,54927.56,55,5,0.365,4,rejected,,1
6776,63,16164.72,30,2,0.073,0,approved,0.0,0
6777,33,21441.02,55,1,0.372,0,rejected,,1
6778,19,35480.42,97,3,0.256,0,approved,1.0,1
6779,39,32182.52,169,2,0.156,0,approved,0.0,0
6780,63,81994.96,5,1,0.233,0,rejected,,1
6781,55,44457.92,199,1,0.307,1,approved,1.0,1
6782,39,43598.56,227,6,0.62,1,approved,0.0,0
6783,51,37155.19,200,1,0.304,0,approved,1.0,1
6784,23,23688.34,176,7,0.347,1,approved,1.0,1
6785,27,12094.07,103,5,0.536,0,approved,0.0,0
6786,39,24423.76,92,3,0.231,1,rejected,,1
6787,68,39504.39,211,2,0.079,3,approved,1.0,1
6788,58,16635.81,230,6,0.162,0,approved,1.0,1
6789,69,55591.0,218,0,0.041,1,approved,0.0,0
6790,60,55703.92,220,3,0.346,1,approved,1.0,1
6791,20,53199.24,155,2,0.33,1,approved,0.0,0
6792,36,28480.92,5,3,0.241,2,rejected,,0
6793,35,20187.9,146,6,0.164,0,approved,1.0,1
6794,29,68794.11,171,3,0.048,0,approved,1.0,1
6795,68,32174.97,7,3,0.158,1,rejected,,1
6796,41,63437.96,7,2,0.249,0,approved,0.0,0
6797,64,66788.84,230,2,0.147,2,approved,1.0,1
6798,63,29172.83,229,4,0.357,2,approved,1.0,1
6799,34,33566.91,144,8,0.159,2,approved,0.0,0
6800,29,65641.15,207,5,0.221,0,approved,1.0,1
6801,61,31101.5,5,3,0.311,2,rejected,,0
6802,35,42659.81,45,5,0.166,2,rejected,,0
6803,23,26743.94,225,4,0.085,1,approved,1.0,1
6804,31,23026.6,225,2,0.291,0,approved,1.0,1
6805,46,47212.55,226,2,0.191,2,approved,1.0,1
6806,19,32506.11,195,5,0.357,0,approved,1.0,1
6807,41,16113.54,18,1,0.455,1,rejected,,0
6808,72,75885.51,77,4,0.092,1,approved,1.0,1
6809,67,33802.99,173,1,0.466,2,approved,0.0,0
6810,31,19628.79,149,2,0.347,1,approved,1.0,1
6811,19,33856.35,69,7,0.455,2,rejected,,0
6812,25,25550.95,215,1,0.157,1,approved,1.0,1
6813,72,32089.73,115,3,0.172,1,approved,1.0,1
6814,56,59045.33,15,3,0.295,2,rejected,,1
6815,47,80153.23,177,1,0.1,2,approved,1.0,1
6816,71,39772.02,149,4,0.184,3,approved,1.0,1
6817,72,26858.51,179,4,0.16,1,approved,1.0,1
6818,45,30107.56,2,1,0.344,1,rejected,,0
6819,49,38907.52,235,5,0.301,1,approved,1.0,1
6820,33,40388.25,206,2,0.377,0,approved,1.0,1
6821,72,31421.96,178,5,0.098,0,approved,1.0,1
6822,20,58947.6,128,5,0.477,2,approved,1.0,1
6823,32,29923.1,195,5,0.352,0,approved,0.0,0
6824,60,48129.77,205,5,0.447,1,approved,0.0,0
6825,24,42151.43,46,2,0.571,3,rejected,,1
6826,27,194778.46,88,6,0.397,0,approved,1.0,1
6827,61,42548.91,179,1,0.468,1,approved,0.0,0
6828,35,34923.9,53,9,0.121,0,approved,0.0,0
6829,38,39646.64,54,3,0.374,1,rejected,,1
6830,33,53274.64,32,3,0.233,2,approved,0.0,0
6831,73,44071.82,33,3,0.479,2,rejected,,0
6832,38,37961.95,109,1,0.267,0,approved,1.0,1
6833,58,24118.34,76,2,0.179,0,approved,1.0,1
6834,46,35999.49,54,4,0.226,0,rejected,,0
6835,18,40292.68,175,3,0.544,2,approved,1.0,1
6836,29,38621.43,26,2,0.39,0,rejected,,0
6837,61,36878.65,153,4,0.067,2,approved,1.0,1
6838,24,34386.82,47,2,0.42,0,rejected,,0
6839,22,36757.11,88,0,0.047,1,approved,1.0,1
6840,32,40291.85,117,4,0.406,0,approved,0.0,0
6841,44,14956.89,10,3,0.217,0,approved,1.0,1
6842,42,18737.62,123,2,0.121,2,rejected,,0
6843,20,44831.74,46,4,0.122,1,approved,1.0,1
6844,74,34318.18,9,1,0.254,2,rejected,,0
6845,30,51546.1,118,1,0.314,1,approved,1.0,1
6846,39,37944.44,160,5,0.092,0,approved,1.0,1
6847,74,34326.47,158,2,0.409,1,approved,0.0,0
6848,64,30583.82,228,2,0.366,0,approved,0.0,0
6849,64,22494.84,80,1,0.404,0,rejected,,1
6850,28,26787.52,205,5,0.146,2,approved,1.0,1
6851,60,61017.89,35,3,0.298,1,approved,0.0,0
6852,29,29617.65,75,1,0.236,3,approved,1.0,1
6853,30,49345.2,40,5,0.483,0,approved,1.0,1
6854,50,72721.45,100,8,0.114,1,approved,1.0,1
6855,40,116112.64,161,3,0.101,1,approved,1.0,1
6856,27,12719.17,52,2,0.477,0,rejected,,1
6857,63,102939.86,105,5,0.387,4,rejected,,0
6858,19,32428.5,62,4,0.135,0,approved,1.0,1
6859,62,23057.42,163,5,0.291,1,rejected,,1
6860,56,55527.91,142,0,0.09,3,approved,1.0,1
6861,61,37805.34,53,4,0.138,2,approved,0.0,0
6862,64,23648.46,104,3,0.218,2,approved,1.0,1
6863,31,61332.22,175,4,0.369,0,approved,1.0,1
6864,18,47780.73,156,5,0.247,0,approved,1.0,1
6865,54,48216.47,52,3,0.135,2,approved,0.0,0
6866,38,87514.37,67,2,0.158,0,approved,1.0,1
6867,43,61964.2,151,4,0.218,2,approved,0.0,0
6868,45,47271.69,167,2,0.385,0,approved,1.0,1
6869,74,31270.51,232,2,0.051,2,approved,1.0,1
6870,27,52603.03,110,3,0.163,2,approved,1.0,1
6871,31,35881.04,13,3,0.34,0,rejected,,0
6872,25,82184.6,78,4,0.533,2,rejected,,0
6873,67,13763.14,95,5,0.215,0,approved,1.0,1
6874,57,16381.27,238,2,0.038,0,approved,1.0,1
6875,49,39037.96,74,3,0.042,0,approved,1.0,1
6876,71,35087.57,112,2,0.503,1,rejected,,0
6877,55,33550.62,4,2,0.471,0,rejected,,0
6878,58,28843.56,12,6,0.391,0,rejected,,0
6879,33,100013.65,6,5,0.514,1,approved,1.0,1
6880,37,41867.85,239,7,0.095,2,approved,1.0,1
6881,44,32648.35,10,2,0.254,2,rejected,,0
6882,29,23662.07,154,0,0.099,1,approved,1.0,1
6883,40,45275.65,235,3,0.416,2,approved,1.0,1
6884,43,40941.58,72,4,0.086,2,approved,0.0,0
6885,40,35641.4,34,0,0.195,2,rejected,,1
6886,37,33012.28,3,2,0.64,0,approved,1.0,1
6887,57,86427.39,220,2,0.377,1,approved,1.0,1
6888,41,43988.76,74,4,0.168,0,approved,1.0,1
6889,49,33800.51,203,4,0.205,4,approved,0.0,0
6890,54,37779.74,17,3,0.322,3,rejected,,0
6891,48,33409.49,220,4,0.325,0,approved,1.0,1
6892,53,65285.39,60,4,0.043,1,rejected,,1
6893,26,35153.34,187,2,0.293,2,approved,1.0,1
6894,29,45011.11,126,6,0.668,2,rejected,,1
6895,20,32679.81,69,2,0.287,0,approved,0.0,0
6896,68,57288.61,14,6,0.386,0,rejected,,1
6897,66,9350.08,97,3,0.11,0,approved,1.0,1
6898,25,71827.69,141,5,0.19,1,approved,1.0,1
6899,67,20070.86,214,1,0.223,0,approved,0.0,0
6900,43,34671.96,172,3,0.289,1,approved,1.0,1
6901,72,89917.95,176,3,0.137,1,approved,1.0,1
6902,40,10192.17,165,3,0.064,2,approved,1.0,1
6903,54,31629.96,159,4,0.21,1,approved,1.0,1
6904,46,66410.11,58,3,0.26,1,approved,1.0,1
6905,37,39229.55,195,5,0.481,3,approved,0.0,0
6906,19,58168.49,51,1,0.346,3,rejected,,1
6907,45,41768.46,59,2,0.193,1,rejected,,0
6908,49,71659.28,209,4,0.243,1,approved,0.0,0
6909,47,74844.36,154,3,0.073,1,approved,1.0,1
6910,47,30632.65,191,3,0.471,2,approved,0.0,0
6911,70,32716.71,220,6,0.557,1,approved,0.0,0
6912,32,14182.63,213,1,0.684,4,rejected,,0
6913,20,35505.95,23,2,0.211,2,rejected,,0
6914,44,38761.54,205,1,0.128,0,approved,0.0,0
6915,22,31278.83,206,5,0.232,1,approved,0.0,0
6916,50,35579.75,200,4,0.597,1,approved,0.0,0
6917,22,35273.72,96,7,0.163,2,approved,0.0,0
6918,66,34943.01,88,1,0.179,0,approved,1.0,1
6919,28,21788.8,31,2,0.209,0,rejected,,1
6920,54,19527.07,177,2,0.168,2,approved,0.0,0
6921,25,33087.49,178,5,0.39,1,approved,1.0,1
6922,37,41675.68,104,1,0.266,1,approved,1.0,1
6923,18,16185.86,162,6,0.529,2,rejected,,0
6924,59,35186.38,6,2,0.503,2,rejected,,1
6925,60,44121.05,223,4,0.222,2,approved,1.0,1
6926,55,48549.32,6,1,0.25,1,approved,0.0,0
6927,71,57026.22,90,2,0.081,1,approved,1.0,1
6928,62,25652.66,199,3,0.464,1,approved,1.0,1
6929,64,31540.72,108,3,0.096,1,rejected,,0
6930,57,31949.19,232,2,0.043,0,approved,1.0,1
6931,65,104115.83,73,6,0.395,1,approved,1.0,1
6932,29,19413.02,113,2,0.233,2,approved,0.0,0
6933,32,31231.63,59,2,0.162,1,approved,0.0,0
6934,33,59266.51,25,3,0.224,0,approved,0.0,0
6935,66,10810.4,25,4,0.348,1,rejected,,0
6936,69,36030.91,43,2,0.465,0,rejected,,1
6937,50,21692.78,132,2,0.287,2,rejected,,1
6938,21,67362.93,1,5,0.199,3,rejected,,0
6939,64,68718.25,127,4,0.598,3,rejected,,0
6940,65,8473.99,5,1,0.178,3,rejected,,0
6941,25,28220.28,46,4,0.064,1,rejected,,1
6942,56,46153.14,15,0,0.15,0,approved,0.0,0
6943,60,69814.01,24,2,0.217,1,approved,1.0,1
6944,70,29279.44,152,2,0.195,0,approved,1.0,1
6945,66,45589.13,134,3,0.403,1,approved,1.0,1
6946,20,137795.16,25,3,0.363,1,approved,1.0,1
6947,21,43433.7,158,5,0.141,3,approved,0.0,0
6948,36,14734.12,184,1,0.241,2,rejected,,0
6949,73,58269.96,95,3,0.232,1,approved,1.0,1
6950,68,13903.14,94,2,0.059,0,approved,0.0,0
6951,67,32733.54,198,3,0.121,1,approved,1.0,1
6952,45,69895.1,219,1,0.288,1,approved,1.0,1
6953,73,103604.33,141,0,0.093,1,approved,1.0,1
6954,27,54114.05,141,0,0.082,0,approved,1.0,1
6955,60,21053.33,184,4,0.542,0,approved,1.0,1
6956,65,61982.59,229,4,0.453,1,approved,0.0,0
6957,65,35387.01,101,5,0.388,2,rejected,,0
6958,41,29232.61,233,6,0.711,1,rejected,,1
6959,38,23065.38,222,6,0.033,0,approved,0.0,0
6960,51,45155.2,203,0,0.294,0,approved,1.0,1
6961,26,32467.31,87,4,0.685,0,rejected,,1
6962,24,90145.82,143,3,0.197,0,approved,1.0,1
6963,40,109678.8,184,2,0.141,0,approved,1.0,1
6964,63,32940.68,180,1,0.138,0,approved,1.0,1
6965,74,27092.52,6,2,0.116,2,rejected,,0
6966,30,49796.84,115,4,0.18,1,approved,1.0,1
6967,68,29133.3,162,1,0.725,2,approved,1.0,1
6968,38,52632.42,192,0,0.443,1,approved,1.0,1
6969,72,35178.03,54,0,0.189,3,rejected,,0
6970,34,17770.71,165,5,0.374,1,approved,1.0,1
6971,68,57955.95,152,6,0.312,0,approved,1.0,1
6972,68,16215.41,188,1,0.244,1,approved,1.0,1
6973,58,79127.79,202,0,0.238,1,approved,1.0,1
6974,41,19285.31,51,8,0.345,1,rejected,,0
6975,48,22556.79,11,2,0.436,1,rejected,,1
6976,46,64801.99,176,3,0.174,1,approved,1.0,1
6977,23,23439.62,132,2,0.248,1,rejected,,1
6978,74,40803.11,29,3,0.288,1,rejected,,1
6979,39,37526.92,19,5,0.38,2,rejected,,0
6980,34,47302.18,85,4,0.142,3,rejected,,1
6981,49,64682.76,133,3,0.359,0,approved,0.0,0
6982,67,31676.82,189,4,0.237,1,approved,0.0,0
6983,38,13824.92,89,3,0.308,2,rejected,,0
6984,68,17944.17,212,3,0.065,0,approved,1.0,1
6985,18,26503.4,210,5,0.414,1,approved,0.0,0
6986,72,55712.15,20,7,0.231,1,rejected,,1
6987,54,30945.59,100,1,0.253,0,approved,0.0,0
6988,46,15612.12,213,2,0.474,1,approved,1.0,1
6989,53,26446.12,46,2,0.142,1,approved,1.0,1
6990,47,36156.7,25,1,0.15,0,rejected,,0
6991,35,32360.98,35,5,0.299,1,rejected,,1
6992,41,26728.74,99,5,0.539,2,rejected,,0
6993,47,31610.32,1,1,0.029,0,approved,1.0,1
6994,44,17759.86,20,2,0.264,3,rejected,,1
6995,49,31865.58,88,4,0.119,1,approved,0.0,0
6996,74,15171.07,195,4,0.361,0,approved,1.0,1
6997,30,44116.46,44,3,0.235,0,approved,0.0,0
6998,28,32555.19,173,0,0.426,1,approved,1.0,1
6999,26,60952.38,180,3,0.134,0,approved,1.0,1
7000,50,34125.37,190,5,0.623,1,approved,0.0,0
